file_source,final_score,p1_green1,p1_green2,p1_green3,p1_green4,p1_green5,p1_yellow1,p1_yellow2,p1_yellow3,p1_yellow4,p1_yellow5,p1_white1,p1_white2,p1_white3,p1_white4,p1_white5,p1_blue1,p1_blue2,p1_blue3,p1_blue4,p1_blue5,p1_red1,p1_red2,p1_red3,p1_red4,p1_red5,p2_green1,p2_green2,p2_green3,p2_green4,p2_green5,p2_yellow1,p2_yellow2,p2_yellow3,p2_yellow4,p2_yellow5,p2_white1,p2_white2,p2_white3,p2_white4,p2_white5,p2_blue1,p2_blue2,p2_blue3,p2_blue4,p2_blue5,p2_red1,p2_red2,p2_red3,p2_red4,p2_red5,p1_1_count,p1_2_count,p1_3_count,p1_4_count,p1_5_count,p1_hand_sum,p1_avg_value,p2_1_count,p2_2_count,p2_3_count,p2_4_count,p2_5_count,p2_hand_sum,p2_avg_value,id, ai, deck, score, time, first,ai,deck,score,age,boardgameexp,gamer,hanabiexp,recent,maxscore,intention,skill,like,publish
game003d9bcb9d27dacf.log,15,1,0,0,0,0,1,1,0,0,0,0,0,0,0,0,0,0,0,0,1,1,0,0,0,0,0,0,0,1,0,0,0,0,0,0,1,1,0,0,0,0,0,0,0,0,1,0,0,1,0,3,1,0,0,1,10,2.0,2,1,0,2,0,12,2.4,bcbbc9bc2cd7369f, intentional,3,18,1490488725.0, yes, intentional,3,18, 30s, 4, yes, 4, 4, 4, 2, 2, 2, yes
game0073425f0b25520f.log,17,1,0,0,0,0,0,0,0,0,0,0,0,0,1,0,0,0,1,1,0,0,0,0,1,0,1,0,0,0,0,1,1,0,0,0,1,1,0,0,0,0,0,0,0,0,0,0,0,0,0,1,0,1,3,0,16,3.2,3,2,0,0,0,7,1.4,19dbddedf07994e2, full,9813,5,1489965568.0, no, outer,3,8, 30s, 4, yes, 4, 4, 4, 5, 3, 3, yes
game007c0324e3f7b88a.log,19,0,0,0,2,0,1,0,0,0,0,1,0,0,0,0,0,0,0,0,0,0,1,0,0,0,0,1,0,0,0,0,0,0,0,0,1,0,0,1,0,0,1,0,0,0,0,0,1,0,0,2,1,0,2,0,12,2.4,1,2,1,1,0,12,2.4,ca0922b34e670338, full,1965,20,1491854972.0, no, outer,1,13, 40s, 4, yes, 3, 4, 2, 3, 3, 3, yes
game007e20cb959b48fa.log,12,1,1,0,0,0,0,0,0,0,0,0,0,0,0,0,0,0,1,0,0,0,0,0,1,1,0,0,0,1,0,0,0,1,0,0,0,0,0,0,0,2,0,0,1,0,0,0,0,0,0,1,1,1,1,1,15,3.0,2,0,1,2,0,13,2.6,cfae3ca2f65f0b94, full,1335,5,1490366434.0, no, intentional,1,15, , , , , , , , , , yes
game00dcc5b032e51393.log,16,0,0,1,1,0,0,1,0,0,0,0,0,0,1,0,0,0,0,0,0,1,0,0,0,0,0,0,0,0,0,1,0,0,0,0,0,0,0,1,1,0,0,1,0,0,0,1,0,0,0,1,1,1,2,0,14,2.8,1,1,1,1,1,15,3.0,ca0922b34e670338, full,2986,18,1492705221.0, no, outer,1,13, 40s, 4, yes, 3, 4, 2, 3, 3, 3, yes
game00e42a49431d279b.log,15,1,0,0,0,0,0,0,0,1,0,1,0,0,0,0,0,0,0,0,0,0,1,0,1,0,0,0,0,1,0,0,0,0,0,1,0,0,0,0,1,0,0,0,0,0,1,0,0,1,0,2,1,0,2,0,12,2.4,1,0,0,2,2,19,3.8,19dbddedf07994e2, full,4527,23,1490723670.0, no, outer,3,8, 30s, 4, yes, 4, 4, 4, 5, 3, 3, yes
game01443b8574046d43.log,17,0,2,0,0,1,0,0,0,0,0,0,0,0,0,0,0,0,0,1,0,1,0,0,0,0,0,0,0,1,0,0,0,0,1,0,0,1,1,0,0,0,0,0,0,1,0,0,0,0,0,1,2,0,1,1,14,2.8,0,1,1,2,1,18,3.6,19dbddedf07994e2, outer,7906,1,1489706319.0, no, outer,3,8, 30s, 4, yes, 4, 4, 4, 5, 3, 3, yes
game0177cb21423c3efb.log,18,1,0,0,1,0,0,0,0,1,0,0,1,0,0,0,0,0,0,0,0,1,0,0,0,0,0,0,0,0,0,0,0,2,0,0,0,0,0,1,0,0,1,1,0,0,0,0,0,0,0,2,1,0,2,0,12,2.4,0,1,3,1,0,15,3.0,2119fe68a204e42a, intentional,6053,21,1490304171.0, no, outer,2,4, 20s, 4, yes, 4, 4, 4, 3, 2, 4, yes
game01798040f8469e9d.log,18,2,0,0,0,1,0,0,0,0,0,0,0,0,0,0,1,0,0,1,0,0,0,0,0,0,0,0,0,0,0,0,0,0,0,1,1,0,0,0,1,1,0,0,1,0,0,0,0,0,0,3,0,0,1,1,12,2.4,2,0,0,1,2,16,3.2,19dbddedf07994e2, full,830,14,1489830238.0, no, outer,3,8, 30s, 4, yes, 4, 4, 4, 5, 3, 3, yes
game01a5c7c849fcd2e9.log,16,0,0,0,0,0,0,0,1,1,0,1,0,0,0,0,0,0,1,0,0,0,0,1,0,0,1,0,0,0,0,0,0,0,0,0,0,0,0,0,0,0,0,1,1,1,0,0,0,1,0,1,0,3,1,0,14,2.8,1,0,1,2,1,17,3.4,ca0922b34e670338, intentional,1839,10,1492552413.0, no, outer,1,13, 40s, 4, yes, 3, 4, 2, 3, 3, 3, yes
game01a7c4e5b3dafb92.log,18,0,0,0,0,0,0,0,0,0,0,1,0,0,1,0,0,1,0,0,0,1,1,0,0,0,0,0,0,0,0,0,0,1,1,0,0,1,0,1,0,0,0,0,0,0,0,0,0,1,0,2,2,0,1,0,10,2.0,0,1,1,3,0,17,3.4,1b17ab93ed1184b4, full,3521,18,1491707020.0, no, full,3,8, 40s, 4, yes, 2, 2, 1, 4, 4, 3, yes
game01b3405ff5865382.log,21,1,0,0,0,1,1,0,0,0,0,0,0,0,1,0,0,1,0,0,0,0,0,0,0,0,0,0,0,0,0,0,1,1,0,0,0,1,1,0,0,0,0,0,0,1,0,0,0,0,0,2,1,0,1,1,13,2.6,0,2,2,0,1,15,3.0,19dbddedf07994e2, full,6386,20,1489922123.0, no, outer,3,8, 30s, 4, yes, 4, 4, 4, 5, 3, 3, yes
game01b409dccb0185d4.log,12,0,0,1,0,0,0,1,1,0,0,0,1,0,0,0,1,0,0,0,0,0,0,0,0,0,1,0,0,0,0,1,0,0,0,0,1,0,0,0,0,0,0,0,1,0,0,0,0,0,1,1,2,2,0,0,11,2.2,3,0,0,1,1,12,2.4,19dbddedf07994e2, outer,5411,9,1489703802.0, no, outer,3,8, 30s, 4, yes, 4, 4, 4, 5, 3, 3, yes
game020385f10ef15078.log,15,0,0,1,0,0,0,0,0,0,0,0,0,0,1,0,0,0,0,0,0,2,0,1,0,0,0,1,0,0,0,2,0,0,0,0,1,0,0,0,0,0,0,0,0,0,0,1,0,0,0,2,0,2,1,0,12,2.4,3,2,0,0,0,7,1.4,19dbddedf07994e2, outer,6247,7,1489699389.0, no, outer,3,8, 30s, 4, yes, 4, 4, 4, 5, 3, 3, yes
game02187dc3b658fc27.log,17,0,1,0,0,0,0,0,0,0,0,0,0,1,0,0,0,1,0,1,0,0,0,0,1,0,0,0,0,0,1,1,0,0,0,0,0,0,1,0,0,0,0,0,1,0,0,0,1,0,0,0,2,1,2,0,15,3.0,1,0,2,1,1,16,3.2,80b582ddeb40b2ce, outer,184,2,1490323964.0, no, intentional,1,18, 20s, 4, yes, 3, 4, 3, 2, 1, 1, yes
game0244de88234b16be.log,14,1,0,1,1,0,0,1,0,0,0,0,0,1,0,0,0,0,0,0,0,0,0,0,0,0,0,0,0,0,0,0,0,1,0,0,0,0,0,1,0,0,0,1,1,0,1,0,0,0,0,1,1,2,1,0,13,2.6,1,0,2,2,0,15,3.0,19dbddedf07994e2, outer,7665,4,1490289474.0, no, outer,3,8, 30s, 4, yes, 4, 4, 4, 5, 3, 3, yes
game024b86a91bebca08.log,15,0,0,0,0,0,1,0,0,0,0,1,0,0,0,0,1,0,0,0,0,1,1,0,0,0,1,0,0,1,0,0,0,1,0,0,0,0,1,0,0,0,0,0,0,0,1,0,0,0,0,4,1,0,0,0,6,1.2,2,0,2,1,0,12,2.4,2af874d749a75ec8, outer,4310,13,1490308142.0, no, outer,3,5, 20s, 4, yes, 1, 1, 1, 3, 2, 2, yes
game024d878a35a8ab7d.log,8,1,0,0,0,0,0,0,0,0,1,0,1,0,0,0,0,0,0,0,0,0,1,0,0,1,1,1,0,0,0,0,1,0,1,0,0,0,0,0,0,0,1,0,0,0,0,0,0,0,0,1,2,0,0,2,15,3.0,1,3,0,1,0,11,2.2,19dbddedf07994e2, full,5094,22,1489827017.0, no, outer,3,8, 30s, 4, yes, 4, 4, 4, 5, 3, 3, yes
game025e61955004c8eb.log,7,0,0,1,0,0,1,1,0,0,0,0,0,0,0,0,0,1,0,0,0,1,0,0,0,0,0,0,0,0,0,1,0,0,0,0,1,0,1,0,0,1,0,0,0,0,0,0,0,1,0,2,2,1,0,0,9,1.8,3,0,1,1,0,10,2.0,ca0922b34e670338, full,7604,8,1492713932.0, no, outer,1,13, 40s, 4, yes, 3, 4, 2, 3, 3, 3, yes
game026370a0fc31e01d.log,19,1,0,0,0,1,0,1,0,1,0,0,0,0,1,0,0,0,0,0,0,0,0,0,0,0,0,1,0,0,0,1,0,0,0,0,0,1,0,0,0,0,0,0,0,0,0,1,0,1,0,1,1,0,2,1,16,3.2,1,3,0,1,0,11,2.2,1813592b65bc5438, full,1,9,1490489173.0, yes, full,1,9, 30s, 4, yes, 4, 4, 4, 2, 1, 1, yes
game02dfebf6d68402b8.log,12,0,0,0,0,0,0,0,0,0,0,0,0,1,0,0,1,0,0,0,0,1,1,0,0,1,1,0,0,1,0,0,1,0,0,0,0,0,0,0,0,1,1,0,0,0,0,0,0,0,0,2,1,1,0,1,12,2.4,2,2,0,1,0,10,2.0,ca0922b34e670338, outer,9238,10,1492566020.0, no, outer,1,13, 40s, 4, yes, 3, 4, 2, 3, 3, 3, yes
game02f3ba7d5c00dc61.log,11,0,0,0,2,0,0,0,1,0,0,1,0,0,0,0,0,0,1,0,0,0,0,0,0,0,0,0,0,0,0,0,0,0,0,0,1,0,0,1,0,1,0,0,0,0,1,0,1,0,0,1,0,2,2,0,15,3.0,3,0,1,1,0,10,2.0,ca0922b34e670338, outer,1688,14,1492590369.0, no, outer,1,13, 40s, 4, yes, 3, 4, 2, 3, 3, 3, yes
game03152df0cab585ac.log,10,0,0,0,1,0,0,0,0,0,0,0,0,0,0,0,1,1,1,0,1,0,0,0,0,0,1,0,0,0,0,0,0,0,1,0,1,0,0,0,0,0,0,0,0,0,1,1,0,0,0,1,1,1,1,1,15,3.0,3,1,0,1,0,9,1.8,19dbddedf07994e2, intentional,3065,1,1489966217.0, no, outer,3,8, 30s, 4, yes, 4, 4, 4, 5, 3, 3, yes
game0336f0a939c19cc1.log,19,1,0,0,0,0,0,0,0,0,0,0,0,0,0,0,1,2,0,0,0,1,0,0,0,0,0,0,0,0,0,1,0,0,0,0,0,1,0,0,0,0,0,0,1,0,0,1,0,0,1,3,2,0,0,0,7,1.4,1,2,0,1,1,14,2.8,e5bf83d96f9751cf, outer,1613,5,1490442917.0, no, full,5,16, , , , , , , 2, 2, 2, yes
game0352bbf84e5f7c57.log,11,0,0,0,0,0,1,0,0,0,0,0,0,2,0,0,0,1,0,0,0,0,0,1,0,0,0,1,1,0,0,0,0,0,1,0,0,0,0,0,0,0,0,1,0,0,0,1,0,0,0,1,1,3,0,0,12,2.4,0,2,2,1,0,14,2.8,c03bd0cac4c60891, intentional,3,16,1492709752.0, yes, intentional,3,16, , 3, no, 1, 1, 2, 5, 3, 4, yes
game036750ca513aea44.log,16,1,0,0,0,0,1,0,0,0,0,1,0,0,0,0,0,0,1,0,1,0,0,0,0,0,0,0,0,0,0,0,0,0,0,0,0,1,1,1,0,1,0,0,0,0,0,1,0,0,0,3,0,1,0,1,11,2.2,1,2,1,1,0,12,2.4,ca0922b34e670338, outer,3832,6,1491799052.0, no, outer,1,13, 40s, 4, yes, 3, 4, 2, 3, 3, 3, yes
game03b1f5619815344d.log,4,0,0,0,0,0,1,0,0,0,0,2,0,1,0,0,0,0,0,0,0,0,1,0,0,0,0,1,1,0,0,0,0,0,1,0,0,0,0,0,0,0,1,0,0,0,0,0,1,0,0,3,1,1,0,0,8,1.6,0,2,2,1,0,14,2.8,ca0922b34e670338, intentional,4195,15,1492715036.0, no, outer,1,13, 40s, 4, yes, 3, 4, 2, 3, 3, 3, yes
game03f8402b8e298ac4.log,19,1,1,0,0,0,0,1,0,0,0,0,0,0,1,0,0,0,0,0,0,0,0,0,1,0,0,0,1,0,0,0,0,0,0,1,0,0,1,0,0,1,0,0,0,0,0,0,1,0,0,1,2,0,2,0,13,2.6,1,0,3,0,1,15,3.0,1b17ab93ed1184b4, intentional,9928,11,1491682032.0, no, full,3,8, 40s, 4, yes, 2, 2, 1, 4, 4, 3, yes
game03fcfc105789063a.log,16,0,0,0,0,0,0,1,0,0,0,0,0,1,0,1,0,0,0,0,0,1,0,0,1,0,0,0,0,0,1,1,0,0,1,0,0,0,0,0,0,0,0,0,0,0,1,1,0,0,0,1,1,1,1,1,15,3.0,2,1,0,1,1,13,2.6,80b582ddeb40b2ce, intentional,1,18,1490317942.0, yes, intentional,1,18, 20s, 4, yes, 3, 4, 3, 2, 1, 1, yes
game0402d6e2157518c7.log,24,0,0,1,0,0,0,0,0,0,0,0,1,1,0,0,0,0,0,1,0,1,0,0,0,0,0,0,1,2,0,0,0,1,0,0,0,0,0,0,0,0,0,0,0,0,1,0,0,0,0,1,1,2,1,0,13,2.6,1,0,2,2,0,15,3.0,ca0922b34e670338, full,40,15,1491751379.0, no, outer,1,13, 40s, 4, yes, 3, 4, 2, 3, 3, 3, yes
game04121bbf4f535778.log,15,1,0,0,0,0,0,0,0,0,0,0,0,0,1,0,0,1,0,0,0,0,0,0,2,0,0,0,0,0,0,0,1,0,0,0,1,0,0,0,0,2,0,0,0,0,0,1,0,0,0,1,1,0,3,0,15,3.0,3,2,0,0,0,7,1.4,efd7f700f9a36398, full,2,4,1492105585.0, yes, full,2,4, 20s, 3, no, 1, 1, 1, 3, , 2, yes
game0422188edb7021b2.log,16,0,1,0,0,0,1,0,0,1,0,0,0,0,0,0,1,0,0,0,1,0,0,0,0,0,1,0,0,0,0,0,0,1,0,0,0,0,0,1,0,0,0,0,0,0,0,0,1,1,0,2,1,0,1,1,13,2.6,1,0,2,2,0,15,3.0,ca0922b34e670338, intentional,8435,17,1491784885.0, no, outer,1,13, 40s, 4, yes, 3, 4, 2, 3, 3, 3, yes
game04396097cd5b8499.log,19,1,1,0,0,0,0,0,0,0,0,0,0,0,0,0,1,0,0,0,0,0,1,1,0,0,0,0,1,0,0,0,1,0,0,0,1,0,1,0,1,0,0,0,0,0,0,0,0,0,0,2,2,1,0,0,9,1.8,1,1,2,0,1,14,2.8,d2f1c88c0be4a19b, intentional,3023,19,1490127521.0, no, intentional,4,13, 30s, 4, yes, 3, 4, 1, 2, 2, 2, yes
game045e2fc8762a6d18.log,13,0,0,0,0,0,1,0,0,0,0,2,0,0,0,0,0,1,0,1,0,0,0,0,0,0,0,0,1,0,1,1,0,0,0,0,0,0,0,0,0,0,0,0,0,1,0,0,1,0,0,3,1,0,1,0,9,1.8,1,0,2,0,2,17,3.4,ca0922b34e670338, intentional,7306,18,1491767569.0, no, outer,1,13, 40s, 4, yes, 3, 4, 2, 3, 3, 3, yes
game04608cf5c8e00488.log,17,0,0,0,0,0,0,0,0,0,0,0,1,0,1,0,0,1,1,0,0,0,0,0,1,0,0,0,0,1,0,0,0,0,1,0,0,0,0,0,0,0,0,1,0,0,1,0,1,0,0,0,2,1,2,0,15,3.0,1,0,2,2,0,15,3.0,1d9428fe2df1528d, outer,3,5,1490314850.0, yes, outer,3,5, 20s, 4, yes, 3, 4, 4, 3, 2, 1, yes
game0465208f998a600a.log,9,1,0,0,0,0,1,0,1,0,0,1,1,0,0,0,0,0,0,0,0,0,0,0,0,0,0,0,0,0,0,0,0,0,0,0,1,0,0,1,0,0,0,0,0,0,1,0,1,0,1,3,1,1,0,0,8,1.6,2,0,1,1,1,14,2.8,e55525e0b2004294, full,2812,14,1490337024.0, no, intentional,5,19, 20s, 4, yes, 4, 4, 4, 3, 3, 3, yes
game04b7026424a5d1c9.log,21,1,0,0,0,0,1,0,0,0,0,0,0,0,0,0,0,1,0,0,0,0,0,1,0,1,0,1,0,0,0,0,0,0,0,0,0,0,0,1,0,1,1,0,1,0,0,0,0,0,0,2,1,1,0,1,12,2.4,1,2,0,2,0,13,2.6,ca0922b34e670338, intentional,6332,16,1492558850.0, no, outer,1,13, 40s, 4, yes, 3, 4, 2, 3, 3, 3, yes
game04becd7acc75d650.log,3,1,0,0,0,0,0,0,0,1,0,0,0,0,0,0,0,0,0,0,0,2,0,0,0,1,0,0,0,0,0,1,0,2,0,1,0,0,0,0,0,0,0,0,0,1,0,0,0,0,0,3,0,0,1,1,12,2.4,1,0,2,0,2,17,3.4,7a3c06db23768808, full,2995,18,1491251042.0, no, full,4,12, 50s, 3, yes, 3, 4, 1, 3, 2, 3, yes
game04d339ee3d4d6490.log,7,0,0,1,0,0,1,0,1,0,0,0,0,0,0,0,0,0,0,1,1,0,0,0,0,0,0,0,0,0,0,0,0,0,0,0,0,0,1,0,1,2,0,0,0,0,1,0,0,0,0,1,0,2,1,1,16,3.2,3,0,1,0,1,11,2.2,2119fe68a204e42a, intentional,5359,18,1490309621.0, no, outer,2,4, 20s, 4, yes, 4, 4, 4, 3, 2, 4, yes
game04dbfe6aa5019006.log,17,0,0,0,1,0,0,0,0,0,1,0,0,1,0,0,0,0,0,1,0,0,0,0,1,0,0,1,0,0,0,1,0,0,0,0,0,1,0,0,1,0,0,0,0,0,0,0,0,1,0,0,0,1,3,1,20,4.0,1,2,0,1,1,14,2.8,ca0922b34e670338, full,6044,8,1492582071.0, no, outer,1,13, 40s, 4, yes, 3, 4, 2, 3, 3, 3, yes
game04df83b922b260a7.log,16,1,0,0,0,0,1,0,0,1,0,0,0,0,0,0,0,0,0,0,0,2,0,0,0,0,0,0,0,0,0,1,0,0,0,0,1,0,0,0,0,1,1,0,0,0,0,0,0,1,0,4,0,0,1,0,8,1.6,3,1,0,1,0,9,1.8,f2d5139df774f875, full,2041,9,1490308210.0, no, full,1,19, 30s, 3, yes, 2, 3, 2, 3, 2, 2, yes
game04e101e8fc083082.log,11,1,0,1,1,0,0,0,0,0,0,0,0,0,0,0,0,0,0,0,0,0,0,1,1,0,0,0,0,0,1,0,0,0,0,0,0,0,0,1,0,0,1,0,1,0,0,0,0,1,0,1,0,2,2,0,15,3.0,0,1,0,3,1,19,3.8,ca0922b34e670338, outer,7720,16,1492597574.0, no, outer,1,13, 40s, 4, yes, 3, 4, 2, 3, 3, 3, yes
game04ea55977fab0369.log,14,0,0,0,0,1,0,1,1,0,0,0,0,0,0,0,1,0,0,0,0,0,0,0,0,1,1,0,0,1,0,1,0,0,0,0,0,0,1,0,0,0,0,0,0,1,0,0,0,0,0,1,1,1,0,2,16,3.2,2,0,1,1,1,14,2.8,ca0922b34e670338, intentional,8914,17,1492595636.0, no, outer,1,13, 40s, 4, yes, 3, 4, 2, 3, 3, 3, yes
game0507c949f6bccbf2.log,18,0,0,0,0,0,1,1,0,0,1,0,1,0,0,0,0,0,1,0,0,0,0,0,0,0,0,0,0,0,0,0,0,0,1,0,1,0,0,0,0,0,0,1,1,0,0,0,0,1,0,1,2,1,0,1,13,2.6,1,0,1,3,0,16,3.2,ca0922b34e670338, full,3866,16,1492558077.0, no, outer,1,13, 40s, 4, yes, 3, 4, 2, 3, 3, 3, yes
game052c15c0f5b0f53f.log,11,0,0,0,0,0,0,1,0,0,0,0,2,0,0,0,0,1,0,0,0,0,0,1,0,0,0,0,0,1,0,1,0,0,1,0,0,0,0,0,1,0,0,0,0,0,0,1,0,0,0,0,4,1,0,0,11,2.2,1,1,0,2,1,16,3.2,19dbddedf07994e2, outer,3353,0,1489922395.0, no, outer,3,8, 30s, 4, yes, 4, 4, 4, 5, 3, 3, yes
game05793f48e44e030e.log,16,2,0,0,0,1,1,0,0,0,0,0,1,0,0,0,0,0,0,0,0,0,0,0,0,0,1,0,0,0,0,0,0,0,0,0,0,0,0,2,0,1,0,0,0,0,0,1,0,0,0,3,1,0,0,1,10,2.0,2,1,0,2,0,12,2.4,ca0922b34e670338, intentional,7533,17,1492714450.0, no, outer,1,13, 40s, 4, yes, 3, 4, 2, 3, 3, 3, yes
game05b1d0a20e87886f.log,20,0,0,0,1,0,0,1,0,0,0,2,0,0,0,0,1,0,0,0,0,0,0,0,0,0,1,0,0,0,0,0,0,0,1,0,0,0,1,0,0,1,0,0,0,0,0,1,0,0,0,3,1,0,1,0,9,1.8,2,1,1,1,0,11,2.2,f84d104ad34eaf84, intentional,4,8,1490302238.0, yes, intentional,4,8, 20s, 4, yes, 3, 4, 4, 1, 1, 1, yes
game05deedeb297b482b.log,17,0,0,0,0,0,0,2,0,0,0,0,0,1,0,0,0,1,0,0,0,0,0,0,1,0,0,0,0,0,0,0,0,0,0,0,1,0,0,0,1,2,0,0,0,0,0,1,0,0,0,0,3,1,1,0,13,2.6,3,1,0,0,1,10,2.0,0313454f0e513527, outer,2,7,1490323281.0, yes, outer,2,7, , , , , , , 3, 2, 4, yes
game06072d8b4397b8e3.log,21,0,0,0,0,0,0,1,0,0,0,0,0,0,0,0,1,0,0,0,0,1,1,0,0,1,0,0,2,0,1,0,0,0,0,0,0,0,0,1,0,0,0,1,0,0,0,0,0,0,0,2,2,0,0,1,11,2.2,0,0,3,1,1,18,3.6,a992a1fd533fcd43, outer,8777,15,1490802643.0, no, full,4,9, 30s, 4, yes, 4, 4, 3, 5, 1, 2, yes
game06244e7fa07fc558.log,7,2,0,0,0,0,0,0,0,0,0,0,1,0,0,0,1,0,0,0,1,0,0,0,0,0,0,0,1,0,0,2,0,0,0,0,0,0,0,0,1,1,0,0,0,0,0,0,0,0,0,3,1,0,0,1,10,2.0,3,0,1,0,1,11,2.2,7a3c06db23768808, full,5632,21,1491250706.0, no, full,4,12, 50s, 3, yes, 3, 4, 1, 3, 2, 3, yes
game065c951a827a6a29.log,15,0,0,0,0,0,0,0,0,0,0,0,0,1,1,0,0,0,0,0,1,0,0,2,0,0,0,0,0,1,0,0,0,0,0,0,0,0,0,0,0,0,0,2,0,0,0,1,0,1,0,0,0,3,1,1,18,3.6,0,1,2,2,0,16,3.2,ca0922b34e670338, intentional,3125,19,1492711193.0, no, outer,1,13, 40s, 4, yes, 3, 4, 2, 3, 3, 3, yes
game0682ed6ae1824a2a.log,13,0,1,1,1,0,0,0,1,0,0,0,0,0,0,0,0,0,0,0,0,0,1,0,0,0,0,0,0,0,1,1,0,0,0,0,1,0,0,0,0,0,0,0,0,0,1,0,0,0,1,0,2,2,1,0,14,2.8,3,0,0,0,2,13,2.6,19dbddedf07994e2, full,2180,0,1490533332.0, no, outer,3,8, 30s, 4, yes, 4, 4, 4, 5, 3, 3, yes
game06866381adb65440.log,3,0,1,0,0,0,0,0,0,1,0,0,0,0,0,0,1,0,0,0,0,0,0,1,1,0,0,0,1,0,0,0,1,0,0,0,0,1,0,0,0,0,0,1,0,0,0,0,1,0,0,1,1,1,2,0,14,2.8,0,2,3,0,0,13,2.6,e55525e0b2004294, full,2355,20,1490340440.0, no, intentional,5,19, 20s, 4, yes, 4, 4, 4, 3, 3, 3, yes
game06aa61e792a60649.log,9,0,1,1,1,0,0,0,0,0,0,0,0,0,0,0,0,1,0,0,0,1,0,0,0,0,0,0,0,0,0,0,0,0,1,0,0,1,0,0,0,0,0,0,0,0,0,2,1,0,0,1,2,1,1,0,12,2.4,0,3,1,1,0,13,2.6,4884f857be239a22, intentional,6602,14,1489700020.0, no, full,1,18, 20s, 1, no, 1, , 1, 3, 4, 5, yes
game06ccb1165b4e3910.log,6,0,0,0,0,1,1,0,0,0,0,1,1,1,0,0,0,0,0,0,0,0,0,0,0,0,1,0,0,0,0,0,0,1,0,0,0,0,0,1,0,0,0,0,0,1,0,0,1,0,0,2,1,1,0,1,12,2.4,1,0,2,1,1,16,3.2,5d82cb8a155dbd34, full,8410,7,1490303227.0, no, full,5,21, 20s, 4, yes, 3, 4, 3, 4, 5, 5, yes
game06ec2725db98d0d7.log,11,0,0,0,1,0,1,0,0,0,0,0,0,0,1,0,0,0,0,0,0,0,1,0,0,1,0,0,0,0,0,0,0,0,0,0,0,0,1,0,0,1,0,0,1,0,2,0,0,0,0,1,1,0,2,1,16,3.2,3,0,1,1,0,10,2.0,c42b59a695868588, outer,4,18,1490302369.0, yes, outer,4,18, 30s, 4, yes, 3, 3, 2, 4, 1, 1, yes
game06f235fa0d5fe519.log,1,0,0,1,1,0,0,1,0,0,0,0,0,0,0,0,0,0,0,0,0,1,1,0,0,0,0,0,0,0,0,0,0,1,0,1,0,0,1,0,0,0,0,0,1,0,0,0,1,0,0,1,2,1,1,0,12,2.4,0,0,3,1,1,18,3.6,19dbddedf07994e2, intentional,3089,6,1489963690.0, no, outer,3,8, 30s, 4, yes, 4, 4, 4, 5, 3, 3, yes
game06fe4182f7138e90.log,14,1,0,0,0,0,1,0,0,1,0,0,0,0,0,0,0,0,0,0,1,1,0,0,0,0,2,0,0,1,0,0,0,0,0,0,0,0,0,0,0,0,0,1,0,0,0,0,1,0,0,3,0,0,1,1,12,2.4,2,0,2,1,0,12,2.4,ca0922b34e670338, full,5610,15,1492723590.0, no, outer,1,13, 40s, 4, yes, 3, 4, 2, 3, 3, 3, yes
game0723704fc42b7b02.log,18,0,0,1,0,0,0,0,0,0,1,0,0,0,0,0,0,0,0,0,0,1,0,0,2,0,1,0,0,1,0,0,0,0,0,0,0,1,0,0,0,1,0,0,0,0,0,0,0,0,1,1,0,1,2,1,17,3.4,2,1,0,1,1,13,2.6,4884f857be239a22, outer,269,6,1489700666.0, no, full,1,18, 20s, 1, no, 1, , 1, 3, 4, 5, yes
game072f36e22db36a90.log,11,1,0,0,0,0,0,0,0,0,1,0,0,0,2,0,0,0,0,1,0,0,0,0,0,0,0,1,0,0,0,1,0,0,0,0,0,0,0,0,0,1,0,1,0,1,0,0,0,0,0,1,0,0,3,1,18,3.6,2,1,1,0,1,12,2.4,d2f1c88c0be4a19b, outer,3132,8,1490127654.0, no, intentional,4,13, 30s, 4, yes, 3, 4, 1, 2, 2, 2, yes
game07655ce2dffbad6e.log,18,0,0,1,1,1,0,1,0,0,0,1,0,0,0,0,0,0,0,0,0,0,0,0,0,0,1,1,0,0,0,1,0,1,0,0,0,0,0,0,0,0,0,0,0,0,0,0,0,1,0,1,1,1,1,1,15,3.0,2,1,1,1,0,11,2.2,19dbddedf07994e2, intentional,7622,17,1489700845.0, no, outer,3,8, 30s, 4, yes, 4, 4, 4, 5, 3, 3, yes
game0794935cb685621a.log,11,0,1,0,1,0,0,0,1,0,0,0,0,0,0,0,0,1,0,0,0,0,0,1,0,0,1,0,1,0,0,0,0,0,0,0,0,0,0,0,0,1,0,0,0,0,0,1,0,0,1,0,2,2,1,0,14,2.8,2,1,1,0,1,12,2.4,90c7b3288d046c3a, full,8533,14,1492732332.0, no, outer,1,5, 20s, 3, no, 1, 1, 1, 3, 3, 4, yes
game07a95aab32e4a84a.log,8,0,0,0,1,0,0,0,0,0,0,1,0,0,0,0,0,1,0,0,0,1,0,0,0,1,0,0,2,0,0,0,0,0,0,0,0,0,0,0,0,1,0,0,0,0,1,0,1,0,0,2,1,0,1,1,13,2.6,2,0,3,0,0,11,2.2,7f6593400354747f, full,1,14,1490377692.0, yes, full,1,14, 20s, 3, yes, 2, 2, 1, 1, 1, 2, yes
game07bf9f422ce5c4b2.log,7,0,0,1,0,0,0,0,1,0,0,1,0,1,0,0,0,0,0,0,0,0,1,0,0,0,0,0,0,0,0,2,0,0,0,0,0,0,0,0,0,1,0,0,0,1,0,0,1,0,0,1,1,3,0,0,12,2.4,3,0,1,0,1,11,2.2,5f60b9ee05cf73cc, intentional,5181,14,1490318349.0, no, full,2,18, 20s, 4, yes, 3, 3, 1, 4, 4, 4, yes
game07bfb2e176db709b.log,17,0,0,0,0,0,0,0,1,0,0,0,0,1,0,0,0,0,0,0,0,2,1,0,0,0,1,0,0,0,0,0,0,0,0,1,0,1,0,0,0,1,0,0,1,0,0,0,0,0,0,2,1,2,0,0,10,2.0,2,1,0,1,1,13,2.6,19dbddedf07994e2, full,1073,17,1490726376.0, no, outer,3,8, 30s, 4, yes, 4, 4, 4, 5, 3, 3, yes
game07c2d48e40f59787.log,5,0,1,0,1,0,0,0,0,1,0,0,0,0,0,0,1,0,0,1,0,0,0,0,0,0,0,0,0,0,1,0,1,0,0,0,1,0,1,0,0,0,0,0,0,0,1,0,0,0,0,1,1,0,3,0,15,3.0,2,1,1,0,1,12,2.4,e9402a9ba7d42b70, full,2540,19,1490386928.0, no, full,2,17, 40s, 4, yes, 3, 4, 1, 3, 2, 2, yes
game07c69ccb3111baf0.log,16,0,0,0,0,0,1,0,1,0,1,0,1,0,0,0,0,0,0,0,0,0,0,0,1,0,0,0,0,0,0,0,0,0,0,0,0,0,1,0,1,1,0,0,0,1,1,0,0,0,0,1,1,1,1,1,15,3.0,2,0,1,0,2,15,3.0,19dbddedf07994e2, outer,3402,2,1490723281.0, no, outer,3,8, 30s, 4, yes, 4, 4, 4, 5, 3, 3, yes
game07cc16627d3ea404.log,9,0,0,0,1,0,0,0,0,0,0,0,1,0,1,0,1,0,0,0,0,1,0,0,0,0,0,0,0,0,0,0,1,1,1,0,0,0,0,0,0,0,0,0,1,0,0,1,0,0,0,2,1,0,2,0,12,2.4,0,2,1,2,0,15,3.0,ca0922b34e670338, outer,2123,13,1491790120.0, no, outer,1,13, 40s, 4, yes, 3, 4, 2, 3, 3, 3, yes
game080e5b2dddad25ac.log,15,0,0,0,0,0,1,1,0,0,0,0,0,1,0,1,0,0,0,0,0,0,0,0,1,0,0,0,0,0,0,1,0,0,0,0,0,0,0,0,0,0,1,0,2,0,1,0,0,0,0,1,1,1,1,1,15,3.0,2,1,0,2,0,12,2.4,1b17ab93ed1184b4, outer,4510,15,1491689956.0, no, full,3,8, 40s, 4, yes, 2, 2, 1, 4, 4, 3, yes
game082cc1ee81389d88.log,13,0,0,0,1,0,0,0,1,1,0,1,0,0,0,0,0,0,0,0,0,0,0,0,1,0,0,0,0,0,0,0,0,0,0,0,0,0,0,1,0,0,0,1,1,1,1,0,0,0,0,1,0,1,3,0,16,3.2,1,0,1,2,1,17,3.4,92859eb517ad4608, intentional,7628,17,1489884735.0, no, outer,3,8, 20s, 4, yes, 3, 4, 2, 4, 2, 2, yes
game08711263ca6a1121.log,17,1,0,0,0,0,0,0,0,1,0,1,1,0,0,0,0,0,0,0,0,1,0,0,0,0,0,0,0,0,0,1,0,0,0,0,0,0,0,0,0,0,0,1,1,0,1,0,0,1,0,3,1,0,1,0,9,1.8,2,0,1,2,0,13,2.6,19dbddedf07994e2, intentional,1416,5,1490731678.0, no, outer,3,8, 30s, 4, yes, 4, 4, 4, 5, 3, 3, yes
game08c422bc92cf6923.log,13,0,0,0,0,1,0,0,1,0,0,1,0,0,0,0,0,0,0,0,0,0,1,0,0,1,0,0,0,2,0,0,0,1,0,0,0,0,0,0,0,0,0,0,0,0,1,0,1,0,0,1,1,1,0,2,16,3.2,1,0,2,2,0,15,3.0,19dbddedf07994e2, full,1007,9,1489793982.0, no, outer,3,8, 30s, 4, yes, 4, 4, 4, 5, 3, 3, yes
game08d19bca9b79f82d.log,15,1,2,0,0,0,1,0,0,0,0,0,0,1,0,0,0,0,0,0,0,0,0,0,0,0,1,0,0,0,0,0,0,0,1,0,0,0,0,0,0,0,0,0,0,1,0,1,0,1,0,2,2,1,0,0,9,1.8,1,1,0,2,1,16,3.2,ca0922b34e670338, outer,4704,15,1491887794.0, no, outer,1,13, 40s, 4, yes, 3, 4, 2, 3, 3, 3, yes
game08e5ee299390c5d3.log,4,0,0,0,0,0,0,0,0,0,0,1,0,0,1,0,0,0,1,1,0,1,0,0,0,0,0,0,1,1,0,0,0,0,0,0,1,0,0,0,0,0,0,0,0,1,0,0,0,1,0,2,0,1,2,0,13,2.6,1,0,1,2,1,17,3.4,4dfaca0d49a903d7, intentional,3,16,1490541115.0, yes, intentional,3,16, 30s, 4, yes, 2, 2, 2, 5, 4, 4, yes
game08fd0bbfec107269.log,7,0,0,0,0,0,1,1,0,0,0,1,1,0,0,0,0,0,0,0,0,0,0,0,1,0,0,0,0,0,0,0,0,0,0,0,0,0,1,0,0,0,0,0,0,1,2,0,0,0,1,2,2,0,1,0,10,2.0,2,0,1,0,2,15,3.0,e55525e0b2004294, intentional,2128,19,1490340999.0, no, intentional,5,19, 20s, 4, yes, 4, 4, 4, 3, 3, 3, yes
game08feaa7bb8a18523.log,10,0,0,0,0,0,0,1,1,1,1,0,1,0,0,0,0,0,0,0,0,0,0,0,0,0,1,0,0,1,0,1,0,0,0,0,0,0,0,0,0,1,0,0,1,0,0,0,0,0,0,0,2,1,1,1,16,3.2,3,0,0,2,0,11,2.2,2c99b217faca51f8, outer,9209,3,1490125520.0, no, outer,3,10, 20s, 4, yes, 4, 4, 4, 4, 2, 4, yes
game09229adb1aa4efa4.log,8,0,0,0,0,0,1,0,1,1,0,0,0,1,0,0,0,0,0,0,0,0,0,0,1,0,1,0,0,0,0,0,0,0,0,0,1,0,0,0,0,0,0,2,0,0,0,0,1,0,0,1,0,2,2,0,15,3.0,2,0,3,0,0,11,2.2,cc9f58c126cc648e, full,6618,5,1490063815.0, no, outer,4,13, 50s, 4, yes, 3, 4, 2, 3, 3, 3, yes
game093a6d14f13dcc19.log,19,0,0,0,1,0,1,0,0,0,0,0,0,1,0,1,0,0,0,0,0,0,0,0,0,1,1,0,2,0,0,0,0,1,0,0,0,0,0,0,0,0,1,0,0,0,0,0,0,0,0,1,0,1,1,2,18,3.6,1,1,3,0,0,12,2.4,ca0922b34e670338, full,2442,9,1491797665.0, no, outer,1,13, 40s, 4, yes, 3, 4, 2, 3, 3, 3, yes
game095f114d56b4fbc5.log,16,0,0,0,0,0,0,0,1,1,0,0,0,0,1,0,0,0,1,0,0,0,0,0,1,0,1,0,0,0,0,0,1,1,0,0,1,0,0,1,0,0,0,0,0,0,0,0,0,0,0,0,0,2,3,0,18,3.6,2,1,1,1,0,11,2.2,ca0922b34e670338, intentional,7644,17,1491888344.0, no, outer,1,13, 40s, 4, yes, 3, 4, 2, 3, 3, 3, yes
game09726c9e4734c077.log,16,1,0,0,0,0,0,1,0,0,0,1,0,0,1,0,0,1,0,0,0,0,0,0,0,0,0,0,1,0,0,0,0,0,1,0,0,0,0,1,0,1,0,0,0,0,0,0,0,0,1,2,2,0,1,0,10,2.0,1,0,1,2,1,17,3.4,e55525e0b2004294, outer,4067,19,1490337381.0, no, intentional,5,19, 20s, 4, yes, 4, 4, 4, 3, 3, 3, yes
game09a7c4148f1c43a3.log,18,0,0,1,0,0,1,0,0,0,0,0,0,0,0,0,0,1,1,0,1,0,0,0,0,0,0,0,0,0,0,0,0,0,0,0,1,1,1,0,0,0,0,0,0,0,1,0,1,0,0,1,1,2,0,1,14,2.8,2,1,2,0,0,10,2.0,b4ac7c5d48229d6c, outer,3,3,1492978158.0, yes, outer,3,3, 20s, 3, no, 1, 1, 1, 3, 3, 4, yes
game09acf36a5c08845d.log,2,0,0,0,0,0,0,0,0,0,0,0,0,0,0,1,2,0,0,1,0,0,0,1,0,0,0,0,0,0,0,1,0,0,0,1,0,0,0,1,0,0,0,1,0,1,0,0,0,0,0,2,0,1,1,1,14,2.8,1,0,1,1,2,18,3.6,19dbddedf07994e2, outer,1984,9,1489739907.0, no, outer,3,8, 30s, 4, yes, 4, 4, 4, 5, 3, 3, yes
game09c30f42d7da13d0.log,10,0,0,0,1,0,0,0,0,0,0,0,0,1,0,0,0,0,0,0,0,0,1,1,1,0,1,0,2,0,0,0,0,0,1,0,0,0,0,0,0,0,0,0,0,0,0,0,0,0,1,0,1,2,2,0,16,3.2,1,0,2,1,1,16,3.2,b0241aa48c88bd1b, full,3,11,1490428733.0, yes, full,3,11, 20s, 4, yes, 3, 3, 3, 3, 1, 1, yes
game09fa4fddcde625a6.log,19,1,1,0,0,0,0,0,1,0,0,0,0,0,0,0,1,0,0,0,1,0,0,0,0,0,0,0,1,0,0,0,1,0,0,0,0,0,0,0,1,1,0,1,0,0,0,0,0,0,0,2,1,1,0,1,12,2.4,1,1,2,0,1,14,2.8,83f14b7437375831, intentional,2731,12,1490042186.0, no, intentional,2,18, 20s, 4, yes, 3, 3, 1, 3, 3, 2, yes
game0a0d4f1a81194dff.log,15,1,0,0,1,0,0,0,0,0,0,1,0,0,0,0,1,0,0,0,0,0,0,1,0,0,0,0,1,0,1,1,0,1,0,0,0,0,0,1,0,0,0,0,0,0,0,0,0,0,0,3,0,1,1,0,10,2.0,1,0,2,1,1,16,3.2,ca0922b34e670338, full,8879,20,1492585974.0, no, outer,1,13, 40s, 4, yes, 3, 4, 2, 3, 3, 3, yes
game0a4060c48f50eed9.log,11,1,1,0,0,0,0,0,0,0,0,0,0,0,0,0,1,1,0,0,0,1,0,0,0,0,0,1,0,1,0,1,0,0,0,0,0,0,0,0,1,0,0,0,0,0,0,0,0,0,1,3,2,0,0,0,7,1.4,1,1,0,1,2,17,3.4,33ba844cbb15fecd, outer,7764,17,1493052188.0, no, full,3,5, 20s, 3, no, 1, 1, 1, 4, 3, 4, yes
game0a7c614f914a7e54.log,17,0,0,0,2,0,0,1,0,0,0,0,1,0,0,0,0,0,0,0,0,0,0,1,0,0,0,1,0,0,0,0,0,0,1,0,0,0,0,0,0,0,0,1,0,1,0,0,0,1,0,0,2,1,2,0,15,3.0,0,1,1,2,1,18,3.6,ca0922b34e670338, full,7238,16,1492564992.0, no, outer,1,13, 40s, 4, yes, 3, 4, 2, 3, 3, 3, yes
game0acb9040447cff9d.log,9,0,0,0,0,0,0,0,0,2,1,0,0,1,0,0,0,0,0,0,1,0,0,0,0,0,1,0,1,0,0,0,1,0,0,0,0,0,0,0,0,0,0,0,0,0,1,0,0,0,1,0,0,1,2,2,21,4.2,2,1,1,0,1,12,2.4,8a6febcf85c544d4, outer,8115,4,1489998697.0, no, intentional,5,20, , , , , , , , , , yes
game0b0d1a51611d06ba.log,10,0,1,0,0,0,1,0,0,0,0,0,0,1,0,0,1,1,0,0,0,0,0,0,0,0,0,0,0,0,0,0,1,0,0,0,0,1,0,0,0,0,0,0,1,0,1,0,0,1,0,2,2,1,0,0,9,1.8,1,2,0,2,0,13,2.6,f17c71b6d21b5f4f, intentional,5,5,1489698904.0, yes, intentional,5,5, 20s, 4, yes, 1, 1, 1, 3, 3, 3, yes
game0b0f72b2daac5a5a.log,11,1,0,0,0,0,1,0,0,0,0,0,0,1,0,0,2,0,0,0,0,0,0,0,0,0,0,0,1,0,0,0,0,1,1,0,1,0,0,0,0,0,0,0,0,0,0,0,0,0,1,4,0,1,0,0,7,1.4,1,0,2,1,1,16,3.2,19dbddedf07994e2, full,6573,17,1489739153.0, no, outer,3,8, 30s, 4, yes, 4, 4, 4, 5, 3, 3, yes
game0b5039b462af2d84.log,6,0,0,1,0,0,1,0,0,1,0,0,0,0,0,0,0,1,0,0,1,0,0,0,0,0,0,0,0,0,0,0,0,0,0,0,1,0,0,0,0,1,0,0,1,0,1,0,1,0,0,1,1,1,1,1,15,3.0,3,0,1,1,0,10,2.0,be67603ea9cfc3d5, intentional,4,18,1490322412.0, yes, intentional,4,18, 30s, 4, yes, 4, 4, 4, 2, 2, 1, yes
game0bdbd00ae11bb04a.log,7,0,0,0,0,0,0,0,0,0,0,0,0,1,0,0,2,0,0,1,0,0,1,0,0,0,1,1,0,0,0,0,0,0,0,1,0,1,0,0,0,0,0,0,0,0,1,0,0,0,0,2,1,1,1,0,11,2.2,2,2,0,0,1,11,2.2,19dbddedf07994e2, outer,9512,2,1490731471.0, no, outer,3,8, 30s, 4, yes, 4, 4, 4, 5, 3, 3, yes
game0c06cf91fc648a7a.log,9,0,0,1,0,0,0,0,0,0,0,0,1,0,0,0,0,0,0,0,0,1,1,0,1,0,0,0,0,0,0,1,0,1,0,0,1,1,0,0,1,0,0,0,0,0,0,0,0,0,0,1,2,1,1,0,12,2.4,2,1,1,0,1,12,2.4,ca0922b34e670338, intentional,7194,16,1491852678.0, no, outer,1,13, 40s, 4, yes, 3, 4, 2, 3, 3, 3, yes
game0c420b6bf684e79d.log,17,0,0,0,0,0,0,0,0,0,0,0,1,1,0,0,1,0,0,0,0,1,0,1,0,0,0,0,0,1,0,0,0,0,1,0,0,0,0,1,0,0,0,1,0,0,0,0,0,1,0,2,1,2,0,0,10,2.0,0,0,1,4,0,19,3.8,ca0922b34e670338, intentional,3162,18,1491909245.0, no, outer,1,13, 40s, 4, yes, 3, 4, 2, 3, 3, 3, yes
game0c5ee326e199b54f.log,16,1,1,1,0,0,0,0,0,0,0,0,0,0,0,0,0,0,0,0,0,1,0,0,1,0,0,0,1,1,0,0,0,0,0,0,1,0,0,0,0,0,1,0,1,0,0,0,0,0,0,2,1,1,1,0,11,2.2,1,1,1,2,0,14,2.8,ca0922b34e670338, outer,8189,17,1492594629.0, no, outer,1,13, 40s, 4, yes, 3, 4, 2, 3, 3, 3, yes
game0c7675f7ce5e1778.log,19,0,1,0,0,0,0,0,0,0,0,0,0,1,0,0,0,1,1,1,0,0,0,0,0,0,0,0,1,0,0,0,1,0,0,0,1,0,0,1,0,0,0,0,0,1,0,0,0,0,0,0,2,2,1,0,14,2.8,1,1,1,1,1,15,3.0,19dbddedf07994e2, full,5732,10,1490136016.0, no, outer,3,8, 30s, 4, yes, 4, 4, 4, 5, 3, 3, yes
game0c852e9f529f029b.log,15,0,0,1,0,0,0,0,0,0,0,1,0,0,1,0,0,0,0,1,0,0,0,1,0,0,0,0,0,0,1,0,0,0,0,0,0,1,1,0,0,1,0,0,0,0,0,0,0,1,0,1,0,2,2,0,15,3.0,1,1,1,1,1,15,3.0,19dbddedf07994e2, intentional,6634,8,1490726064.0, no, outer,3,8, 30s, 4, yes, 4, 4, 4, 5, 3, 3, yes
game0c9f3edff74cf9d2.log,17,0,0,0,0,0,1,0,0,0,0,0,0,0,1,0,1,0,1,0,0,0,0,1,0,0,0,0,1,0,1,0,0,0,0,0,0,0,0,0,0,0,1,1,1,0,0,0,0,0,0,2,0,2,1,0,12,2.4,0,1,2,1,1,17,3.4,b42f6b3c826e14ff, intentional,8856,16,1490366580.0, no, outer,3,5, 30s, 4, yes, 3, 3, 3, 3, 2, 2, yes
game0cc4d45de6f56e93.log,9,1,0,0,0,0,0,1,0,0,0,1,0,0,0,0,0,0,1,0,1,0,0,0,0,0,1,0,1,0,0,0,0,0,1,0,0,0,0,0,0,1,1,0,0,0,0,0,0,0,0,2,1,1,0,1,12,2.4,2,1,1,1,0,11,2.2,768862e11a280fd0, outer,2924,4,1490375637.0, no, outer,5,6, , , , , , , , , , yes
game0ce5d502839cda16.log,19,0,0,0,0,0,0,0,0,0,0,2,1,0,0,0,1,0,0,0,0,0,0,1,0,0,1,0,0,0,0,1,1,0,1,0,0,0,1,0,0,0,0,0,0,0,0,0,0,0,0,3,1,1,0,0,8,1.6,2,1,1,1,0,11,2.2,19dbddedf07994e2, outer,908,6,1489794381.0, no, outer,3,8, 30s, 4, yes, 4, 4, 4, 5, 3, 3, yes
game0d2c7e3c9ad3d492.log,19,1,0,0,0,0,0,0,0,1,0,1,0,1,0,1,0,0,0,0,0,0,0,0,0,0,0,0,0,0,0,2,0,0,1,0,0,1,0,0,0,0,1,0,0,0,0,0,0,0,0,2,0,1,1,1,14,2.8,2,2,0,1,0,10,2.0,ca0922b34e670338, outer,6591,17,1492589461.0, no, outer,1,13, 40s, 4, yes, 3, 4, 2, 3, 3, 3, yes
game0d2e7796d640a95b.log,2,0,0,0,0,0,0,0,0,1,1,1,0,0,0,0,0,0,0,0,0,0,0,1,1,0,0,0,0,0,0,0,0,1,0,0,0,0,2,0,0,1,0,0,0,0,0,1,0,0,0,1,0,1,2,1,17,3.4,1,1,3,0,0,12,2.4,befac2ddbf9df4dd, full,1,19,1490318410.0, yes, full,1,19, 50s, 3, yes, 1, 1, 1, 4, 4, 5, yes
game0d488299b79d0d4d.log,15,0,0,0,0,0,0,0,0,1,0,0,0,0,0,0,0,0,1,0,0,0,0,1,1,1,0,0,1,1,0,0,0,0,0,1,0,0,0,0,0,0,1,0,1,0,0,0,0,0,0,0,0,2,2,1,19,3.8,0,1,1,2,1,18,3.6,0313454f0e513527, intentional,6964,2,1490325964.0, no, outer,2,7, , , , , , , 3, 2, 4, yes
game0d491f1d68694121.log,17,0,0,0,0,1,0,0,0,0,0,1,0,0,0,1,0,0,0,0,1,0,1,0,0,0,0,1,0,0,0,0,0,0,0,0,0,0,0,0,0,0,0,0,0,0,3,0,1,0,0,1,1,0,0,3,18,3.6,3,1,1,0,0,8,1.6,19dbddedf07994e2, outer,2818,7,1489921349.0, no, outer,3,8, 30s, 4, yes, 4, 4, 4, 5, 3, 3, yes
game0da7bfcad0d0af16.log,3,0,0,0,0,0,0,1,0,0,0,0,0,0,0,1,1,1,1,0,0,0,0,0,0,0,0,1,0,0,0,0,0,1,0,1,0,0,1,0,0,1,0,0,0,0,0,0,0,0,0,1,2,1,0,1,13,2.6,1,1,2,0,1,14,2.8,2119fe68a204e42a, full,6288,6,1490323618.0, no, outer,2,4, 20s, 4, yes, 4, 4, 4, 3, 2, 4, yes
game0dbecb39523fa281.log,3,0,0,1,0,0,0,0,0,0,0,1,0,1,0,0,1,1,0,0,0,0,0,0,0,0,0,1,1,0,0,0,0,0,1,0,0,0,1,0,0,0,0,0,0,0,0,0,0,1,0,2,1,2,0,0,10,2.0,0,1,2,2,0,16,3.2,cac4664e95e21547, full,2,19,1490056576.0, yes, full,2,19, 20s, 3, yes, 2, 3, 2, 4, 4, 4, yes
game0dd953aa8e81e0be.log,6,0,0,0,0,0,0,0,0,0,0,0,0,1,0,0,3,1,0,0,0,0,0,0,0,0,0,1,0,0,1,0,1,0,0,0,0,0,0,0,0,0,0,0,0,0,0,1,1,0,0,3,1,1,0,0,8,1.6,0,3,1,0,1,14,2.8,37c7c349aa426fce, intentional,4,17,1490145055.0, yes, intentional,4,17, 50s, 4, yes, 3, 4, 1, 3, 3, 3, yes
game0e1feae5e8e08bc8.log,18,1,0,0,1,0,0,0,1,0,0,1,0,0,0,0,0,0,0,0,0,0,1,0,0,0,0,0,0,0,0,1,0,1,0,0,0,0,0,1,0,0,0,0,0,0,2,0,0,0,0,2,1,1,1,0,11,2.2,3,0,1,1,0,10,2.0,7007a1f9c84cefe6, outer,334,13,1490312532.0, no, outer,3,11, 40s, 4, yes, 3, 4, 1, 3, 2, 2, yes
game0e3846cf653f7a1a.log,18,1,0,0,0,0,1,0,0,0,0,1,0,0,0,0,1,1,0,0,0,0,0,0,0,0,0,0,0,0,0,0,1,0,1,0,0,0,0,0,1,0,0,0,0,0,1,0,0,0,1,4,1,0,0,0,6,1.2,1,1,0,1,2,17,3.4,19dbddedf07994e2, full,8773,12,1489795296.0, no, outer,3,8, 30s, 4, yes, 4, 4, 4, 5, 3, 3, yes
game0e4b5d8464120a1d.log,19,0,0,0,0,1,0,0,0,0,0,1,0,0,0,0,1,0,1,0,1,0,0,0,0,0,0,0,0,0,0,0,0,0,0,0,0,1,0,0,1,0,0,0,0,0,1,0,0,1,1,2,0,1,0,2,15,3.0,1,1,0,1,2,17,3.4,ca0922b34e670338, outer,4099,16,1492588409.0, no, outer,1,13, 40s, 4, yes, 3, 4, 2, 3, 3, 3, yes
game0e5117508cdde976.log,13,0,0,0,0,0,1,0,0,0,0,2,0,0,0,0,0,0,0,0,0,1,1,0,0,0,1,0,0,0,1,0,1,0,0,0,0,0,0,0,0,0,1,0,0,0,0,0,1,0,0,4,1,0,0,0,6,1.2,1,2,1,0,1,13,2.6,19dbddedf07994e2, full,6345,11,1489706390.0, no, outer,3,8, 30s, 4, yes, 4, 4, 4, 5, 3, 3, yes
game0e63c25580d9d9d9.log,19,1,1,0,0,0,0,1,0,0,0,0,0,0,0,0,1,0,0,0,0,0,0,0,1,0,0,0,0,0,0,0,0,0,0,0,0,0,1,0,0,0,0,0,0,1,1,1,1,0,0,2,2,0,1,0,10,2.0,1,1,2,0,1,14,2.8,19dbddedf07994e2, outer,1256,0,1490133634.0, no, outer,3,8, 30s, 4, yes, 4, 4, 4, 5, 3, 3, yes
game0f463e47c19579c5.log,8,1,0,0,0,0,0,0,0,0,0,1,0,0,0,0,1,0,1,0,1,0,0,0,0,0,0,1,0,0,0,1,0,0,0,0,0,1,1,0,0,0,0,0,1,0,0,0,0,0,0,3,0,1,0,1,11,2.2,1,2,1,1,0,12,2.4,ca0922b34e670338, full,436,17,1491794134.0, no, outer,1,13, 40s, 4, yes, 3, 4, 2, 3, 3, 3, yes
game0f563f95858e44ce.log,12,1,0,0,0,1,0,0,0,0,0,1,0,0,0,0,0,0,1,0,0,1,0,0,0,0,0,0,0,0,0,0,0,0,1,0,0,0,0,0,0,3,0,1,0,0,0,0,0,0,0,3,0,1,0,1,11,2.2,3,0,1,1,0,10,2.0,ca0922b34e670338, intentional,534,16,1491767195.0, no, outer,1,13, 40s, 4, yes, 3, 4, 2, 3, 3, 3, yes
game0f682760d3bd7072.log,15,0,0,1,0,0,1,0,0,0,0,0,1,1,0,0,0,0,1,0,0,0,0,0,0,0,0,1,0,0,0,0,0,0,1,0,0,0,0,0,0,1,1,0,0,0,0,0,1,0,0,1,1,3,0,0,12,2.4,1,2,1,1,0,12,2.4,ca0922b34e670338, outer,5911,5,1492720954.0, no, outer,1,13, 40s, 4, yes, 3, 4, 2, 3, 3, 3, yes
game0f791fbba78e3cfc.log,6,1,0,0,0,1,2,0,0,0,0,0,1,0,0,0,0,0,0,0,0,0,0,0,0,0,1,0,0,0,0,0,0,0,0,0,0,0,1,0,0,1,0,0,0,0,2,0,0,0,0,3,1,0,0,1,10,2.0,4,0,1,0,0,7,1.4,8f48cd1f7a4fa984, full,1484,12,1490299992.0, no, outer,5,7, 20s, 4, yes, 4, 4, 2, 4, 4, 3, yes
game0f8213b8a0e6eef2.log,15,1,0,0,0,0,0,0,0,1,0,0,1,0,0,0,0,0,0,0,0,1,1,0,0,0,0,1,2,0,0,0,0,0,0,0,0,0,0,0,0,0,0,0,0,1,1,0,0,0,0,2,2,0,1,0,10,2.0,1,1,2,0,1,14,2.8,19dbddedf07994e2, full,2795,15,1489700046.0, no, outer,3,8, 30s, 4, yes, 4, 4, 4, 5, 3, 3, yes
game0f9071c5279cb251.log,11,0,0,0,1,0,0,0,0,0,0,0,0,1,0,0,0,1,0,0,0,2,0,0,0,0,0,0,0,0,0,1,1,0,0,1,1,0,0,0,0,0,0,1,0,0,0,0,0,0,0,2,1,1,1,0,11,2.2,2,1,1,0,1,12,2.4,19dbddedf07994e2, full,5384,13,1490729879.0, no, outer,3,8, 30s, 4, yes, 4, 4, 4, 5, 3, 3, yes
game0fd587498a941960.log,17,1,1,0,1,0,0,0,0,0,0,0,1,0,0,0,1,0,0,0,0,0,0,0,0,0,1,0,0,1,1,0,0,0,0,0,0,0,0,0,0,0,0,0,0,1,0,0,1,0,0,2,2,0,1,0,10,2.0,1,0,1,1,2,18,3.6,80b582ddeb40b2ce, intentional,433,20,1490321161.0, no, intentional,1,18, 20s, 4, yes, 3, 4, 3, 2, 1, 1, yes
game104ff472fea017a4.log,3,1,0,0,0,0,0,1,0,0,0,0,0,0,0,0,0,0,1,0,0,1,0,0,0,1,0,0,0,0,0,0,0,0,0,1,0,0,0,1,0,0,1,0,0,0,1,0,0,1,0,2,1,1,0,1,12,2.4,1,1,0,2,1,16,3.2,2119fe68a204e42a, full,3309,17,1490306980.0, no, outer,2,4, 20s, 4, yes, 4, 4, 4, 3, 2, 4, yes
game10506b1ba9231f56.log,10,0,0,0,0,0,0,0,0,0,0,0,0,1,0,0,0,0,0,1,0,0,1,1,0,1,0,0,0,0,0,0,0,0,1,0,0,0,0,1,0,1,1,0,0,0,1,0,0,0,0,0,1,2,1,1,17,3.4,2,1,0,2,0,12,2.4,ca0922b34e670338, outer,1663,11,1491934266.0, no, outer,1,13, 40s, 4, yes, 3, 4, 2, 3, 3, 3, yes
game10650cf32e8f04c5.log,16,1,0,0,0,1,0,0,0,0,0,0,0,1,2,0,0,0,0,0,0,0,0,0,0,0,0,0,0,0,0,0,0,0,1,0,0,0,0,0,0,0,0,0,0,0,2,0,1,1,0,1,0,1,2,1,17,3.4,2,0,1,2,0,13,2.6,84764327def60e22, intentional,4,19,1490141619.0, yes, intentional,4,19, 30s, 4, yes, 3, 4, 3, 4, 3, 4, yes
game10a6c5bd107642d3.log,1,0,0,0,1,0,1,0,0,0,0,0,0,1,0,0,0,0,0,0,0,0,0,2,0,0,0,1,0,0,0,0,0,0,0,1,0,0,0,0,0,0,0,1,1,0,0,1,0,0,0,1,0,3,1,0,14,2.8,0,2,1,1,1,16,3.2,e55525e0b2004294, full,8949,20,1490336564.0, no, intentional,5,19, 20s, 4, yes, 4, 4, 4, 3, 3, 3, yes
game10b5cee41a3818d3.log,7,0,0,1,0,0,0,0,0,1,0,0,0,0,0,0,1,0,0,0,0,1,0,0,1,0,0,0,0,0,0,2,1,0,0,0,0,0,0,0,0,0,0,1,0,0,0,1,0,0,0,2,0,1,2,0,13,2.6,2,2,1,0,0,9,1.8,ca0922b34e670338, full,1062,16,1492588742.0, no, outer,1,13, 40s, 4, yes, 3, 4, 2, 3, 3, 3, yes
game10c7d820eaac20df.log,20,0,1,0,1,0,0,0,1,0,0,0,0,0,0,0,0,1,0,0,0,0,0,1,0,0,1,0,1,0,0,0,0,0,0,0,0,0,0,0,0,1,0,0,0,0,0,1,0,0,1,0,2,2,1,0,14,2.8,2,1,1,0,1,12,2.4,5d82cb8a155dbd34, full,5561,17,1490308036.0, no, full,5,21, 20s, 4, yes, 3, 4, 3, 4, 5, 5, yes
game10caa9592c9056e1.log,7,0,1,0,0,0,0,0,0,1,0,1,0,2,0,0,0,0,0,0,0,0,0,0,0,0,0,0,0,0,0,0,0,0,1,0,1,0,0,1,0,0,1,1,0,0,0,0,0,0,0,1,1,2,1,0,13,2.6,1,1,1,2,0,14,2.8,6da4c89a4f55676a, full,3184,14,1490303170.0, no, outer,3,18, 20s, 4, yes, 3, 4, 2, 4, 3, 4, yes
game11361a07a337e7f5.log,4,0,0,0,0,0,1,0,1,0,0,0,0,0,0,0,1,1,0,1,0,0,0,0,0,0,0,0,0,0,0,0,1,0,1,0,0,1,0,0,0,1,0,1,0,0,0,0,0,0,0,2,1,1,1,0,11,2.2,1,2,1,1,0,12,2.4,2119fe68a204e42a, outer,2,4,1490302830.0, yes, outer,2,4, 20s, 4, yes, 4, 4, 4, 3, 2, 4, yes
game113c746e555813cb.log,4,0,0,0,0,0,0,0,2,0,0,0,0,0,0,1,1,1,0,0,0,0,0,0,0,0,0,0,0,1,0,0,0,0,0,0,1,0,0,0,0,1,0,0,1,0,0,0,1,0,0,1,1,2,0,1,14,2.8,2,0,1,2,0,13,2.6,19dbddedf07994e2, full,8306,4,1489965858.0, no, outer,3,8, 30s, 4, yes, 4, 4, 4, 5, 3, 3, yes
game114126d326e559b5.log,6,0,0,0,0,0,1,0,1,0,0,0,1,0,1,0,0,0,0,0,0,0,0,0,0,1,0,0,0,0,0,1,0,1,0,0,0,0,0,0,0,0,0,0,0,1,2,0,0,0,0,1,1,1,1,1,15,3.0,3,0,1,0,1,11,2.2,19dbddedf07994e2, outer,5404,13,1489794895.0, no, outer,3,8, 30s, 4, yes, 4, 4, 4, 5, 3, 3, yes
game115e16a1b9251027.log,18,0,1,0,0,0,0,0,0,1,0,1,0,0,0,0,1,0,0,0,0,1,0,0,0,0,1,0,0,1,0,0,0,0,0,1,0,0,0,0,0,0,1,0,0,0,1,0,0,0,0,3,1,0,1,0,9,1.8,2,1,0,1,1,13,2.6,19dbddedf07994e2, intentional,4698,20,1489795475.0, no, outer,3,8, 30s, 4, yes, 4, 4, 4, 5, 3, 3, yes
game118566af10f42aa3.log,18,1,1,0,0,0,1,1,0,0,0,0,0,0,0,0,1,0,0,0,0,0,0,0,0,0,0,0,0,1,0,0,0,0,0,0,0,0,0,2,0,0,0,0,0,0,0,0,0,2,0,3,2,0,0,0,7,1.4,0,0,0,5,0,20,4.0,19dbddedf07994e2, outer,6490,1,1489739412.0, no, outer,3,8, 30s, 4, yes, 4, 4, 4, 5, 3, 3, yes
game11890d039c8b510b.log,15,0,1,1,0,1,0,0,0,0,0,0,0,0,0,0,1,0,0,0,0,0,0,0,1,0,0,0,0,0,0,0,0,0,0,0,1,1,0,0,1,0,0,0,0,0,1,0,1,0,0,1,1,1,1,1,15,3.0,2,1,1,0,1,12,2.4,19dbddedf07994e2, outer,7662,4,1489704086.0, no, outer,3,8, 30s, 4, yes, 4, 4, 4, 5, 3, 3, yes
game11a2da6c8345cc54.log,15,0,0,0,0,1,0,0,0,0,0,1,0,0,1,0,0,0,1,0,0,0,0,0,0,1,0,0,1,1,0,0,0,0,0,0,0,0,0,0,0,1,0,0,0,1,0,0,1,0,0,1,0,1,1,2,18,3.6,1,0,2,1,1,16,3.2,ca0922b34e670338, intentional,2432,15,1491798532.0, no, outer,1,13, 40s, 4, yes, 3, 4, 2, 3, 3, 3, yes
game11a9150ead5841c6.log,13,1,0,0,0,0,0,1,0,0,0,0,0,0,0,0,0,0,1,0,0,1,0,0,0,1,0,0,0,0,0,0,0,0,0,1,0,0,0,1,0,0,1,0,0,0,1,0,0,1,0,2,1,1,0,1,12,2.4,1,1,0,2,1,16,3.2,19dbddedf07994e2, intentional,5155,3,1489922555.0, no, outer,3,8, 30s, 4, yes, 4, 4, 4, 5, 3, 3, yes
game11cb5b6ee30b8772.log,2,1,0,0,1,0,0,1,0,0,0,0,0,0,0,0,1,0,0,0,0,0,0,0,0,1,0,0,0,1,0,1,0,1,0,0,0,2,0,0,0,0,0,0,0,0,0,0,0,0,0,2,1,0,1,1,13,2.6,1,2,1,1,0,12,2.4,2af874d749a75ec8, intentional,4278,9,1490307619.0, no, outer,3,5, 20s, 4, yes, 1, 1, 1, 3, 2, 2, yes
game11e068579da9350d.log,5,0,0,0,0,0,0,0,0,0,0,0,0,2,1,0,0,0,1,0,0,0,1,0,0,0,0,0,0,0,1,0,0,0,0,0,1,0,0,0,0,0,0,0,1,0,0,1,0,0,1,0,1,3,1,0,15,3.0,1,1,0,1,2,17,3.4,c03bd0cac4c60891, outer,7440,17,1492712230.0, no, intentional,3,16, , 3, no, 1, 1, 2, 5, 3, 4, yes
game120ddc1288a78fa7.log,14,0,0,0,1,0,1,0,0,1,0,1,0,0,0,0,0,0,0,0,0,1,0,0,0,0,1,0,0,0,0,0,0,0,0,0,0,0,1,1,0,0,0,0,1,0,0,0,0,1,0,3,0,0,2,0,11,2.2,1,0,1,3,0,16,3.2,f2d5139df774f875, outer,1189,12,1490300663.0, no, full,1,19, 30s, 3, yes, 2, 3, 2, 3, 2, 2, yes
game12303ee0bce9f429.log,9,0,0,0,0,0,1,1,1,0,0,0,0,1,0,0,0,0,0,0,0,0,0,1,0,0,0,0,0,0,0,0,1,0,0,0,0,1,1,0,0,1,1,0,0,0,0,0,0,0,0,1,1,3,0,0,12,2.4,1,3,1,0,0,10,2.0,2119fe68a204e42a, intentional,4134,8,1490307178.0, no, outer,2,4, 20s, 4, yes, 4, 4, 4, 3, 2, 4, yes
game1262ea726288cea1.log,4,1,0,0,1,0,0,0,0,1,0,0,0,0,0,0,0,0,0,1,1,0,0,0,0,0,0,0,0,0,0,0,0,0,1,0,0,0,0,0,0,1,1,0,0,0,2,0,0,0,0,1,0,0,3,1,18,3.6,3,1,0,1,0,9,1.8,ca0922b34e670338, intentional,7914,16,1492559161.0, no, outer,1,13, 40s, 4, yes, 3, 4, 2, 3, 3, 3, yes
game127e0d44e8046128.log,7,1,0,0,0,0,0,0,0,0,0,1,0,0,1,1,1,0,0,0,0,0,0,0,0,0,0,0,1,1,0,0,0,0,0,1,0,0,0,0,0,0,0,0,0,1,0,1,0,0,0,3,0,0,1,1,12,2.4,0,1,1,1,2,19,3.8,5bbf63ab6fec288e, outer,3,19,1490568955.0, yes, outer,3,19, 20s, 4, yes, 2, 4, 2, 2, 3, 3, yes
game129fa298fb6a4ff8.log,6,0,0,0,0,0,1,1,0,1,0,1,0,0,0,0,0,0,0,0,0,0,1,0,0,0,0,0,1,0,0,1,0,0,0,0,0,0,0,0,0,0,0,1,0,0,1,0,0,1,0,2,2,0,1,0,10,2.0,2,0,2,1,0,12,2.4,5d82cb8a155dbd34, intentional,6961,12,1490299779.0, no, full,5,21, 20s, 4, yes, 3, 4, 3, 4, 5, 5, yes
game12bfc2216b9ddfc3.log,15,1,0,0,0,0,0,0,0,0,0,1,0,2,0,0,1,0,0,0,0,0,0,0,0,0,0,0,0,0,0,0,0,2,0,0,0,0,0,0,0,0,0,0,0,1,0,0,1,1,0,3,0,2,0,0,9,1.8,0,0,3,1,1,18,3.6,ffe555cd8f743e34, intentional,3,15,1492363168.0, yes, intentional,3,15, 20s, 3, no, 1, 1, 1, 4, 3, 3, yes
game13198990526c486e.log,16,0,0,0,0,0,0,0,0,0,0,0,2,0,0,1,1,0,0,0,0,1,0,0,0,0,0,0,1,0,0,0,0,1,1,1,0,0,0,1,0,0,0,0,0,0,0,0,0,0,0,2,2,0,0,1,11,2.2,0,0,2,2,1,19,3.8,20980e2265b3d724, full,2,4,1490371289.0, yes, full,2,4, 20s, 4, yes, 4, 4, 3, 3, 2, 2, yes
game131e03e84ecd024d.log,1,0,0,0,0,0,0,0,1,0,0,1,0,1,0,0,1,0,0,0,0,1,0,0,0,0,0,0,0,0,0,0,1,1,1,0,0,0,0,1,0,0,0,0,0,0,0,1,0,0,0,3,0,2,0,0,9,1.8,0,2,1,2,0,15,3.0,ca0922b34e670338, intentional,9523,19,1492585700.0, no, outer,1,13, 40s, 4, yes, 3, 4, 2, 3, 3, 3, yes
game134f8214ecef74cd.log,1,0,0,2,0,1,0,0,1,0,0,0,0,0,1,0,0,0,0,0,0,0,0,0,0,0,0,0,0,0,0,0,0,0,2,0,1,0,0,0,0,0,0,1,0,0,0,0,0,1,0,0,0,3,1,1,18,3.6,1,0,1,3,0,16,3.2,4b629589b0170dda, intentional,1,9,1490324947.0, yes, intentional,1,9, 20s, 4, yes, 2, 4, 3, 5, 3, 3, yes
game136df94210ad9c2a.log,7,1,0,0,0,0,0,0,0,1,0,1,0,0,1,0,1,0,0,0,0,0,0,0,0,0,0,0,0,0,0,1,0,0,0,1,1,0,0,0,0,0,0,0,0,0,0,1,0,0,1,3,0,0,2,0,11,2.2,2,1,0,0,2,14,2.8,4dacd064a3248f0e, full,3398,13,1490326266.0, no, full,5,18, , , , , , , , , , yes
game138cc8864bc247fa.log,12,1,0,0,0,0,1,0,1,0,0,1,0,0,0,0,0,0,0,0,0,1,0,0,0,0,0,0,0,1,0,0,1,0,0,0,0,0,1,0,0,0,0,0,1,0,0,0,0,1,0,4,0,1,0,0,7,1.4,0,1,1,3,0,17,3.4,19dbddedf07994e2, outer,3914,6,1489736505.0, no, outer,3,8, 30s, 4, yes, 4, 4, 4, 5, 3, 3, yes
game13bbb6576cab11f3.log,19,0,0,0,0,0,0,1,0,0,0,1,0,1,0,0,0,1,1,0,0,0,0,0,0,0,0,1,0,0,0,0,0,1,0,0,0,0,0,0,0,1,0,0,0,0,0,0,1,0,1,1,2,2,0,0,11,2.2,1,1,2,0,1,14,2.8,ca0922b34e670338, full,2629,20,1492706548.0, no, outer,1,13, 40s, 4, yes, 3, 4, 2, 3, 3, 3, yes
game13d6ce782be3856e.log,8,0,0,0,0,0,0,0,0,0,0,0,0,0,1,0,0,1,0,0,1,1,0,1,0,0,1,0,0,0,0,0,1,1,1,0,0,0,0,0,0,1,0,0,0,0,0,0,0,0,0,1,1,1,1,1,15,3.0,2,1,1,1,0,11,2.2,e3f99bfa4535678e, intentional,5442,17,1490342687.0, no, outer,5,4, 20s, 4, yes, 2, 4, 1, 2, 2, 3, yes
game13f48559b2cfa47a.log,1,0,0,1,1,0,0,1,0,1,0,0,0,0,0,0,0,0,0,0,0,0,0,1,0,0,0,0,0,0,0,1,0,0,0,0,0,0,0,0,1,0,0,0,0,0,0,1,0,1,1,0,1,2,2,0,16,3.2,1,1,0,1,2,17,3.4,19dbddedf07994e2, outer,5597,2,1490732894.0, no, outer,3,8, 30s, 4, yes, 4, 4, 4, 5, 3, 3, yes
game140dee45e4f88a0b.log,7,0,0,0,0,0,0,0,1,0,0,1,1,0,0,0,0,0,0,1,0,0,1,0,0,0,1,0,1,0,1,0,0,0,0,0,0,0,0,0,0,0,0,1,0,1,0,0,0,0,0,1,2,1,1,0,12,2.4,1,0,2,0,2,17,3.4,19dbddedf07994e2, outer,6462,12,1489921555.0, no, outer,3,8, 30s, 4, yes, 4, 4, 4, 5, 3, 3, yes
game146052cdf75868b1.log,21,0,0,0,0,0,0,0,0,0,0,0,0,0,0,0,0,1,0,0,1,1,1,0,0,1,0,0,0,0,0,0,1,0,0,0,1,1,0,0,0,1,0,0,0,0,0,0,0,1,0,1,2,0,0,2,15,3.0,2,2,0,1,0,10,2.0,e5bf83d96f9751cf, full,1174,10,1490443076.0, no, full,5,16, , , , , , , 2, 2, 2, yes
game1485b2a66bd2509b.log,19,1,0,1,0,0,0,0,0,0,0,1,0,0,0,0,0,0,0,0,0,1,1,0,0,0,0,0,0,0,0,1,0,0,1,0,0,0,0,0,0,1,0,0,0,0,1,0,1,0,0,3,1,1,0,0,8,1.6,3,0,1,1,0,10,2.0,e55525e0b2004294, intentional,1354,15,1490342111.0, no, intentional,5,19, 20s, 4, yes, 4, 4, 4, 3, 3, 3, yes
game14bdf2d16e091b6a.log,12,0,0,0,1,0,0,0,0,0,0,1,1,0,1,0,1,0,0,0,0,0,0,0,0,0,0,0,0,0,0,1,1,0,0,0,0,0,0,0,1,0,0,0,1,0,0,0,0,0,1,2,1,0,2,0,12,2.4,1,1,0,1,2,17,3.4,19dbddedf07994e2, full,2347,16,1489735717.0, no, outer,3,8, 30s, 4, yes, 4, 4, 4, 5, 3, 3, yes
game14c4dd6c821c84f4.log,18,0,0,0,1,0,0,1,1,0,0,0,0,0,1,0,0,0,0,0,0,1,0,0,0,0,1,0,0,0,0,0,0,0,1,0,0,0,0,0,0,1,0,1,0,0,0,0,0,0,1,1,1,1,2,0,14,2.8,2,0,1,1,1,14,2.8,19dbddedf07994e2, outer,217,6,1490732533.0, no, outer,3,8, 30s, 4, yes, 4, 4, 4, 5, 3, 3, yes
game14d12b05d8f1e31b.log,10,0,0,0,0,0,1,0,0,0,0,0,0,1,0,0,0,1,1,0,0,0,0,1,0,0,0,0,0,0,0,0,0,0,1,0,0,0,0,0,1,0,1,0,1,1,0,0,0,0,0,1,1,3,0,0,12,2.4,0,1,0,2,2,20,4.0,ca0922b34e670338, full,9663,4,1491763499.0, no, outer,1,13, 40s, 4, yes, 3, 4, 2, 3, 3, 3, yes
game14ffc5d92e450a5f.log,12,1,0,1,0,0,0,0,0,0,0,0,0,0,0,0,0,1,0,1,0,0,0,1,0,0,0,0,0,1,0,0,0,0,0,1,0,1,0,0,0,0,0,0,0,1,1,0,0,0,0,1,1,2,1,0,13,2.6,1,1,0,1,2,17,3.4,ca0922b34e670338, intentional,2936,16,1492563793.0, no, outer,1,13, 40s, 4, yes, 3, 4, 2, 3, 3, 3, yes
game154fb710c8542c7f.log,19,0,1,0,0,0,1,0,0,1,0,1,0,0,0,0,0,0,0,0,0,0,0,0,1,0,1,0,0,0,0,0,2,0,0,0,0,0,0,0,0,1,0,0,1,0,0,0,0,0,0,2,1,0,2,0,12,2.4,2,2,0,1,0,10,2.0,1b17ab93ed1184b4, intentional,4808,19,1491684740.0, no, full,3,8, 40s, 4, yes, 2, 2, 1, 4, 4, 3, yes
game1567bf03ba9c83ae.log,18,0,0,0,0,0,0,0,0,0,1,1,0,2,0,0,1,0,0,0,0,0,0,0,0,0,0,0,0,0,1,0,1,0,0,0,1,0,0,0,0,0,1,0,0,0,0,1,0,0,0,2,0,2,0,1,13,2.6,1,3,0,0,1,12,2.4,ca0922b34e670338, full,8614,15,1492597914.0, no, outer,1,13, 40s, 4, yes, 3, 4, 2, 3, 3, 3, yes
game1590b51d4723b922.log,10,0,0,0,0,0,0,0,0,0,1,0,1,0,0,0,1,1,0,0,0,1,0,0,0,0,0,0,0,1,0,2,0,0,0,0,0,1,0,0,0,0,0,0,0,0,1,0,0,0,0,2,2,0,0,1,11,2.2,3,1,0,1,0,9,1.8,ca0922b34e670338, outer,982,4,1492709505.0, no, outer,1,13, 40s, 4, yes, 3, 4, 2, 3, 3, 3, yes
game15bc7394fac29f03.log,6,0,0,0,1,0,0,0,0,0,0,0,0,0,0,0,0,0,0,0,0,2,0,1,1,0,1,0,0,0,0,0,0,0,0,1,0,0,1,0,0,0,0,0,1,0,0,0,1,0,0,2,0,1,2,0,13,2.6,1,0,2,1,1,16,3.2,19dbddedf07994e2, full,4093,10,1489792499.0, no, outer,3,8, 30s, 4, yes, 4, 4, 4, 5, 3, 3, yes
game15e83f2e11b09434.log,19,1,1,0,1,0,0,0,0,0,0,0,1,0,1,0,0,0,0,0,0,0,0,0,0,0,0,0,1,0,0,0,1,0,0,0,1,0,0,0,0,1,0,0,0,0,0,1,0,0,0,1,2,0,2,0,13,2.6,2,2,1,0,0,9,1.8,19dbddedf07994e2, full,9272,11,1490731637.0, no, outer,3,8, 30s, 4, yes, 4, 4, 4, 5, 3, 3, yes
game161d9b00beafe5a8.log,7,0,2,0,0,0,0,0,0,1,0,0,0,0,1,0,1,0,0,0,0,0,0,0,0,0,0,0,0,1,0,0,0,0,0,1,1,0,1,0,0,0,0,0,0,0,0,0,1,0,0,1,2,0,2,0,13,2.6,1,0,2,1,1,16,3.2,7d6a88e8113679a3, outer,8617,6,1490059424.0, no, outer,3,13, , , , , , , , , , yes
game162630f0f2fe8159.log,15,1,0,0,1,0,0,0,0,1,0,0,1,0,0,0,0,0,1,0,0,0,0,0,0,0,1,0,0,0,0,0,0,1,0,0,0,0,0,0,0,1,0,0,0,1,1,0,0,0,0,1,1,1,2,0,14,2.8,3,0,1,0,1,11,2.2,ca0922b34e670338, full,2048,20,1492581584.0, no, outer,1,13, 40s, 4, yes, 3, 4, 2, 3, 3, 3, yes
game165eb4bcb2e73fcc.log,5,0,0,0,1,0,0,1,0,1,0,0,0,0,0,0,0,0,0,0,0,0,1,0,1,0,0,0,0,0,0,0,0,0,0,0,1,2,0,0,0,0,1,1,0,0,0,0,0,0,0,0,2,0,3,0,16,3.2,1,3,1,0,0,10,2.0,1b17ab93ed1184b4, intentional,3559,16,1491687119.0, no, full,3,8, 40s, 4, yes, 2, 2, 1, 4, 4, 3, yes
game166e64ea9ae7b625.log,17,0,0,0,0,0,1,0,0,0,0,0,1,0,1,0,0,0,0,0,0,0,1,0,1,0,1,0,0,0,0,0,0,2,0,0,2,0,0,0,0,0,0,0,0,0,0,0,0,0,0,1,2,0,2,0,13,2.6,3,0,2,0,0,9,1.8,ae75dd4c2c8dc843, full,1,1,1489698940.0, yes, full,1,1, 50s, 3, no, 1, 1, 1, 4, 3, 4, yes
game168852de6f96db7c.log,1,0,0,1,0,0,0,0,0,1,0,0,1,1,0,0,0,0,0,0,0,0,1,0,0,0,0,0,0,1,0,0,0,1,0,0,0,0,0,0,0,2,0,0,0,0,0,0,1,0,0,0,2,2,1,0,14,2.8,2,0,2,1,0,12,2.4,a490963ae4c840bc, intentional,5,14,1490308461.0, yes, intentional,5,14, 30s, 4, yes, 4, 4, 4, 2, 1, 1, yes
game16dc8a369e3f6566.log,9,0,0,0,1,1,0,0,0,0,0,0,0,0,0,0,0,0,1,0,1,0,0,0,1,0,0,1,1,0,0,1,0,0,1,0,0,1,0,0,0,0,0,0,0,0,0,0,0,0,0,0,0,1,2,2,21,4.2,1,2,1,1,0,12,2.4,393febb284db5d16, intentional,6449,15,1490316902.0, no, intentional,5,15, 40s, 4, yes, 4, 4, 4, 2, 2, 2, yes
game17232610a8cee3c6.log,20,0,0,0,0,0,0,0,0,0,0,1,0,0,0,0,1,0,0,0,1,1,0,0,0,1,0,1,0,0,0,1,0,0,0,0,1,0,1,0,0,1,0,0,0,0,0,0,0,0,0,3,0,0,0,2,13,2.6,3,1,1,0,0,8,1.6,19dbddedf07994e2, outer,978,5,1490733173.0, no, outer,3,8, 30s, 4, yes, 4, 4, 4, 5, 3, 3, yes
game172f57c07a6e6688.log,19,1,1,0,0,0,1,0,0,0,0,0,0,0,1,0,1,0,0,0,0,0,0,0,0,0,0,0,1,0,0,0,1,0,0,0,0,0,0,0,0,0,0,0,1,0,2,0,0,0,0,3,1,0,1,0,9,1.8,2,1,1,1,0,11,2.2,19dbddedf07994e2, outer,9642,11,1490533307.0, no, outer,3,8, 30s, 4, yes, 4, 4, 4, 5, 3, 3, yes
game1743c6eeef8e93d3.log,11,1,0,0,0,0,0,0,1,0,0,0,0,0,0,0,0,0,0,0,0,2,0,1,0,0,0,0,0,2,0,0,0,0,0,0,1,0,0,0,0,0,0,0,1,0,0,1,0,0,0,3,0,2,0,0,9,1.8,1,1,0,3,0,15,3.0,0313454f0e513527, outer,5573,5,1490326167.0, no, outer,2,7, , , , , , , 3, 2, 4, yes
game174ac69b68523c82.log,6,0,0,0,0,0,0,0,0,0,0,0,2,0,1,0,0,0,0,0,0,1,0,1,0,0,0,1,0,0,0,0,0,0,0,1,0,0,0,0,0,0,0,1,0,0,1,0,0,1,0,1,2,1,1,0,12,2.4,1,1,1,1,1,15,3.0,f60bfb6b52b3f702, intentional,1,14,1490329958.0, yes, intentional,1,14, 20s, 4, yes, 3, 4, 2, 2, 1, 2, yes
game17630dc65d0d496c.log,18,0,0,0,0,0,0,0,0,0,0,1,0,1,1,1,0,1,0,0,0,0,0,0,0,0,1,0,0,0,0,0,0,0,0,1,1,1,0,0,0,0,0,0,0,1,0,0,0,0,0,1,1,1,1,1,15,3.0,2,1,0,0,2,14,2.8,ca0922b34e670338, full,6764,17,1492557627.0, no, outer,1,13, 40s, 4, yes, 3, 4, 2, 3, 3, 3, yes
game1766adac92c6a9a3.log,10,0,0,0,0,0,0,0,1,0,0,0,0,0,0,0,1,1,0,0,0,1,0,1,0,0,0,0,0,0,0,1,0,0,0,0,1,0,0,0,1,0,0,1,0,0,0,1,0,0,0,2,1,2,0,0,10,2.0,2,1,1,0,1,12,2.4,8eef91a28eff270a, outer,1,16,1489727984.0, yes, outer,1,16, 30s, 4, yes, 4, 4, 3, 3, 1, 1, yes
game177ed97cd3c34005.log,10,0,0,0,0,0,0,0,0,0,0,1,1,2,0,0,0,0,0,0,0,1,0,0,0,0,1,0,0,1,0,0,0,0,1,0,0,0,0,0,0,0,0,0,0,0,1,1,0,0,0,2,1,2,0,0,10,2.0,2,1,0,2,0,12,2.4,19dbddedf07994e2, intentional,7308,17,1489920945.0, no, outer,3,8, 30s, 4, yes, 4, 4, 4, 5, 3, 3, yes
game17e5d11576d47331.log,13,0,0,1,0,0,0,0,1,0,0,0,0,0,1,0,0,0,0,0,0,2,0,0,0,0,0,0,0,0,0,0,0,0,0,1,0,0,0,0,1,0,0,1,0,0,0,0,0,1,1,2,0,2,1,0,12,2.4,0,0,1,1,3,22,4.4,e55525e0b2004294, outer,1355,13,1490338278.0, no, intentional,5,19, 20s, 4, yes, 4, 4, 4, 3, 3, 3, yes
game181474d02f94e2c2.log,13,0,0,0,0,0,1,0,0,0,0,1,0,0,0,0,0,0,0,1,1,1,0,0,0,0,0,0,0,0,0,1,1,0,0,0,0,0,1,0,0,0,0,0,0,0,1,0,1,0,0,3,0,0,1,1,12,2.4,2,1,2,0,0,10,2.0,11b4d243a5de3777, outer,7533,5,1490334148.0, no, outer,3,3, 20s, 4, yes, 3, 4, 3, 5, 1, 1, yes
game1833ac586d35c506.log,16,0,0,0,0,0,0,0,0,0,0,1,0,0,1,0,0,1,0,0,0,1,0,0,0,1,1,0,0,0,0,0,0,1,0,0,1,1,0,0,0,1,0,0,0,0,0,0,0,0,0,2,1,0,1,1,13,2.6,3,1,1,0,0,8,1.6,2c99b217faca51f8, full,8679,12,1490125071.0, no, outer,3,10, 20s, 4, yes, 4, 4, 4, 4, 2, 4, yes
game183de4985a48c918.log,16,0,0,0,0,0,0,1,0,0,0,0,1,0,0,0,0,0,0,0,1,0,1,0,1,0,2,0,1,0,0,0,0,0,0,0,0,0,0,0,0,0,0,0,1,0,1,0,0,0,0,0,3,0,1,1,15,3.0,3,0,1,1,0,10,2.0,e3f99bfa4535678e, intentional,2736,17,1490339470.0, no, outer,5,4, 20s, 4, yes, 2, 4, 1, 2, 2, 3, yes
game184c997d42188d2f.log,7,0,0,0,0,0,1,0,0,0,0,1,0,0,0,0,1,0,0,0,0,1,0,1,0,0,0,0,0,0,0,0,0,0,1,0,0,0,0,0,0,0,0,2,1,0,0,0,0,1,0,4,0,1,0,0,7,1.4,0,0,2,3,0,18,3.6,19dbddedf07994e2, intentional,3846,3,1490133921.0, no, outer,3,8, 30s, 4, yes, 4, 4, 4, 5, 3, 3, yes
game18badc068d99622d.log,16,0,0,0,0,0,1,1,0,0,0,0,0,0,0,0,0,0,0,1,0,1,0,0,1,0,0,0,0,0,0,0,0,0,0,0,0,0,0,0,0,1,2,0,0,0,0,0,1,0,1,2,1,0,2,0,12,2.4,1,2,1,0,1,13,2.6,ca0922b34e670338, intentional,8227,16,1492716339.0, no, outer,1,13, 40s, 4, yes, 3, 4, 2, 3, 3, 3, yes
game18e358c1ecb63a47.log,10,0,0,0,0,0,0,1,1,0,0,0,0,0,0,0,0,0,1,0,0,0,0,0,2,0,0,0,0,0,0,0,0,0,1,0,0,0,0,1,0,0,1,0,1,0,1,0,0,0,0,0,1,2,2,0,16,3.2,1,1,0,3,0,15,3.0,b42f6b3c826e14ff, full,8365,11,1490305642.0, no, outer,3,5, 30s, 4, yes, 3, 3, 3, 3, 2, 2, yes
game1918bfc28f44ac52.log,15,0,0,0,1,0,1,0,0,0,0,0,2,0,0,0,0,0,0,0,0,1,0,0,0,0,1,0,0,0,0,0,0,0,0,0,0,0,1,1,0,0,1,0,0,0,1,0,0,0,0,2,2,0,1,0,10,2.0,2,1,1,1,0,11,2.2,a9dac7f44bb4198f, intentional,1463,18,1490322931.0, no, outer,4,8, , , , , , , , , , yes
game1963240920653268.log,18,0,0,0,0,0,1,0,0,1,0,0,0,1,1,0,0,0,0,0,0,0,0,0,1,0,0,1,0,0,0,0,0,1,0,1,0,0,0,0,0,0,0,0,0,0,0,0,1,0,1,1,0,1,3,0,16,3.2,0,1,2,0,2,18,3.6,19dbddedf07994e2, full,4545,21,1489962601.0, no, outer,3,8, 30s, 4, yes, 4, 4, 4, 5, 3, 3, yes
game19926652b47d9e59.log,6,0,0,0,0,0,0,0,0,0,0,1,0,2,0,0,1,0,0,0,0,1,0,0,0,0,0,0,1,0,1,0,0,0,0,0,1,0,0,0,0,0,0,1,1,0,0,0,0,0,0,3,0,2,0,0,9,1.8,1,0,2,1,1,16,3.2,efda2105fce657a8, outer,4919,14,1490304363.0, no, full,1,18, 30s, 4, yes, 4, 4, 2, , 4, 2, yes
game19c924cf7f8d1d36.log,15,0,1,1,0,0,0,1,0,0,0,0,0,0,0,0,0,1,0,0,0,0,1,0,0,0,0,1,0,0,0,0,0,0,0,0,2,0,0,0,0,0,0,1,0,0,1,0,0,0,0,0,4,1,0,0,11,2.2,3,1,1,0,0,8,1.6,148a9ac8b8ae8634, intentional,3,13,1490310976.0, yes, intentional,3,13, 40s, 3, yes, 2, 2, 1, 3, 2, 2, yes
game19ed887227bd3a8e.log,20,0,0,0,0,0,0,1,1,0,0,0,0,0,0,0,0,0,0,0,1,1,1,0,0,0,1,0,0,0,0,0,0,0,0,0,0,1,0,0,0,0,0,0,0,0,0,0,1,1,1,1,2,1,0,1,13,2.6,1,1,1,1,1,15,3.0,19dbddedf07994e2, full,2847,8,1489962822.0, no, outer,3,8, 30s, 4, yes, 4, 4, 4, 5, 3, 3, yes
game19ffb24137ff2e95.log,15,0,0,0,1,0,0,0,0,0,0,0,0,0,0,0,1,0,0,0,0,0,0,2,1,0,0,1,0,0,0,0,0,1,0,0,0,0,0,1,0,0,0,1,0,1,0,0,0,0,0,1,0,2,2,0,15,3.0,0,1,2,1,1,17,3.4,46d350a033c35853, full,3,17,1490024958.0, yes, full,3,17, 40s, 3, no, 2, 4, 2, 5, 4, 5, yes
game1a1517fb49ddd623.log,15,0,0,0,0,0,0,0,0,1,0,2,0,0,0,0,0,0,0,0,0,0,1,1,0,0,0,0,0,0,1,1,0,0,0,0,0,0,0,0,0,0,1,1,0,0,0,0,1,0,0,2,1,1,1,0,11,2.2,1,1,2,0,1,14,2.8,ca0922b34e670338, intentional,4377,10,1491766772.0, no, outer,1,13, 40s, 4, yes, 3, 4, 2, 3, 3, 3, yes
game1a295e9e0ba72d6d.log,3,0,1,0,0,0,0,0,0,0,1,0,1,0,0,0,0,1,0,0,0,0,0,0,1,0,0,0,1,0,0,1,0,1,1,0,0,0,0,0,0,1,0,0,0,0,0,0,0,0,0,0,3,0,1,1,15,3.0,2,0,2,1,0,12,2.4,5d82cb8a155dbd34, intentional,1358,16,1490299148.0, no, full,5,21, 20s, 4, yes, 3, 4, 3, 4, 5, 5, yes
game1a6e12e2b4d970cc.log,10,1,0,0,0,0,0,0,0,0,0,0,0,0,1,0,0,0,0,0,0,2,0,0,1,0,1,0,0,0,0,0,0,0,1,0,1,1,0,0,0,0,0,0,0,0,0,0,0,1,0,3,0,0,2,0,11,2.2,2,1,0,2,0,12,2.4,ca0922b34e670338, full,5761,17,1492715262.0, no, outer,1,13, 40s, 4, yes, 3, 4, 2, 3, 3, 3, yes
game1a9b37bd9e647d8a.log,9,0,0,0,0,0,0,0,0,1,0,0,0,0,1,0,0,0,0,0,0,1,1,1,0,0,0,1,0,0,1,0,0,0,0,0,2,0,0,0,0,0,0,0,0,0,1,0,0,0,0,1,1,1,2,0,14,2.8,3,1,0,0,1,10,2.0,ca0922b34e670338, outer,5145,15,1491888092.0, no, outer,1,13, 40s, 4, yes, 3, 4, 2, 3, 3, 3, yes
game1a9df8cc6b4690b7.log,17,1,1,0,0,0,0,0,0,1,0,0,1,0,0,0,1,0,0,0,0,0,0,0,0,0,0,0,1,0,0,0,0,0,0,0,0,0,1,1,0,0,0,0,1,0,0,0,0,0,1,2,2,0,1,0,10,2.0,0,0,2,2,1,19,3.8,19dbddedf07994e2, intentional,9078,11,1489918198.0, no, outer,3,8, 30s, 4, yes, 4, 4, 4, 5, 3, 3, yes
game1aa16cfbe51586b5.log,17,1,0,0,0,1,0,0,1,1,0,1,0,0,0,0,0,0,0,0,0,0,0,0,0,0,0,0,0,1,0,1,0,0,0,1,0,0,0,0,0,0,0,0,0,0,1,0,0,0,1,2,0,1,1,1,14,2.8,2,0,0,1,2,16,3.2,19dbddedf07994e2, intentional,8172,13,1489965817.0, no, outer,3,8, 30s, 4, yes, 4, 4, 4, 5, 3, 3, yes
game1ac083d5d8a69bdd.log,11,0,0,0,0,0,2,0,0,0,1,0,0,0,0,0,1,0,0,1,0,0,0,0,0,0,1,0,0,0,0,0,0,0,1,0,0,0,0,0,0,1,0,0,0,1,0,0,0,0,1,3,0,0,1,1,12,2.4,2,0,0,1,2,16,3.2,fbadf6e2726d706f, outer,2,16,1490308518.0, yes, outer,2,16, 30s, 4, yes, 3, 4, 3, 3, 3, 2, yes
game1ad70efdb6072088.log,14,0,0,1,0,0,0,1,0,1,0,0,0,0,0,0,1,0,0,0,0,0,0,0,0,1,0,0,0,1,0,0,1,0,0,0,1,1,0,0,0,0,0,0,0,1,0,0,0,0,0,1,1,1,1,1,15,3.0,1,2,0,1,1,14,2.8,ca0922b34e670338, full,4546,4,1491842850.0, no, outer,1,13, 40s, 4, yes, 3, 4, 2, 3, 3, 3, yes
game1aeb387871233d54.log,12,0,0,1,0,0,0,0,1,1,0,0,0,0,0,0,1,0,0,0,0,0,0,0,1,0,0,0,0,0,0,1,0,0,0,0,0,1,0,1,0,0,0,0,1,0,0,0,1,0,0,1,0,2,2,0,15,3.0,1,1,1,2,0,14,2.8,19dbddedf07994e2, full,5311,9,1489966513.0, no, outer,3,8, 30s, 4, yes, 4, 4, 4, 5, 3, 3, yes
game1af7ed30b8075316.log,1,0,0,1,0,0,1,0,0,1,0,0,0,1,0,0,0,0,0,0,0,0,0,0,1,0,0,0,0,0,0,1,0,0,1,0,0,1,0,0,1,0,0,0,0,0,0,0,0,1,0,1,0,2,2,0,15,3.0,1,1,0,2,1,16,3.2,ca0922b34e670338, intentional,7215,16,1491768301.0, no, outer,1,13, 40s, 4, yes, 3, 4, 2, 3, 3, 3, yes
game1b13d815fbf27806.log,8,0,0,0,0,0,0,0,2,0,0,0,0,0,1,0,0,1,0,0,0,0,0,0,1,0,0,0,0,0,0,1,0,0,0,0,0,0,1,1,0,0,0,0,1,0,0,1,0,0,0,0,1,2,2,0,16,3.2,1,1,1,2,0,14,2.8,ca0922b34e670338, intentional,1247,18,1492725462.0, no, outer,1,13, 40s, 4, yes, 3, 4, 2, 3, 3, 3, yes
game1b3089a21781e982.log,8,0,0,0,1,0,0,0,0,0,1,0,0,0,0,0,0,0,0,1,1,0,1,0,0,0,1,0,0,0,0,0,0,0,1,0,0,0,1,0,0,0,0,0,0,0,0,0,1,0,1,0,1,0,2,2,20,4.0,1,0,2,1,1,16,3.2,5d82cb8a155dbd34, full,7931,20,1490304856.0, no, full,5,21, 20s, 4, yes, 3, 4, 3, 4, 5, 5, yes
game1b503465a2a38885.log,17,0,0,0,0,0,0,0,0,0,0,0,1,1,0,0,1,0,1,1,0,0,0,0,0,0,0,0,0,0,0,1,0,1,0,0,1,0,0,1,0,1,0,0,0,0,0,0,0,0,0,1,1,2,1,0,13,2.6,3,0,1,1,0,10,2.0,ef8f6f04f04e663d, intentional,5,20,1490114793.0, yes, intentional,5,20, 50s, 4, yes, 4, 3, 4, 3, 2, 2, yes
game1b603b26dc415ad4.log,3,0,1,0,0,0,0,0,1,1,0,0,0,0,0,0,0,0,0,0,0,0,1,0,1,0,1,0,0,0,0,0,1,0,0,0,1,0,1,0,0,0,0,0,0,0,0,0,0,1,0,0,2,1,2,0,15,3.0,2,1,1,1,0,11,2.2,2119fe68a204e42a, intentional,287,17,1490304637.0, no, outer,2,4, 20s, 4, yes, 4, 4, 4, 3, 2, 4, yes
game1b75540bfc5afbf2.log,20,0,0,0,0,0,0,0,1,0,0,0,0,0,1,0,1,1,0,0,0,0,0,1,0,0,0,0,0,0,0,0,0,0,0,0,1,0,1,1,0,0,0,1,1,0,0,0,0,0,0,1,1,2,1,0,13,2.6,1,0,2,2,0,15,3.0,5d82cb8a155dbd34, full,197,6,1490300503.0, no, full,5,21, 20s, 4, yes, 3, 4, 3, 4, 5, 5, yes
game1b88242b1a46f673.log,19,0,0,0,0,0,2,1,0,0,0,0,0,0,1,1,0,0,0,0,0,0,0,0,0,0,1,0,0,0,0,0,0,0,0,0,1,0,0,0,0,1,0,0,0,0,0,2,0,0,0,2,1,0,1,1,13,2.6,3,2,0,0,0,7,1.4,72baf9552ea98e03, full,3,10,1490333927.0, yes, full,3,10, 30s, 4, yes, 3, 4, 3, 3, 2, 2, yes
game1bb76dfff314a13d.log,21,1,0,0,0,0,0,0,0,0,0,0,0,1,0,0,1,1,0,1,0,0,0,0,0,0,0,0,0,0,0,0,1,1,0,0,0,1,0,0,0,0,0,0,0,1,0,1,0,0,0,2,1,1,1,0,11,2.2,0,3,1,0,1,14,2.8,90c7b3288d046c3a, outer,71,3,1492729340.0, no, outer,1,5, 20s, 3, no, 1, 1, 1, 3, 3, 4, yes
game1be4b8ff8365ef08.log,10,1,0,0,0,0,0,0,1,0,0,0,0,1,0,0,0,0,0,0,1,0,0,0,1,0,0,0,0,0,0,0,1,0,1,0,1,0,0,0,0,0,0,1,0,0,1,0,0,0,0,1,0,2,1,1,16,3.2,2,1,1,1,0,11,2.2,2c99b217faca51f8, intentional,3051,15,1490126185.0, no, outer,3,10, 20s, 4, yes, 4, 4, 4, 4, 2, 4, yes
game1be5eaff88b9e109.log,17,0,1,1,0,0,0,1,0,0,0,1,0,0,0,0,0,1,0,0,0,0,0,0,0,0,1,0,0,1,1,0,0,0,0,0,0,0,0,0,0,0,0,1,1,0,0,0,0,0,0,1,3,1,0,0,10,2.0,1,0,1,2,1,17,3.4,5f60b9ee05cf73cc, full,2,18,1490313531.0, yes, full,2,18, 20s, 4, yes, 3, 3, 1, 4, 4, 4, yes
game1c08645c9d80d86a.log,20,1,0,0,0,0,0,0,0,0,0,0,0,0,0,0,0,1,0,0,0,1,0,0,1,1,0,0,0,0,0,0,1,0,1,0,0,0,0,0,0,0,1,0,1,0,1,0,0,0,0,2,1,0,1,1,13,2.6,1,2,0,2,0,13,2.6,ca0922b34e670338, outer,6541,16,1491941209.0, no, outer,1,13, 40s, 4, yes, 3, 4, 2, 3, 3, 3, yes
game1c2071aea681ee54.log,4,1,0,0,1,0,0,0,0,0,0,0,1,0,0,0,1,0,0,1,0,0,0,0,0,0,0,0,1,0,0,0,0,1,0,0,0,0,0,0,0,2,1,0,0,0,0,0,0,0,0,2,1,0,2,0,12,2.4,2,1,2,0,0,10,2.0,f10ef47e05746467, full,4294,6,1490319768.0, no, outer,5,9, 30s, 4, yes, 4, 4, 3, 4, 3, 4, yes
game1c383a84711fffec.log,8,0,1,0,0,0,0,0,0,0,0,0,0,0,0,0,0,1,1,1,0,0,1,0,0,0,0,0,0,1,0,0,0,0,0,0,0,0,0,1,0,0,0,0,0,0,1,1,1,0,0,0,3,1,1,0,13,2.6,1,1,1,2,0,14,2.8,f02e063b29a40b14, outer,2,6,1491445118.0, yes, outer,2,6, 30s, 4, yes, 4, 4, 3, 2, 1, 1, yes
game1c3dba51440cf7e9.log,4,1,0,0,1,0,0,0,0,0,0,0,0,0,0,0,0,0,0,2,0,0,1,0,0,0,0,0,1,1,0,0,0,0,0,0,1,0,0,0,0,0,0,1,0,1,0,0,0,0,0,1,1,0,3,0,15,3.0,1,0,2,1,1,16,3.2,19dbddedf07994e2, outer,4335,9,1489703622.0, no, outer,3,8, 30s, 4, yes, 4, 4, 4, 5, 3, 3, yes
game1c3f687f77de4f26.log,2,0,0,0,0,0,1,0,0,0,0,0,1,0,1,0,0,0,0,1,1,0,0,0,0,0,0,0,1,0,0,0,1,0,0,0,1,0,0,0,0,0,0,1,0,0,0,0,0,1,0,1,1,0,2,1,16,3.2,1,1,2,1,0,13,2.6,19dbddedf07994e2, outer,1771,2,1489917929.0, no, outer,3,8, 30s, 4, yes, 4, 4, 4, 5, 3, 3, yes
game1c5b3826fe822987.log,13,0,0,0,0,0,1,0,0,0,0,1,0,0,0,1,0,1,0,0,0,0,0,1,0,0,1,0,0,0,0,1,1,0,0,0,0,0,0,1,0,0,0,0,0,0,1,0,0,0,0,2,1,1,0,1,12,2.4,3,1,0,1,0,9,1.8,1b17ab93ed1184b4, full,1160,6,1491680859.0, no, full,3,8, 40s, 4, yes, 2, 2, 1, 4, 4, 3, yes
game1c6c713f0aedd57f.log,13,0,0,0,0,0,0,0,2,0,0,0,0,1,0,0,1,0,0,0,0,0,0,1,0,0,1,0,0,1,0,0,0,0,0,0,0,0,0,0,0,0,0,1,1,0,0,0,0,1,0,1,0,4,0,0,13,2.6,1,0,1,3,0,16,3.2,4884f857be239a22, full,2665,16,1489701780.0, no, full,1,18, 20s, 1, no, 1, , 1, 3, 4, 5, yes
game1c879d5f10341a63.log,4,0,0,0,0,0,0,0,1,0,0,0,1,0,0,0,1,0,0,1,1,0,0,0,0,0,0,0,1,0,0,0,1,0,0,0,0,0,0,0,0,0,0,0,0,0,1,1,0,1,0,1,1,1,1,1,15,3.0,1,2,1,1,0,12,2.4,19dbddedf07994e2, intentional,9856,20,1489707160.0, no, outer,3,8, 30s, 4, yes, 4, 4, 4, 5, 3, 3, yes
game1c95a417d1896244.log,15,0,0,0,0,0,0,1,0,1,0,0,1,0,0,0,0,0,0,0,0,1,1,0,0,0,2,0,0,0,0,0,0,0,0,0,0,0,0,0,0,1,0,1,1,0,0,0,0,0,0,1,3,0,1,0,11,2.2,3,0,1,1,0,10,2.0,ca0922b34e670338, outer,5255,17,1492560881.0, no, outer,1,13, 40s, 4, yes, 3, 4, 2, 3, 3, 3, yes
game1cc8cbcedc1b5901.log,19,0,1,0,0,0,0,1,0,0,0,0,0,1,0,0,0,1,0,0,1,0,0,0,0,0,0,1,1,0,0,0,0,0,0,0,0,1,0,0,0,1,0,0,0,0,0,0,0,1,0,0,3,1,0,1,14,2.8,1,2,1,1,0,12,2.4,4f61478ff21223b0, full,4,10,1490320110.0, yes, full,4,10, 30s, 4, yes, 2, 3, 1, 3, 2, 2, yes
game1cd582563479ddd7.log,16,0,0,1,0,1,0,0,0,0,0,0,0,0,1,1,0,0,0,0,1,0,0,0,0,0,0,0,0,0,0,1,0,0,1,0,0,1,0,0,0,0,0,0,0,0,0,1,1,0,0,0,0,1,1,3,22,4.4,1,2,1,1,0,12,2.4,19dbddedf07994e2, intentional,1426,2,1489963367.0, no, outer,3,8, 30s, 4, yes, 4, 4, 4, 5, 3, 3, yes
game1d49485671e17f53.log,18,0,0,0,1,0,0,0,0,0,0,0,0,0,0,0,1,1,0,0,0,0,0,1,0,1,0,0,1,0,1,0,0,0,0,0,1,0,0,0,0,0,0,1,0,0,0,1,0,0,0,1,1,1,1,1,15,3.0,1,1,2,0,1,14,2.8,19dbddedf07994e2, intentional,2106,20,1490135395.0, no, outer,3,8, 30s, 4, yes, 4, 4, 4, 5, 3, 3, yes
game1d5f3635d30ef46d.log,9,0,0,0,0,0,1,0,1,1,0,0,0,1,0,0,1,0,0,0,0,0,0,0,0,0,1,0,0,0,0,0,0,0,0,0,0,1,0,0,0,1,0,0,0,0,1,0,0,1,0,2,0,2,1,0,12,2.4,3,1,0,1,0,9,1.8,ca0922b34e670338, full,5397,18,1491785777.0, no, outer,1,13, 40s, 4, yes, 3, 4, 2, 3, 3, 3, yes
game1db35e80ac0a60d9.log,10,0,1,0,0,0,0,0,0,0,0,0,0,0,1,0,0,0,0,1,0,1,1,0,0,0,0,0,0,0,0,0,0,0,1,0,1,0,1,0,0,1,0,0,1,0,0,0,0,0,0,1,2,0,2,0,13,2.6,2,0,1,2,0,13,2.6,ca0922b34e670338, full,1291,13,1491937517.0, no, outer,1,13, 40s, 4, yes, 3, 4, 2, 3, 3, 3, yes
game1dc5412bbfc5caa5.log,16,1,0,1,0,0,0,1,0,0,0,1,0,0,0,0,0,0,0,0,0,0,1,0,0,0,1,0,1,0,0,0,0,0,0,0,0,0,0,0,1,0,0,1,0,0,1,0,0,0,0,2,2,1,0,0,9,1.8,2,0,2,0,1,13,2.6,ca0922b34e670338, outer,977,5,1492596340.0, no, outer,1,13, 40s, 4, yes, 3, 4, 2, 3, 3, 3, yes
game1dc77e0792b532c2.log,6,0,0,0,0,0,0,0,0,0,0,1,0,0,0,1,1,1,0,0,0,0,0,0,1,0,0,0,2,0,0,0,0,1,0,0,0,0,0,0,0,0,0,0,0,0,0,0,1,0,1,2,1,0,1,1,13,2.6,0,0,4,0,1,17,3.4,ca0922b34e670338, full,4856,12,1491886850.0, no, outer,1,13, 40s, 4, yes, 3, 4, 2, 3, 3, 3, yes
game1dc8e06f37be96e0.log,8,1,0,1,0,0,0,0,0,0,0,0,0,1,0,0,0,0,0,0,0,0,0,0,2,0,0,0,0,0,0,1,0,0,0,0,2,0,0,0,0,0,0,0,0,0,1,1,0,0,0,1,0,2,2,0,15,3.0,4,1,0,0,0,6,1.2,ca0922b34e670338, intentional,5599,15,1491786306.0, no, outer,1,13, 40s, 4, yes, 3, 4, 2, 3, 3, 3, yes
game1dd23c20bba33d2c.log,5,0,0,0,0,1,0,0,1,0,0,0,0,0,1,0,0,0,1,0,0,0,0,0,1,0,0,0,0,0,0,0,0,0,0,0,0,1,0,0,1,0,1,0,0,0,1,0,0,0,1,0,0,2,2,1,19,3.8,1,2,0,0,2,15,3.0,19dbddedf07994e2, intentional,7662,4,1489965515.0, no, outer,3,8, 30s, 4, yes, 4, 4, 4, 5, 3, 3, yes
game1e1a8efab9146cbe.log,7,0,1,0,0,0,0,0,1,0,0,0,0,0,0,0,1,1,0,0,1,0,0,0,0,0,1,0,1,0,0,0,0,0,0,0,1,1,0,1,0,0,0,0,0,0,0,0,0,0,0,1,2,1,0,1,13,2.6,2,1,1,1,0,11,2.2,f10ef47e05746467, intentional,9430,12,1490320076.0, no, outer,5,9, 30s, 4, yes, 4, 4, 3, 4, 3, 4, yes
game1e1e23dc37ec4748.log,20,0,1,0,0,0,0,0,0,0,0,0,0,0,0,1,1,0,0,1,0,0,1,0,0,0,1,1,0,0,1,0,0,0,0,0,0,0,0,0,0,1,0,0,0,0,0,0,1,0,0,1,2,0,1,1,14,2.8,2,1,1,0,1,12,2.4,ca0922b34e670338, outer,2873,16,1491904855.0, no, outer,1,13, 40s, 4, yes, 3, 4, 2, 3, 3, 3, yes
game1e2961d557a3e491.log,19,0,0,0,1,0,0,0,0,0,0,1,0,0,0,0,1,1,1,0,0,0,0,0,0,0,0,0,0,0,0,2,0,0,0,0,2,0,0,0,0,0,0,0,0,0,0,0,0,1,0,2,1,1,1,0,11,2.2,4,0,0,1,0,8,1.6,19dbddedf07994e2, outer,9472,11,1489738438.0, no, outer,3,8, 30s, 4, yes, 4, 4, 4, 5, 3, 3, yes
game1e35b564e10c7a30.log,15,1,0,0,0,0,1,0,0,0,0,0,0,1,0,0,1,1,0,0,0,0,0,0,0,0,0,1,0,0,0,1,0,0,0,0,0,1,0,0,0,0,0,1,0,0,0,1,0,0,0,3,1,1,0,0,8,1.6,1,3,1,0,0,10,2.0,8ccaf453a0801482, intentional,3,15,1490523045.0, yes, intentional,3,15, 20s, 4, yes, 4, 4, 2, 3, 2, 2, yes
game1e3b4cf661e5172e.log,20,1,0,0,0,1,0,0,0,0,0,1,0,0,1,0,0,1,0,0,0,0,0,0,0,0,0,0,0,0,0,1,0,0,1,0,0,0,0,0,0,0,0,0,1,1,0,0,1,0,0,2,1,0,1,1,13,2.6,1,0,1,2,1,17,3.4,ca0922b34e670338, outer,6969,8,1491784060.0, no, outer,1,13, 40s, 4, yes, 3, 4, 2, 3, 3, 3, yes
game1e5cb6231e806d7a.log,19,0,0,0,0,0,1,1,0,0,0,0,1,0,0,0,1,0,0,0,0,0,0,0,1,0,1,0,0,0,0,0,0,1,0,0,0,0,0,1,0,0,0,0,0,0,1,0,1,0,0,2,2,0,1,0,10,2.0,2,0,2,1,0,12,2.4,19dbddedf07994e2, full,8530,20,1489738984.0, no, outer,3,8, 30s, 4, yes, 4, 4, 4, 5, 3, 3, yes
game1e97d3eb0b4ee923.log,10,0,1,0,0,0,1,0,0,0,0,1,0,0,1,0,0,1,0,0,0,0,0,0,0,0,0,0,0,0,0,0,0,1,0,0,0,1,2,0,0,0,0,0,0,0,0,0,1,0,0,2,2,0,1,0,10,2.0,0,1,4,0,0,14,2.8,19dbddedf07994e2, full,9898,9,1490135440.0, no, outer,3,8, 30s, 4, yes, 4, 4, 4, 5, 3, 3, yes
game1eb2c9008de87e95.log,5,0,0,0,0,0,1,0,0,1,0,2,0,0,0,0,0,0,0,0,0,0,0,0,1,0,0,0,1,0,0,0,0,2,0,0,0,0,0,0,0,0,0,0,0,1,0,0,1,0,0,3,0,0,2,0,11,2.2,0,0,4,0,1,17,3.4,ca0922b34e670338, full,9771,9,1491790644.0, no, outer,1,13, 40s, 4, yes, 3, 4, 2, 3, 3, 3, yes
game1eba4346b3e8ab26.log,3,0,1,0,0,0,0,0,0,0,0,0,0,0,1,0,0,0,0,1,0,1,0,0,1,0,0,0,0,0,1,0,0,1,0,0,1,0,0,0,0,0,0,0,0,0,0,1,1,0,0,1,1,0,3,0,15,3.0,1,1,2,0,1,14,2.8,19dbddedf07994e2, outer,8358,4,1490533828.0, no, outer,3,8, 30s, 4, yes, 4, 4, 4, 5, 3, 3, yes
game1ec0b1b6684e35d3.log,12,0,0,0,0,0,1,0,0,0,0,0,1,0,0,0,0,0,1,1,0,1,0,0,0,0,0,1,1,0,0,0,0,0,1,0,0,0,0,0,0,0,0,1,0,1,0,0,0,0,0,2,1,1,1,0,11,2.2,0,1,2,1,1,17,3.4,f10ef47e05746467, intentional,7368,15,1490320808.0, no, outer,5,9, 30s, 4, yes, 4, 4, 3, 4, 3, 4, yes
game1f399ef3ce74ba71.log,7,0,1,0,1,0,0,0,1,0,0,0,1,0,0,0,1,0,0,0,0,0,0,0,0,0,0,0,0,0,0,0,1,0,0,0,2,0,0,0,0,0,0,0,0,0,0,0,0,2,0,1,2,1,1,0,12,2.4,2,1,0,2,0,12,2.4,19dbddedf07994e2, full,2013,11,1489922761.0, no, outer,3,8, 30s, 4, yes, 4, 4, 4, 5, 3, 3, yes
game1f50330fec62ddb6.log,19,0,0,1,0,0,1,0,0,0,0,0,0,0,0,0,0,0,1,0,0,1,0,0,0,1,0,0,0,0,0,0,2,0,0,0,1,0,1,0,0,0,0,0,0,0,1,0,0,0,0,2,0,2,0,1,13,2.6,2,2,1,0,0,9,1.8,2119fe68a204e42a, full,3794,16,1490323560.0, no, outer,2,4, 20s, 4, yes, 4, 4, 4, 3, 2, 4, yes
game1f557cad88eab2aa.log,11,0,1,0,0,0,0,0,0,0,0,1,0,0,0,0,0,0,0,0,0,0,2,0,0,1,2,0,1,0,1,0,0,0,0,0,0,1,0,0,0,0,0,0,0,0,0,0,0,0,0,1,3,0,0,1,12,2.4,2,1,1,0,1,12,2.4,33ba844cbb15fecd, intentional,4793,18,1493053733.0, no, full,3,5, 20s, 3, no, 1, 1, 1, 4, 3, 4, yes
game1f74ca2f04e69072.log,9,0,1,0,0,0,0,1,0,0,0,0,0,0,1,0,0,0,0,0,0,1,0,1,0,0,0,0,2,1,0,0,0,0,0,0,0,0,0,0,0,0,1,0,0,0,0,1,0,0,0,1,2,1,1,0,12,2.4,0,2,2,1,0,14,2.8,19dbddedf07994e2, intentional,5596,20,1490135018.0, no, outer,3,8, 30s, 4, yes, 4, 4, 4, 5, 3, 3, yes
game1f9e16f69ec6f9fe.log,18,1,0,0,0,0,0,0,0,0,0,0,0,0,0,1,0,1,0,0,0,2,0,0,0,0,0,0,0,0,1,0,0,2,0,0,1,0,0,0,0,1,0,0,0,0,0,0,0,0,0,3,1,0,0,1,10,2.0,2,0,2,0,1,13,2.6,ca0922b34e670338, intentional,1077,16,1492561226.0, no, outer,1,13, 40s, 4, yes, 3, 4, 2, 3, 3, 3, yes
game1fb01de8960c51a0.log,4,0,1,0,1,0,0,0,1,0,0,0,0,0,0,0,0,0,1,0,0,0,0,0,1,0,0,0,0,0,0,1,0,0,0,1,1,0,0,0,0,1,0,0,0,0,0,0,1,0,0,0,1,2,2,0,16,3.2,3,0,1,0,1,11,2.2,ca0922b34e670338, intentional,3988,12,1492597745.0, no, outer,1,13, 40s, 4, yes, 3, 4, 2, 3, 3, 3, yes
game1fbaec685a586c23.log,16,1,0,1,0,0,0,0,0,0,0,1,0,1,0,0,0,0,0,0,0,0,0,1,0,0,0,0,1,0,0,1,0,1,0,0,0,0,0,0,0,0,0,0,0,0,1,0,0,0,1,2,0,3,0,0,11,2.2,2,0,2,0,1,13,2.6,19dbddedf07994e2, outer,7401,6,1490733565.0, no, outer,3,8, 30s, 4, yes, 4, 4, 4, 5, 3, 3, yes
game1ff073412474b7df.log,20,0,0,1,0,0,0,0,0,0,1,1,0,1,0,0,0,0,0,0,0,0,0,0,0,1,0,0,0,0,0,0,1,0,0,0,1,0,0,0,0,0,0,0,1,0,0,0,2,0,0,1,0,2,0,2,17,3.4,1,1,2,1,0,13,2.6,19dbddedf07994e2, intentional,5668,12,1490134627.0, no, outer,3,8, 30s, 4, yes, 4, 4, 4, 5, 3, 3, yes
game206ee5e92fce9b9a.log,19,0,0,0,0,0,0,1,1,0,0,0,1,0,0,0,0,0,0,1,0,1,0,0,0,0,0,0,0,0,0,1,0,0,0,0,0,0,0,0,0,0,1,0,1,0,1,0,0,1,0,1,2,1,1,0,12,2.4,2,1,0,2,0,12,2.4,19dbddedf07994e2, outer,5170,8,1489966453.0, no, outer,3,8, 30s, 4, yes, 4, 4, 4, 5, 3, 3, yes
game20c1dba6f33974d8.log,9,0,0,0,0,0,1,0,0,0,0,0,0,0,0,0,1,1,0,0,0,1,1,0,0,0,0,0,0,1,1,0,1,0,1,0,0,0,0,0,0,0,0,0,1,0,0,0,0,0,0,3,2,0,0,0,7,1.4,0,1,0,3,1,19,3.8,ca0922b34e670338, full,4800,17,1491760854.0, no, outer,1,13, 40s, 4, yes, 3, 4, 2, 3, 3, 3, yes
game20e00699a0d9914d.log,15,1,0,0,1,1,0,0,0,0,0,0,0,0,0,1,0,0,0,1,0,0,0,0,0,0,0,1,0,0,0,0,0,1,1,0,0,0,0,1,0,0,0,0,0,0,1,0,0,0,0,1,0,0,2,2,19,3.8,1,1,1,2,0,14,2.8,a1d2c591b99c359a, full,3,15,1490974101.0, yes, full,3,15, 50s, 3, yes, 3, 4, 1, 3, 3, 4, yes
game20fa3dc2d76da602.log,9,0,1,1,0,0,1,0,0,0,0,0,0,0,0,0,0,1,0,0,0,0,0,1,0,0,0,0,0,0,0,0,0,0,0,1,1,1,0,0,0,0,0,1,0,0,1,0,0,0,0,1,2,2,0,0,11,2.2,2,1,1,0,1,12,2.4,19dbddedf07994e2, full,411,8,1490136351.0, no, outer,3,8, 30s, 4, yes, 4, 4, 4, 5, 3, 3, yes
game211975e6ac5e83c8.log,16,0,0,0,0,1,0,0,0,0,0,0,0,1,0,0,1,0,1,0,0,1,0,0,0,0,0,0,0,0,0,1,0,0,0,0,0,1,0,0,0,0,0,0,1,0,1,0,0,1,0,2,0,2,0,1,13,2.6,2,1,0,2,0,12,2.4,19dbddedf07994e2, outer,6669,5,1490533012.0, no, outer,3,8, 30s, 4, yes, 4, 4, 4, 5, 3, 3, yes
game21391d2a463873a9.log,17,0,0,0,1,1,1,0,0,1,0,0,0,1,0,0,0,0,0,0,0,0,0,0,0,0,0,0,0,0,0,0,0,0,0,0,0,0,0,0,0,0,1,0,0,0,1,1,1,0,1,1,0,1,2,1,17,3.4,1,2,1,0,1,13,2.6,ca0922b34e670338, intentional,674,19,1492717035.0, no, outer,1,13, 40s, 4, yes, 3, 4, 2, 3, 3, 3, yes
game2148bbcd5b2f9de7.log,16,0,0,0,0,0,0,0,0,0,0,1,0,1,0,0,1,0,0,0,0,1,0,1,0,0,0,0,0,0,0,0,0,0,0,1,1,0,0,0,0,0,1,0,0,0,0,1,0,1,0,3,0,2,0,0,9,1.8,1,2,0,1,1,14,2.8,2f270b280fb2598d, outer,6761,13,1490878794.0, no, outer,5,4, , , , , , , , , , yes
game218189ffe925e385.log,19,1,0,0,0,0,0,0,0,0,0,1,0,0,0,0,1,0,0,0,0,2,0,0,0,0,0,1,0,0,1,0,0,0,0,0,1,0,0,1,0,0,0,0,1,0,0,0,0,0,0,5,0,0,0,0,5,1.0,1,1,0,2,1,16,3.2,e5bf83d96f9751cf, full,1446,3,1490443174.0, no, full,5,16, , , , , , , 2, 2, 2, yes
game21aeb1656c281dc4.log,7,0,0,0,0,0,1,0,0,0,0,2,0,1,0,0,0,0,0,0,0,1,0,0,0,0,1,0,1,0,0,0,1,0,0,0,0,0,0,0,0,0,1,0,0,0,0,0,1,0,0,4,0,1,0,0,7,1.4,1,2,2,0,0,11,2.2,ca0922b34e670338, outer,8409,9,1491909975.0, no, outer,1,13, 40s, 4, yes, 3, 4, 2, 3, 3, 3, yes
game21cd0b56d422f732.log,9,0,0,0,0,0,0,1,0,0,0,0,0,1,0,0,1,0,0,0,1,1,0,0,0,0,0,0,1,0,0,1,0,0,0,0,0,0,0,0,0,0,0,0,1,0,0,0,1,1,0,2,1,1,0,1,12,2.4,1,0,2,2,0,15,3.0,19dbddedf07994e2, full,3213,17,1490291305.0, no, outer,3,8, 30s, 4, yes, 4, 4, 4, 5, 3, 3, yes
game21d4440dbb7c12ff.log,8,1,1,0,0,0,0,0,0,0,0,0,1,0,0,0,0,1,0,0,0,0,0,0,1,0,0,1,0,0,0,1,0,0,0,0,0,1,0,1,0,0,0,0,0,0,0,0,0,1,0,1,3,0,1,0,11,2.2,1,2,0,2,0,13,2.6,ca0922b34e670338, full,9506,12,1492715642.0, no, outer,1,13, 40s, 4, yes, 3, 4, 2, 3, 3, 3, yes
game21e73ff2147db776.log,18,0,0,1,0,0,0,0,0,0,0,0,1,0,0,1,0,0,0,1,0,0,1,0,0,0,1,0,0,0,0,0,2,1,0,0,0,0,0,0,0,0,0,0,0,0,0,0,0,1,0,0,2,1,1,1,16,3.2,1,2,1,1,0,12,2.4,ca0922b34e670338, intentional,5369,15,1491789002.0, no, outer,1,13, 40s, 4, yes, 3, 4, 2, 3, 3, 3, yes
game222c15902e428879.log,19,0,1,0,0,0,0,1,0,0,0,1,0,0,0,0,1,0,1,0,0,0,0,0,0,0,0,0,0,0,0,0,0,0,0,0,0,1,0,0,0,0,0,1,0,0,1,0,1,0,1,2,2,1,0,0,9,1.8,1,1,2,0,1,14,2.8,19dbddedf07994e2, full,533,13,1489702991.0, no, outer,3,8, 30s, 4, yes, 4, 4, 4, 5, 3, 3, yes
game22406b83786a3a12.log,5,1,0,0,0,0,0,0,0,0,0,0,1,0,0,0,1,0,0,1,0,0,0,1,0,0,0,0,0,1,0,1,1,0,0,0,0,0,0,0,0,0,0,0,0,0,0,1,1,0,0,2,1,1,1,0,11,2.2,1,2,1,1,0,12,2.4,ca0922b34e670338, full,8233,20,1491845171.0, no, outer,1,13, 40s, 4, yes, 3, 4, 2, 3, 3, 3, yes
game22526dd396ec5355.log,17,0,0,0,0,0,0,0,0,0,0,1,0,0,0,0,0,0,0,1,0,1,1,0,1,0,0,0,0,0,0,0,1,0,1,1,1,0,0,0,0,0,0,1,0,0,0,0,0,0,0,2,1,0,2,0,12,2.4,1,1,1,1,1,15,3.0,5f60b9ee05cf73cc, outer,9112,10,1490316310.0, no, full,2,18, 20s, 4, yes, 3, 3, 1, 4, 4, 4, yes
game22572d62ac10f359.log,20,1,0,0,1,0,1,0,0,0,0,1,0,0,0,0,0,0,0,0,0,0,0,0,1,0,0,1,0,0,0,0,0,1,1,0,0,0,0,0,0,1,1,0,0,0,0,0,0,0,0,3,0,0,2,0,11,2.2,1,2,1,1,0,12,2.4,19dbddedf07994e2, full,7249,15,1489735520.0, no, outer,3,8, 30s, 4, yes, 4, 4, 4, 5, 3, 3, yes
game228415f0e196fa31.log,9,0,1,0,0,0,0,0,0,0,0,0,0,0,0,1,0,0,0,1,0,1,0,1,0,0,0,0,0,0,0,0,0,0,0,0,1,0,0,0,0,2,0,0,0,0,0,1,0,0,1,1,1,1,1,1,15,3.0,3,1,0,0,1,10,2.0,911b50e2486c6186, intentional,2,19,1490398335.0, yes, intentional,2,19, 20s, 4, yes, 2, 4, 2, 3, 2, 2, yes
game228a9f4bf373839e.log,19,1,1,0,0,0,0,0,0,0,0,0,0,1,0,1,0,0,0,0,0,0,0,0,1,0,0,0,1,0,0,1,0,0,0,0,0,1,0,0,0,0,0,1,0,0,1,0,0,0,0,1,1,1,1,1,15,3.0,2,1,2,0,0,10,2.0,19dbddedf07994e2, outer,8257,19,1489794321.0, no, outer,3,8, 30s, 4, yes, 4, 4, 4, 5, 3, 3, yes
game22a6c794d321ac6b.log,8,0,0,0,0,0,0,1,0,0,0,0,0,0,0,0,2,0,1,0,0,0,0,1,0,0,0,0,1,0,0,0,0,2,0,0,1,0,1,0,0,0,0,0,0,0,0,0,0,0,0,2,1,2,0,0,10,2.0,1,0,4,0,0,13,2.6,ca0922b34e670338, outer,6555,5,1491763828.0, no, outer,1,13, 40s, 4, yes, 3, 4, 2, 3, 3, 3, yes
game22aa27a140c737a1.log,11,0,0,0,0,0,0,0,0,1,0,0,0,0,1,0,0,0,0,0,1,0,2,0,0,0,0,0,0,0,1,1,0,0,0,0,1,0,0,1,1,0,0,0,0,0,0,0,0,0,0,0,2,0,2,1,17,3.4,2,0,0,1,2,16,3.2,90c7b3288d046c3a, outer,87,8,1492733770.0, no, outer,1,5, 20s, 3, no, 1, 1, 1, 3, 3, 4, yes
game22e135d9798706cf.log,17,0,0,0,0,1,1,0,0,1,0,0,0,1,0,0,0,1,0,0,0,0,0,0,0,0,0,1,1,0,0,1,0,0,0,0,0,0,0,0,0,0,0,0,0,0,1,1,0,0,0,1,1,1,1,1,15,3.0,2,2,1,0,0,9,1.8,ca0922b34e670338, full,7413,13,1491761978.0, no, outer,1,13, 40s, 4, yes, 3, 4, 2, 3, 3, 3, yes
game22f3f983a9d64c35.log,6,1,1,0,0,0,1,0,0,0,0,0,0,0,0,0,1,0,0,0,0,1,0,0,0,0,0,0,0,1,0,0,1,1,0,0,0,0,0,0,0,0,1,0,0,0,0,1,0,0,0,4,1,0,0,0,6,1.2,0,3,1,1,0,13,2.6,19dbddedf07994e2, intentional,1882,9,1490134436.0, no, outer,3,8, 30s, 4, yes, 4, 4, 4, 5, 3, 3, yes
game23366b328b363d1f.log,8,0,0,0,0,0,1,0,0,0,0,1,0,0,0,0,2,0,0,1,0,0,0,0,0,0,1,0,1,0,0,0,0,0,0,0,0,1,0,1,1,0,0,0,0,0,0,0,0,0,0,4,0,0,1,0,8,1.6,1,1,1,1,1,15,3.0,19dbddedf07994e2, outer,5663,2,1490134813.0, no, outer,3,8, 30s, 4, yes, 4, 4, 4, 5, 3, 3, yes
game2349e21f1eedb590.log,18,0,0,0,0,0,0,0,0,0,0,0,0,1,1,0,0,1,1,0,1,0,0,0,0,0,0,1,1,0,1,1,0,0,0,0,1,0,0,0,0,0,0,0,0,0,0,0,0,0,0,0,1,2,1,1,17,3.4,2,1,1,0,1,12,2.4,80b582ddeb40b2ce, full,5562,12,1490324088.0, no, intentional,1,18, 20s, 4, yes, 3, 4, 3, 2, 1, 1, yes
game23675254054bb979.log,15,0,0,0,0,0,0,1,1,0,0,0,1,0,0,0,0,0,0,1,0,1,0,0,0,0,0,0,0,0,0,1,0,0,0,0,0,0,0,0,0,0,1,0,1,0,1,0,0,1,0,1,2,1,1,0,12,2.4,2,1,0,2,0,12,2.4,46e8a5186d238bc1, full,8785,20,1490379104.0, no, full,4,12, 20s, 4, yes, 2, 4, 2, 3, 4, 4, yes
game236ccbd98e710218.log,7,0,0,0,0,0,1,0,0,0,0,0,0,0,1,0,0,1,0,0,1,0,1,0,0,0,0,0,0,1,0,0,0,1,0,1,0,0,0,0,0,0,0,0,0,0,0,1,0,1,0,1,2,0,1,1,14,2.8,0,1,1,2,1,18,3.6,95d41a301cf5e2b3, outer,8645,7,1490313956.0, no, intentional,1,17, 30s, 4, yes, 3, 4, 1, 3, 2, 2, yes
game2390f3274102833d.log,16,0,0,1,0,0,0,1,0,1,0,0,0,1,0,0,0,0,1,0,0,0,0,0,0,0,1,1,0,0,0,1,0,0,0,0,1,0,1,0,0,0,0,0,0,0,0,0,0,0,0,0,1,3,1,0,15,3.0,3,1,1,0,0,8,1.6,19dbddedf07994e2, intentional,948,6,1490732582.0, no, outer,3,8, 30s, 4, yes, 4, 4, 4, 5, 3, 3, yes
game2393184832201585.log,21,0,0,0,1,0,0,1,0,0,0,0,1,0,1,0,0,0,1,0,0,0,0,0,0,0,1,0,0,0,0,1,0,0,0,0,1,0,0,0,0,0,1,0,0,0,1,0,0,0,0,0,2,1,2,0,15,3.0,4,1,0,0,0,6,1.2,11b4d243a5de3777, intentional,9588,19,1490334470.0, no, outer,3,3, 20s, 4, yes, 3, 4, 3, 5, 1, 1, yes
game23bd12381cf19918.log,21,1,0,0,0,0,0,0,0,0,0,0,0,1,0,0,1,0,1,0,0,0,1,0,0,0,2,0,0,0,0,0,0,0,0,0,0,0,0,2,0,0,0,0,1,0,0,0,0,0,0,2,1,2,0,0,10,2.0,2,0,0,3,0,14,2.8,90c7b3288d046c3a, outer,1434,14,1492732810.0, no, outer,1,5, 20s, 3, no, 1, 1, 1, 3, 3, 4, yes
game23c1b9407a11028b.log,15,2,0,0,0,0,0,0,1,1,0,1,0,0,0,0,0,0,0,0,0,0,0,0,0,0,0,0,0,0,0,0,1,0,0,0,1,1,0,0,0,0,0,0,0,0,0,1,0,1,0,3,0,1,1,0,10,2.0,1,3,0,1,0,11,2.2,ca0922b34e670338, outer,7287,17,1492592106.0, no, outer,1,13, 40s, 4, yes, 3, 4, 2, 3, 3, 3, yes
game240c9fc2165b78d2.log,14,0,0,0,0,0,1,0,1,0,0,0,1,0,0,0,0,0,0,0,0,1,0,1,0,0,1,2,0,0,0,0,0,0,0,0,0,0,1,0,0,0,1,0,0,0,0,0,0,0,0,2,1,2,0,0,10,2.0,1,3,1,0,0,10,2.0,19dbddedf07994e2, full,8604,18,1489919895.0, no, outer,3,8, 30s, 4, yes, 4, 4, 4, 5, 3, 3, yes
game2414a824633503ba.log,8,1,0,0,1,0,0,0,0,0,0,1,0,0,0,0,0,0,0,0,0,0,0,1,1,0,0,1,0,0,0,0,0,0,0,0,0,0,0,0,0,0,2,0,1,0,1,0,0,0,0,2,0,1,2,0,13,2.6,1,3,0,1,0,11,2.2,74713c9049904ddf, outer,4,7,1490335428.0, yes, outer,4,7, 30s, 4, yes, 3, 4, 1, 3, 3, 4, yes
game2468d812b061a6e3.log,12,1,0,0,0,0,0,0,2,1,0,0,0,0,0,0,1,0,0,0,0,0,0,0,0,0,0,0,0,0,0,2,0,0,0,0,1,0,0,0,0,0,0,0,0,0,0,1,0,1,0,2,0,2,1,0,12,2.4,3,1,0,1,0,9,1.8,90c7b3288d046c3a, outer,6677,4,1492730394.0, no, outer,1,5, 20s, 3, no, 1, 1, 1, 3, 3, 4, yes
game248f3f96d95f78ae.log,7,1,0,0,0,0,0,0,0,1,0,0,0,0,1,0,0,0,0,0,0,1,1,0,0,0,0,0,0,0,0,0,0,0,0,0,1,1,1,0,0,0,0,0,0,0,1,0,0,0,1,2,1,0,2,0,12,2.4,2,1,1,0,1,12,2.4,9b19bf2e8fb8e2f1, outer,647,3,1490318794.0, no, outer,2,12, 30s, 4, yes, 3, 3, 2, 4, 4, 4, yes
game24b2dd0f45bd1889.log,11,1,0,1,0,1,0,0,0,0,0,0,0,0,0,0,0,0,0,1,0,0,0,0,0,1,1,0,0,0,0,0,0,0,0,0,0,0,0,0,0,0,1,0,0,0,0,0,2,1,0,1,0,1,1,2,18,3.6,1,1,2,1,0,13,2.6,5d82cb8a155dbd34, full,7743,16,1490304234.0, no, full,5,21, 20s, 4, yes, 3, 4, 3, 4, 5, 5, yes
game24b5f3e6856525f1.log,16,0,0,0,1,0,0,0,0,1,0,2,0,1,0,0,0,0,0,0,0,0,0,0,0,0,1,0,0,0,0,1,0,0,0,0,0,0,0,0,0,1,0,0,0,1,1,0,0,0,0,2,0,1,2,0,13,2.6,4,0,0,0,1,9,1.8,ca0922b34e670338, outer,2377,5,1492555561.0, no, outer,1,13, 40s, 4, yes, 3, 4, 2, 3, 3, 3, yes
game250d6298c2485cb2.log,9,0,0,1,1,0,0,0,0,0,1,1,0,0,0,0,0,0,0,1,0,0,0,0,0,0,1,0,0,0,0,0,2,0,0,0,0,0,0,0,0,1,0,0,0,0,1,0,0,0,0,1,0,1,2,1,17,3.4,3,2,0,0,0,7,1.4,19dbddedf07994e2, full,2846,15,1490533260.0, no, outer,3,8, 30s, 4, yes, 4, 4, 4, 5, 3, 3, yes
game251dab58560dbea4.log,10,0,0,0,0,0,0,0,2,0,0,1,0,0,0,0,0,0,0,0,0,1,0,1,0,0,0,1,0,1,0,0,0,0,0,1,0,0,1,0,0,0,0,1,0,0,0,0,0,0,0,2,0,3,0,0,11,2.2,0,1,2,1,1,17,3.4,cdef71d5c1475ff1, intentional,1,7,1490309997.0, yes, intentional,1,7, 30s, 4, yes, 3, 3, 2, 2, 1, 2, yes
game257ff63d77f2b9eb.log,21,0,0,1,0,0,0,1,0,0,0,1,0,0,0,0,0,0,0,1,0,0,0,0,1,0,1,1,0,0,0,0,1,0,0,0,0,1,0,0,0,1,0,0,0,0,0,0,0,0,0,1,1,1,2,0,14,2.8,2,3,0,0,0,8,1.6,ca0922b34e670338, full,8708,15,1491762263.0, no, outer,1,13, 40s, 4, yes, 3, 4, 2, 3, 3, 3, yes
game2646907187b0ad8b.log,21,1,0,0,0,0,2,0,0,0,0,0,0,1,0,0,0,1,0,0,0,0,0,0,0,0,0,1,2,0,0,0,0,0,0,0,0,0,0,0,0,1,0,1,0,0,0,0,0,0,0,3,1,1,0,0,8,1.6,1,1,3,0,0,12,2.4,19dbddedf07994e2, intentional,1987,20,1490533963.0, no, outer,3,8, 30s, 4, yes, 4, 4, 4, 5, 3, 3, yes
game2647fd616a1e71a4.log,21,0,0,0,0,0,1,2,0,0,0,0,0,0,0,0,0,0,0,0,0,1,0,0,0,1,1,0,0,0,0,0,0,1,0,0,1,0,0,0,0,0,0,0,1,0,1,0,0,0,0,2,2,0,0,1,11,2.2,3,0,1,1,0,10,2.0,ca0922b34e670338, intentional,9724,19,1491875858.0, no, outer,1,13, 40s, 4, yes, 3, 4, 2, 3, 3, 3, yes
game2677bac9f0866544.log,17,0,0,0,0,1,2,0,0,0,0,0,0,0,0,0,0,0,1,0,1,0,0,0,0,0,0,0,0,0,0,0,0,0,0,0,1,0,0,0,0,1,1,0,0,0,1,0,0,1,0,2,0,1,0,2,15,3.0,3,1,0,1,0,9,1.8,19dbddedf07994e2, full,7873,5,1490290881.0, no, outer,3,8, 30s, 4, yes, 4, 4, 4, 5, 3, 3, yes
game268abaa70c49d35b.log,3,0,0,0,0,1,0,0,0,1,0,2,0,0,0,0,0,0,0,0,0,0,0,0,1,0,0,1,0,1,0,1,0,0,0,0,0,0,0,0,0,0,0,0,1,0,0,0,0,1,0,2,0,0,2,1,15,3.0,1,1,0,3,0,15,3.0,90c7b3288d046c3a, outer,1,5,1492726796.0, yes, outer,1,5, 20s, 3, no, 1, 1, 1, 3, 3, 4, yes
game26b9ff9d887f7baf.log,3,0,1,1,1,0,1,0,0,0,0,1,0,0,0,0,0,0,0,0,0,0,0,0,0,0,0,0,1,0,0,0,1,0,1,0,0,0,1,0,0,0,0,0,0,0,0,1,0,0,0,2,1,1,1,0,11,2.2,0,2,2,1,0,14,2.8,19dbddedf07994e2, intentional,8377,4,1490732376.0, no, outer,3,8, 30s, 4, yes, 4, 4, 4, 5, 3, 3, yes
game27263e573fef349a.log,6,0,0,1,0,0,0,0,0,0,0,0,1,0,0,0,1,0,0,0,0,1,0,0,0,1,0,0,0,1,0,0,0,0,0,0,2,1,0,0,0,0,0,0,0,0,0,1,0,0,0,2,1,1,0,1,12,2.4,2,2,0,1,0,10,2.0,19dbddedf07994e2, outer,9997,12,1490723259.0, no, outer,3,8, 30s, 4, yes, 4, 4, 4, 5, 3, 3, yes
game2739933c039faa76.log,6,0,1,1,0,0,0,0,0,0,0,0,1,0,1,0,1,0,0,0,0,0,0,0,0,0,1,0,0,0,1,1,1,0,0,0,0,0,0,0,0,0,0,0,0,0,0,1,0,0,0,1,2,1,1,0,12,2.4,2,2,0,0,1,11,2.2,e3f99bfa4535678e, full,3857,2,1490343932.0, no, outer,5,4, 20s, 4, yes, 2, 4, 1, 2, 2, 3, yes
game274f500d18677fa5.log,16,0,1,0,0,0,1,0,0,0,0,0,1,0,0,0,1,0,1,0,0,0,0,0,0,0,1,0,0,0,1,0,0,0,0,0,0,0,1,0,1,0,0,0,0,1,0,0,0,0,0,2,2,1,0,0,9,1.8,1,0,1,0,3,19,3.8,19dbddedf07994e2, intentional,3787,15,1489827409.0, no, outer,3,8, 30s, 4, yes, 4, 4, 4, 5, 3, 3, yes
game27686a489d8f5836.log,21,0,0,0,0,1,0,0,0,1,0,1,0,0,0,0,0,1,1,0,0,0,0,0,0,0,1,0,0,0,0,2,0,0,0,0,0,0,0,0,0,0,0,0,1,0,1,0,0,0,0,1,1,1,1,1,15,3.0,4,0,0,1,0,8,1.6,19dbddedf07994e2, full,9140,21,1489736440.0, no, outer,3,8, 30s, 4, yes, 4, 4, 4, 5, 3, 3, yes
game27838580cdcfc266.log,14,0,0,0,0,0,0,1,1,0,0,0,0,0,0,0,0,1,0,1,0,0,0,1,0,0,1,0,0,0,0,0,0,0,1,0,0,0,0,0,1,0,1,0,0,0,1,0,0,0,0,0,2,2,1,0,14,2.8,2,1,0,1,1,13,2.6,19dbddedf07994e2, full,969,2,1489962879.0, no, outer,3,8, 30s, 4, yes, 4, 4, 4, 5, 3, 3, yes
game278c38e6c56edf51.log,19,0,1,0,0,0,0,0,0,1,0,0,0,0,0,0,1,1,0,0,0,0,0,0,0,1,0,0,0,1,0,1,0,0,0,0,2,0,0,0,0,0,0,0,0,0,0,0,1,0,0,1,2,0,1,1,14,2.8,3,0,1,1,0,10,2.0,2119fe68a204e42a, intentional,2634,16,1490310027.0, no, outer,2,4, 20s, 4, yes, 4, 4, 4, 3, 2, 4, yes
game279cb541f5b32cb8.log,18,0,0,0,0,0,0,0,0,0,1,0,0,0,1,0,0,1,0,0,0,1,0,1,0,0,0,0,0,1,0,0,0,0,1,0,1,0,0,0,0,0,1,1,0,0,0,0,0,0,0,1,1,1,1,1,15,3.0,1,1,1,2,0,14,2.8,41fe59b152ca64d1, outer,1,15,1492463013.0, yes, outer,1,15, 20s, 3, no, 1, 1, 1, 4, 3, 3, yes
game27dec8ace8b5f106.log,10,0,0,1,0,0,0,0,0,0,0,0,0,0,0,0,0,1,0,0,1,1,0,0,1,0,0,0,0,0,0,0,0,0,1,0,1,0,0,1,0,1,0,0,0,0,0,0,0,1,0,1,1,1,1,1,15,3.0,2,0,0,3,0,14,2.8,19dbddedf07994e2, intentional,1973,15,1489965723.0, no, outer,3,8, 30s, 4, yes, 4, 4, 4, 5, 3, 3, yes
game2815c8f034f37e50.log,21,0,0,0,2,0,0,0,0,0,0,0,1,0,0,0,0,0,0,1,0,0,0,0,1,0,1,0,0,0,0,1,0,0,0,0,1,1,0,0,0,0,0,0,0,0,0,1,0,0,0,0,1,0,4,0,18,3.6,3,2,0,0,0,7,1.4,ca0922b34e670338, outer,6334,7,1491940387.0, no, outer,1,13, 40s, 4, yes, 3, 4, 2, 3, 3, 3, yes
game283b706dc2c3fbc3.log,2,1,0,0,1,0,0,0,0,1,0,1,0,0,0,0,0,0,0,0,0,0,1,0,0,0,0,0,0,1,0,0,0,0,0,0,0,0,0,0,0,1,0,1,0,0,2,0,0,0,0,2,1,0,2,0,12,2.4,3,0,1,1,0,10,2.0,19dbddedf07994e2, intentional,1619,9,1490135268.0, no, outer,3,8, 30s, 4, yes, 4, 4, 4, 5, 3, 3, yes
game2847d67de5977ad3.log,17,1,0,0,1,0,0,0,1,0,0,0,1,0,1,0,0,0,0,0,0,0,0,0,0,0,1,1,0,1,0,1,0,0,0,0,0,1,0,0,0,0,0,0,0,0,0,0,0,0,0,1,1,1,2,0,14,2.8,2,2,0,1,0,10,2.0,ca0922b34e670338, full,649,4,1491794608.0, no, outer,1,13, 40s, 4, yes, 3, 4, 2, 3, 3, 3, yes
game286d9eaa877a8edf.log,17,0,0,0,0,0,1,1,0,0,0,0,1,1,0,0,0,0,0,0,0,0,1,0,0,0,1,0,0,0,0,0,0,0,1,0,1,0,0,1,1,0,0,0,0,0,0,0,0,0,0,1,3,1,0,0,10,2.0,2,0,0,2,1,15,3.0,b42f6b3c826e14ff, intentional,3556,17,1490305384.0, no, outer,3,5, 30s, 4, yes, 3, 3, 3, 3, 2, 2, yes
game28c8c73d5ac8d1a1.log,17,0,0,0,1,0,0,1,1,1,0,0,0,0,0,0,0,0,0,0,0,0,0,0,1,0,0,0,0,1,0,1,0,0,0,1,0,0,0,1,0,0,0,0,0,0,1,0,0,0,0,0,1,1,3,0,17,3.4,2,0,0,2,1,15,3.0,2119fe68a204e42a, full,4798,22,1490322998.0, no, outer,2,4, 20s, 4, yes, 4, 4, 4, 3, 2, 4, yes
game28eec5982cbd4330.log,21,0,1,0,0,0,0,0,0,0,0,0,0,0,0,1,0,0,1,0,0,1,0,0,1,0,2,0,0,0,0,0,1,0,0,0,0,0,0,0,0,0,0,0,1,0,0,1,0,0,0,1,1,1,1,1,15,3.0,2,2,0,1,0,10,2.0,ca0922b34e670338, intentional,6043,19,1492716794.0, no, outer,1,13, 40s, 4, yes, 3, 4, 2, 3, 3, 3, yes
game28f5f6e1e8ef7460.log,17,0,0,0,0,0,1,0,0,1,0,0,0,0,1,0,0,0,0,0,0,0,1,0,0,1,1,1,1,0,0,0,0,0,0,0,0,0,0,0,0,0,0,0,1,0,0,0,1,0,0,1,1,0,2,1,16,3.2,1,1,2,1,0,13,2.6,19dbddedf07994e2, full,9606,20,1489830477.0, no, outer,3,8, 30s, 4, yes, 4, 4, 4, 5, 3, 3, yes
game292febed0b3eb539.log,8,0,0,0,0,0,0,0,0,0,0,0,1,1,0,0,0,0,0,0,1,1,0,0,1,0,0,0,0,0,0,0,2,1,1,0,0,0,1,0,0,0,0,0,0,0,0,0,0,0,0,1,1,1,1,1,15,3.0,0,2,2,1,0,14,2.8,ca0922b34e670338, full,7497,17,1492716151.0, no, outer,1,13, 40s, 4, yes, 3, 4, 2, 3, 3, 3, yes
game29c94745eaf2ac08.log,3,0,1,0,0,0,1,1,0,0,0,0,1,0,0,0,0,1,0,0,0,0,0,0,0,0,0,0,0,1,0,0,0,0,0,0,0,1,1,1,0,0,0,0,0,0,1,0,0,0,0,1,4,0,0,0,9,1.8,1,1,1,2,0,14,2.8,ca0922b34e670338, intentional,3421,17,1492707874.0, no, outer,1,13, 40s, 4, yes, 3, 4, 2, 3, 3, 3, yes
game2a00abee2226b0d0.log,9,1,0,0,0,1,1,0,0,0,0,0,0,0,0,0,0,0,0,0,0,0,1,0,1,0,0,0,0,0,0,0,1,2,0,0,0,0,0,0,0,1,0,0,0,0,1,0,0,0,0,2,1,0,1,1,13,2.6,2,1,2,0,0,10,2.0,19dbddedf07994e2, outer,5262,3,1490533322.0, no, outer,3,8, 30s, 4, yes, 4, 4, 4, 5, 3, 3, yes
game2a1f5fe2ceeb8c28.log,10,0,0,0,1,0,1,0,0,0,0,0,0,1,0,0,0,1,0,0,0,0,0,0,1,0,0,0,0,0,0,0,1,0,0,0,0,1,0,1,1,0,0,0,0,0,0,0,1,0,0,1,1,1,2,0,14,2.8,0,2,1,1,1,16,3.2,4129b562fe425a0b, full,8058,20,1490278604.0, no, full,4,2, 20s, 4, yes, 4, 4, 4, 4, 1, 4, yes
game2a50fb7f25b9d83d.log,11,2,1,0,0,0,0,1,0,0,0,0,0,0,0,0,0,0,0,0,1,0,0,0,0,0,0,0,0,0,0,0,0,0,0,0,0,1,0,0,0,0,0,1,1,0,2,0,0,0,0,2,2,0,0,1,11,2.2,2,1,1,1,0,11,2.2,ca0922b34e670338, full,5457,9,1492587778.0, no, outer,1,13, 40s, 4, yes, 3, 4, 2, 3, 3, 3, yes
game2a87196f009ad643.log,18,1,0,1,1,0,1,0,0,0,0,0,0,1,0,0,0,0,0,0,0,0,0,0,0,0,0,0,0,0,0,1,0,0,0,0,2,0,0,0,0,1,0,0,1,0,0,0,0,0,0,2,0,2,1,0,12,2.4,4,0,0,1,0,8,1.6,19dbddedf07994e2, outer,2845,5,1489706445.0, no, outer,3,8, 30s, 4, yes, 4, 4, 4, 5, 3, 3, yes
game2ab51ee6313ad5b1.log,9,0,0,0,0,0,1,0,0,0,0,2,0,1,0,0,0,0,0,0,0,0,0,1,0,0,0,0,0,0,0,1,0,0,0,0,0,1,0,0,1,1,0,0,0,0,1,0,0,0,0,3,0,2,0,0,9,1.8,3,1,0,0,1,10,2.0,19dbddedf07994e2, intentional,161,15,1489918562.0, no, outer,3,8, 30s, 4, yes, 4, 4, 4, 5, 3, 3, yes
game2aed5658052a9c09.log,7,2,0,0,0,0,0,0,1,0,0,1,0,0,0,0,0,0,0,0,0,0,1,0,0,0,0,0,0,0,0,2,1,1,1,0,0,0,0,0,0,0,0,0,0,0,0,0,0,0,0,3,1,1,0,0,8,1.6,2,1,1,1,0,11,2.2,ca0922b34e670338, full,7191,20,1492708310.0, no, outer,1,13, 40s, 4, yes, 3, 4, 2, 3, 3, 3, yes
game2b0ce2380d878acc.log,19,0,0,0,0,0,0,1,1,0,1,0,0,0,0,0,1,0,0,1,0,0,0,0,0,0,1,0,1,0,0,0,0,0,0,0,0,0,0,0,0,1,2,0,0,0,0,0,0,0,0,1,1,1,1,1,15,3.0,2,2,1,0,0,9,1.8,d2f1c88c0be4a19b, intentional,4,13,1490126037.0, yes, intentional,4,13, 30s, 4, yes, 3, 4, 1, 2, 2, 2, yes
game2b29bfb08a026ceb.log,11,1,0,1,0,0,0,0,1,0,0,1,0,0,0,0,0,0,0,0,0,1,0,0,0,0,0,0,1,0,1,1,0,0,0,0,0,0,0,0,0,1,0,0,0,0,0,1,0,0,0,3,0,2,0,0,9,1.8,2,1,1,0,1,12,2.4,6ccededecee01838, intentional,3982,17,1490074157.0, no, intentional,2,18, , , , , , , , , , yes
game2b6989995d66f834.log,8,0,0,0,1,0,1,0,0,0,0,1,0,0,1,0,0,0,0,0,0,1,0,0,0,0,0,0,0,1,0,0,0,0,1,0,0,0,0,0,0,0,0,1,0,0,1,0,1,0,0,3,0,0,2,0,11,2.2,1,0,2,2,0,15,3.0,19dbddedf07994e2, intentional,1419,19,1489964288.0, no, outer,3,8, 30s, 4, yes, 4, 4, 4, 5, 3, 3, yes
game2b70290d8555855f.log,19,0,0,0,0,0,0,0,0,0,0,0,1,0,1,0,0,1,0,0,0,0,0,0,2,0,0,0,0,0,0,1,0,1,0,0,0,1,1,0,0,1,0,0,0,0,0,0,0,0,0,0,2,0,3,0,16,3.2,2,1,2,0,0,10,2.0,09d75720fe852e72, intentional,2,16,1490307362.0, yes, intentional,2,16, 20s, 4, yes, 4, 4, 4, 2, 2, 1, yes
game2b8bd8181d185244.log,8,0,0,0,0,0,1,0,0,0,0,0,0,1,0,0,2,0,0,0,0,0,0,0,1,0,0,0,0,0,0,0,0,1,1,0,2,0,0,0,0,0,0,1,0,0,0,0,0,0,0,3,0,1,1,0,10,2.0,2,0,2,1,0,12,2.4,e3f99bfa4535678e, outer,7950,17,1490340412.0, no, outer,5,4, 20s, 4, yes, 2, 4, 1, 2, 2, 3, yes
game2bb1fe1ba12a77e4.log,7,0,0,1,0,0,0,1,0,0,0,0,0,0,0,0,0,1,0,1,0,0,1,0,0,0,0,1,0,0,0,0,0,0,0,0,0,1,0,1,0,0,0,0,1,0,1,0,0,0,0,0,3,1,1,0,13,2.6,1,2,0,2,0,13,2.6,e55525e0b2004294, full,1143,17,1490340718.0, no, intentional,5,19, 20s, 4, yes, 4, 4, 4, 3, 3, 3, yes
game2bbe4d8a0321c053.log,17,1,0,0,0,0,0,2,0,0,0,0,0,0,0,0,1,1,0,0,0,0,0,0,0,0,1,0,0,1,0,0,0,1,0,0,1,0,0,0,0,0,0,0,0,0,1,0,0,0,0,2,3,0,0,0,8,1.6,3,0,1,1,0,10,2.0,7c26a1292a2fb6e4, outer,2,5,1490303766.0, yes, outer,2,5, 40s, 4, yes, 4, 4, 4, 3, 1, 2, yes
game2bca822cf7ce1bd2.log,15,0,0,1,0,1,0,1,0,0,0,0,0,0,0,1,0,0,0,0,0,0,1,0,0,0,0,0,0,0,0,0,0,0,1,0,0,0,0,0,0,1,1,0,1,0,1,0,0,0,0,0,2,1,0,2,17,3.4,2,1,0,2,0,12,2.4,90c7b3288d046c3a, full,7671,10,1492733189.0, no, outer,1,5, 20s, 3, no, 1, 1, 1, 3, 3, 4, yes
game2c0dd407f40244f4.log,6,1,0,1,0,0,0,0,0,0,0,0,0,0,0,0,0,1,0,0,0,1,0,1,0,0,0,1,0,1,0,0,0,1,0,0,0,0,0,0,0,1,0,0,0,1,0,0,0,0,0,2,1,2,0,0,10,2.0,1,1,1,1,1,15,3.0,ca0922b34e670338, outer,5742,16,1492594968.0, no, outer,1,13, 40s, 4, yes, 3, 4, 2, 3, 3, 3, yes
game2c194aec78194a62.log,8,0,0,0,1,0,1,1,1,1,0,0,0,0,0,0,0,0,0,0,0,0,0,0,0,0,0,1,0,0,0,0,0,0,0,0,0,1,1,1,0,0,0,0,0,0,0,0,0,1,0,1,1,1,2,0,14,2.8,0,2,1,2,0,15,3.0,2119fe68a204e42a, intentional,4908,20,1490318288.0, no, outer,2,4, 20s, 4, yes, 4, 4, 4, 3, 2, 4, yes
game2c72bf564f5ba4bd.log,18,0,0,0,0,0,0,0,1,0,0,0,0,0,2,1,1,0,0,0,0,0,0,0,0,0,0,0,0,0,0,0,0,0,0,0,0,0,1,0,0,1,0,0,0,1,0,0,1,1,0,1,0,1,2,1,17,3.4,1,0,2,1,1,16,3.2,1b17ab93ed1184b4, outer,7800,11,1491678069.0, no, full,3,8, 40s, 4, yes, 2, 2, 1, 4, 4, 3, yes
game2c9be195f69c8baa.log,17,0,0,1,0,0,0,0,0,1,0,1,0,0,0,0,0,0,0,0,0,1,0,0,1,0,0,0,0,0,1,1,0,0,0,0,1,0,0,0,0,1,0,0,0,1,0,0,0,0,0,2,0,1,2,0,13,2.6,3,0,0,0,2,13,2.6,ca0922b34e670338, intentional,1864,18,1492581784.0, no, outer,1,13, 40s, 4, yes, 3, 4, 2, 3, 3, 3, yes
game2ca25829e84e9f97.log,16,0,0,0,1,1,0,1,1,0,0,0,0,0,0,1,0,0,0,0,0,0,0,0,0,0,0,0,0,0,0,1,0,0,1,0,0,1,0,0,0,0,0,1,0,0,0,0,0,1,0,0,1,1,1,2,19,3.8,1,1,1,2,0,14,2.8,5d82cb8a155dbd34, intentional,4912,14,1490308326.0, no, full,5,21, 20s, 4, yes, 3, 4, 3, 4, 5, 5, yes
game2cad26bdc2dc50e6.log,5,0,0,0,0,0,0,0,0,0,0,0,0,1,0,0,0,1,1,0,0,0,2,0,0,0,0,1,0,1,0,0,0,1,0,0,0,0,0,1,0,0,0,0,1,0,0,0,0,0,0,0,3,2,0,0,12,2.4,0,1,1,3,0,17,3.4,ca0922b34e670338, outer,5064,10,1491939062.0, no, outer,1,13, 40s, 4, yes, 3, 4, 2, 3, 3, 3, yes
game2cb01fb7bec3810c.log,12,0,0,0,0,0,0,0,1,0,0,0,0,0,0,0,0,0,1,0,0,0,1,0,1,1,0,0,0,0,0,1,0,0,0,0,1,1,1,1,0,0,0,0,0,0,0,0,0,0,0,0,1,2,1,1,17,3.4,2,1,1,1,0,11,2.2,ca0922b34e670338, outer,2127,18,1492559529.0, no, outer,1,13, 40s, 4, yes, 3, 4, 2, 3, 3, 3, yes
game2cfde7d0a6a6b9b3.log,11,0,0,0,0,0,1,0,0,0,0,0,1,0,1,0,1,0,0,0,0,0,0,0,0,1,1,1,0,0,0,0,0,0,0,0,0,0,0,0,0,1,1,0,0,0,1,0,0,0,0,2,1,0,1,1,13,2.6,3,2,0,0,0,7,1.4,ca0922b34e670338, outer,9757,7,1491941809.0, no, outer,1,13, 40s, 4, yes, 3, 4, 2, 3, 3, 3, yes
game2d1fb2c5646a21a4.log,17,0,0,0,0,0,0,0,0,0,1,0,0,0,2,0,1,0,0,0,0,1,0,0,0,0,0,0,0,1,0,0,0,0,0,0,0,0,0,0,0,1,1,0,0,1,1,0,0,0,0,2,0,0,2,1,15,3.0,2,1,0,1,1,13,2.6,2119fe68a204e42a, full,2365,10,1490309830.0, no, outer,2,4, 20s, 4, yes, 4, 4, 4, 3, 2, 4, yes
game2d317c0ba844359a.log,18,0,0,0,0,0,1,0,1,0,0,0,0,0,0,0,1,0,1,0,0,0,1,0,0,0,0,0,1,0,0,0,0,0,0,0,0,0,0,0,1,0,0,1,0,0,0,1,1,0,0,2,1,2,0,0,10,2.0,0,1,3,0,1,16,3.2,befac2ddbf9df4dd, intentional,2742,16,1490322334.0, no, full,1,19, 50s, 3, yes, 1, 1, 1, 4, 4, 5, yes
game2d48bea3fda7a498.log,15,1,0,0,0,0,0,0,1,1,0,0,0,1,0,0,0,0,0,0,0,0,1,0,0,0,0,1,0,0,0,0,0,1,0,0,0,0,1,0,0,0,0,0,1,0,1,0,0,0,0,1,1,2,1,0,13,2.6,1,1,2,1,0,13,2.6,19dbddedf07994e2, outer,3919,4,1489739232.0, no, outer,3,8, 30s, 4, yes, 4, 4, 4, 5, 3, 3, yes
game2d66bad189a0fd5e.log,11,0,0,1,0,0,1,0,0,0,1,0,0,1,0,0,0,0,0,1,0,0,0,0,0,0,0,0,0,0,0,0,1,0,1,0,1,0,0,0,0,0,0,0,1,0,0,1,0,0,0,1,0,2,1,1,16,3.2,1,2,0,2,0,13,2.6,0313454f0e513527, full,5265,14,1490324839.0, no, outer,2,7, , , , , , , 3, 2, 4, yes
game2d8aff935a755a1a.log,11,0,0,0,1,0,0,1,1,0,0,0,0,0,0,0,0,0,0,0,0,0,1,1,0,0,0,1,0,0,0,0,0,1,0,0,0,0,0,0,1,0,0,1,1,0,0,0,0,0,0,0,2,2,1,0,14,2.8,0,1,2,1,1,17,3.4,2119fe68a204e42a, outer,6049,5,1490306496.0, no, outer,2,4, 20s, 4, yes, 4, 4, 4, 3, 2, 4, yes
game2db0d17417278b01.log,5,0,0,0,0,0,0,1,0,0,1,0,0,0,0,0,1,0,0,0,1,0,1,0,0,0,0,0,0,1,0,0,0,0,0,0,0,0,0,1,0,0,0,0,0,0,0,1,1,0,1,1,2,0,0,2,15,3.0,0,1,1,2,1,18,3.6,95d41a301cf5e2b3, intentional,1,17,1490313408.0, yes, intentional,1,17, 30s, 4, yes, 3, 4, 1, 3, 2, 2, yes
game2dcc0faebbe7a5a0.log,18,0,0,0,0,1,1,0,1,0,0,0,1,0,0,0,0,0,0,0,0,0,1,0,0,0,0,0,0,0,0,0,1,0,0,0,1,0,0,0,0,0,0,0,1,0,1,0,0,0,1,1,2,1,0,1,13,2.6,2,1,0,1,1,13,2.6,ca0922b34e670338, intentional,5006,14,1492591845.0, no, outer,1,13, 40s, 4, yes, 3, 4, 2, 3, 3, 3, yes
game2e18d1d97ab90e46.log,17,0,0,0,0,1,0,0,0,0,0,1,0,1,1,0,1,0,0,0,0,0,0,0,0,0,0,0,0,0,0,1,0,0,0,1,0,0,0,0,0,0,1,0,0,0,0,0,1,1,0,2,0,1,1,1,14,2.8,1,1,1,1,1,15,3.0,19dbddedf07994e2, outer,4006,7,1489966270.0, no, outer,3,8, 30s, 4, yes, 4, 4, 4, 5, 3, 3, yes
game2e2acb777202f8ed.log,15,0,0,0,0,0,0,0,0,1,0,1,1,0,0,0,1,0,0,0,0,0,0,0,0,1,1,1,0,0,0,1,0,0,0,0,0,0,0,0,0,0,0,0,0,0,0,0,1,1,0,2,1,0,1,1,13,2.6,2,1,1,1,0,11,2.2,4a2e8c128c84c87f, full,1,3,1492786646.0, yes, full,1,3, 20s, 3, yes, 1, 1, 1, 4, 4, 1, yes
game2e2e8dad17279c57.log,14,1,0,0,0,0,0,0,1,0,0,0,1,0,0,0,0,0,0,1,0,1,0,0,0,0,0,0,0,0,0,0,0,0,0,1,1,0,0,0,1,0,0,0,1,0,0,0,0,0,1,2,1,1,1,0,11,2.2,1,0,0,1,3,20,4.0,ca0922b34e670338, outer,8264,9,1492721669.0, no, outer,1,13, 40s, 4, yes, 3, 4, 2, 3, 3, 3, yes
game2e42ec3e608dc6f3.log,20,0,0,0,0,0,0,0,0,1,0,1,0,1,0,0,0,0,0,0,0,2,0,0,0,0,1,0,0,0,0,1,0,1,0,0,0,0,0,0,0,0,1,0,1,0,0,0,0,0,0,3,0,1,1,0,10,2.0,2,1,1,1,0,11,2.2,19dbddedf07994e2, intentional,4167,2,1490290617.0, no, outer,3,8, 30s, 4, yes, 4, 4, 4, 5, 3, 3, yes
game2e73697030ca76a9.log,17,0,0,1,0,0,1,0,0,0,0,1,2,0,0,0,0,0,0,0,0,0,0,0,0,0,1,0,0,1,0,0,0,0,0,0,0,0,0,0,0,0,0,0,2,0,1,0,0,0,0,2,2,1,0,0,9,1.8,2,0,0,3,0,14,2.8,33ba844cbb15fecd, full,1015,12,1493053531.0, no, full,3,5, 20s, 3, no, 1, 1, 1, 4, 3, 4, yes
game2eca113d17732f11.log,2,1,0,0,0,0,0,0,1,0,0,0,0,0,0,0,0,0,1,0,1,0,0,0,1,0,0,0,1,0,0,0,0,0,1,0,0,1,0,1,0,0,0,0,1,0,0,0,0,0,0,1,0,2,1,1,16,3.2,0,1,1,3,0,17,3.4,90c7b3288d046c3a, full,6600,4,1492733416.0, no, outer,1,5, 20s, 3, no, 1, 1, 1, 3, 3, 4, yes
game2fe41a4998022859.log,17,0,0,1,1,1,0,0,1,0,0,0,0,0,1,0,0,0,0,0,0,0,0,0,0,0,0,0,0,0,0,0,0,0,0,1,0,0,0,1,0,0,0,0,0,0,0,1,1,0,1,0,0,2,2,1,19,3.8,0,1,1,1,2,19,3.8,614a406f6ac4d07d, full,6662,13,1490299633.0, no, outer,4,10, 20s, 4, yes, 4, 4, 4, 2, 1, 1, yes
game2fe6d177428640b0.log,15,0,0,0,0,0,2,0,0,0,0,1,0,0,0,1,0,0,0,1,0,0,0,0,0,0,0,1,1,0,0,0,1,0,0,0,0,0,0,1,0,0,1,0,0,0,0,0,0,0,0,3,0,0,1,1,12,2.4,0,3,1,1,0,13,2.6,ca0922b34e670338, full,5485,20,1492583205.0, no, outer,1,13, 40s, 4, yes, 3, 4, 2, 3, 3, 3, yes
game3018dc0d51042615.log,17,1,0,0,0,0,0,0,0,0,0,0,0,0,0,0,1,1,0,0,0,1,1,0,0,0,0,0,0,0,0,0,0,0,0,0,1,1,0,1,0,0,1,0,1,0,0,0,0,0,0,3,2,0,0,0,7,1.4,1,2,0,2,0,13,2.6,19dbddedf07994e2, intentional,3616,18,1489737284.0, no, outer,3,8, 30s, 4, yes, 4, 4, 4, 5, 3, 3, yes
game30255a1d73cb618b.log,0,0,0,0,1,0,0,1,0,0,0,0,0,0,0,0,0,0,0,0,0,1,0,1,1,0,0,0,0,0,0,0,0,0,1,0,0,1,0,0,1,1,0,1,0,0,0,0,0,0,0,1,1,1,2,0,14,2.8,1,1,1,1,1,15,3.0,19dbddedf07994e2, outer,2953,12,1489701358.0, no, outer,3,8, 30s, 4, yes, 4, 4, 4, 5, 3, 3, yes
game303e269023fbb73c.log,6,0,0,0,0,0,0,0,1,0,0,0,0,1,0,0,1,1,0,0,0,0,0,1,0,0,2,0,0,0,0,1,0,0,0,1,0,0,0,0,0,0,0,0,0,0,0,0,0,1,0,1,1,3,0,0,12,2.4,3,0,0,1,1,12,2.4,ca0922b34e670338, intentional,2850,10,1491766334.0, no, outer,1,13, 40s, 4, yes, 3, 4, 2, 3, 3, 3, yes
game30519281628d12c5.log,11,0,0,0,0,0,0,1,0,0,0,0,0,0,1,0,0,1,0,0,1,0,0,1,0,0,1,0,0,0,0,0,0,0,0,0,0,0,1,0,0,1,0,0,0,0,1,1,0,0,0,0,2,1,1,1,16,3.2,3,1,1,0,0,8,1.6,b0241aa48c88bd1b, full,6024,11,1490429290.0, no, full,3,11, 20s, 4, yes, 3, 3, 3, 3, 1, 1, yes
game30617323bd5fc573.log,14,0,0,0,0,0,0,0,0,0,0,1,0,0,0,0,0,1,0,0,1,0,0,0,1,1,1,0,0,0,0,1,1,0,0,0,0,0,0,0,0,0,0,0,0,0,1,0,0,1,0,1,1,0,1,2,17,3.4,3,1,0,1,0,9,1.8,19dbddedf07994e2, intentional,9250,2,1490136229.0, no, outer,3,8, 30s, 4, yes, 4, 4, 4, 5, 3, 3, yes
game30667911f85cdf1c.log,18,0,0,0,0,0,1,0,1,0,0,0,0,0,0,0,1,0,1,0,0,0,0,1,0,0,0,0,0,0,0,0,0,0,0,0,1,1,0,1,0,1,0,0,0,0,1,0,0,0,0,2,0,3,0,0,11,2.2,3,1,0,1,0,9,1.8,0aa98710d4bf8ecf, intentional,3,17,1490325514.0, yes, intentional,3,17, 20s, 4, yes, 3, 4, 3, 2, 1, 1, yes
game3067863194ef7db8.log,3,0,0,0,0,0,1,0,1,0,0,0,1,0,1,0,0,0,0,0,0,0,0,0,0,1,0,0,0,0,0,1,0,1,0,0,0,0,0,0,0,0,0,0,0,1,2,0,0,0,0,1,1,1,1,1,15,3.0,3,0,1,0,1,11,2.2,2119fe68a204e42a, outer,9253,6,1490306216.0, no, outer,2,4, 20s, 4, yes, 4, 4, 4, 3, 2, 4, yes
game30d0946f5d93c885.log,15,1,0,0,0,0,0,0,0,1,0,1,0,0,0,0,0,1,0,0,0,0,0,1,0,0,0,0,0,0,0,0,1,0,0,0,0,0,0,1,0,1,0,0,0,0,2,0,0,0,0,2,1,1,1,0,11,2.2,3,1,0,1,0,9,1.8,344c73764f8f87f2, intentional,1521,13,1490492065.0, no, full,5,12, 30s, 4, yes, 2, 3, 2, 4, 2, 2, yes
game30dad0ffd7b345fc.log,9,0,0,0,0,0,0,1,0,0,0,1,0,0,0,0,0,0,0,0,0,0,1,1,0,1,0,2,0,1,0,0,0,0,0,0,0,0,1,0,0,0,1,0,0,0,0,0,0,0,0,1,2,1,0,1,13,2.6,0,3,1,1,0,13,2.6,8fef31f6e130d228, intentional,3156,3,1490092405.0, no, intentional,2,16, 30s, 4, yes, 4, 4, 3, 2, 2, 2, yes
game30e0df6065f5d82d.log,18,0,0,0,0,0,1,0,0,1,0,0,0,0,0,0,0,0,0,0,0,1,1,0,1,0,1,1,1,0,0,1,0,0,0,0,0,0,0,1,0,0,0,0,0,0,0,0,0,0,0,2,1,0,2,0,12,2.4,2,1,1,1,0,11,2.2,2d784fe60bc13843, outer,4311,1,1490327359.0, no, intentional,4,12, 30s, 4, yes, 1, 1, 1, 3, 2, 4, yes
game30f79f4ae3535aee.log,11,0,1,0,0,0,0,0,0,1,0,0,0,0,0,0,0,0,1,1,0,0,1,0,0,0,0,0,1,0,0,0,1,0,0,0,1,0,0,1,0,0,1,0,0,0,0,0,0,0,0,0,2,1,2,0,15,3.0,1,2,1,1,0,12,2.4,2119fe68a204e42a, intentional,8261,17,1490307425.0, no, outer,2,4, 20s, 4, yes, 4, 4, 4, 3, 2, 4, yes
game30fc8cc85a38b17e.log,20,1,0,0,0,0,0,0,0,0,1,0,0,1,0,0,0,0,1,0,0,0,0,1,0,0,0,1,0,0,0,1,0,0,1,0,0,0,0,0,0,0,0,0,1,0,1,0,0,0,0,1,0,3,0,1,15,3.0,2,1,0,2,0,12,2.4,1e1f08c3d004335b, outer,1,8,1490379440.0, yes, outer,1,8, 20s, 4, yes, 2, 4, 1, 3, 1, 1, yes
game3155fcc452af5a94.log,4,1,0,0,0,0,0,0,1,0,0,0,0,1,0,0,0,0,1,1,0,0,0,0,0,0,0,0,1,0,0,0,0,0,1,0,1,0,0,0,0,0,0,0,0,0,1,0,1,0,0,1,0,3,1,0,14,2.8,2,0,2,1,0,12,2.4,112c21eba6f4bfad, full,5,4,1493056710.0, yes, full,5,4, 20s, 2, no, 1, 1, 1, 3, 4, 3, yes
game317ce57547dbb4e5.log,16,1,0,0,0,1,0,1,0,0,1,0,0,0,0,0,0,0,0,0,0,0,0,0,1,0,1,0,0,0,0,0,0,0,0,0,0,1,0,2,0,0,0,0,0,0,0,0,1,0,0,1,1,0,1,2,17,3.4,1,1,1,2,0,14,2.8,19dbddedf07994e2, outer,8797,8,1489706305.0, no, outer,3,8, 30s, 4, yes, 4, 4, 4, 5, 3, 3, yes
game318e5e7cc17d7f28.log,11,0,0,0,1,0,0,0,0,0,1,0,1,0,0,0,0,0,0,0,0,1,1,0,0,0,0,0,0,0,1,0,0,1,0,0,1,0,0,0,0,0,1,0,0,1,0,0,0,0,0,1,2,0,1,1,14,2.8,1,1,1,0,2,16,3.2,19dbddedf07994e2, intentional,6571,15,1490730457.0, no, outer,3,8, 30s, 4, yes, 4, 4, 4, 5, 3, 3, yes
game31c54fec854236db.log,3,0,0,0,0,0,0,0,1,0,0,0,0,0,0,0,0,1,0,1,0,1,0,0,0,1,0,0,0,0,0,0,0,0,1,0,1,1,0,0,1,0,1,0,0,0,0,0,0,0,0,1,1,1,1,1,15,3.0,1,2,0,1,1,14,2.8,ca0922b34e670338, full,6237,11,1492704991.0, no, outer,1,13, 40s, 4, yes, 3, 4, 2, 3, 3, 3, yes
game31ef939a085f6863.log,9,1,0,0,0,0,1,0,0,0,0,0,0,0,0,0,0,0,0,0,0,0,1,1,1,0,1,0,0,0,0,0,1,0,1,0,0,0,1,0,0,0,0,0,0,1,0,0,0,0,0,2,1,1,1,0,11,2.2,1,1,1,1,1,15,3.0,ca0922b34e670338, outer,2209,10,1491753496.0, no, outer,1,13, 40s, 4, yes, 3, 4, 2, 3, 3, 3, yes
game3265876caa821621.log,22,1,1,0,0,0,0,0,0,0,0,0,0,0,0,0,0,1,0,1,0,0,1,0,0,0,0,0,0,0,0,0,0,1,0,0,0,0,0,2,0,1,0,0,0,0,0,0,0,0,1,1,3,0,1,0,11,2.2,1,0,1,2,1,17,3.4,dca779aad57531f1, outer,4,10,1490320806.0, yes, outer,4,10, 20s, 4, yes, 3, 4, 1, 3, 3, 5, yes
game3265dbf29dda1e5a.log,3,0,0,0,0,1,2,0,0,0,0,0,0,0,1,0,1,0,0,0,0,0,0,0,0,0,0,0,0,0,0,0,0,1,0,0,0,1,1,0,0,0,0,0,0,0,1,0,0,0,1,3,0,0,1,1,12,2.4,1,1,2,0,1,14,2.8,c03bd0cac4c60891, intentional,1257,13,1492710763.0, no, intentional,3,16, , 3, no, 1, 1, 2, 5, 3, 4, yes
game3287d9777303baf5.log,12,0,0,0,1,0,1,0,1,0,0,0,0,0,1,0,0,0,1,0,0,0,0,0,0,0,0,0,0,0,0,0,0,0,0,1,1,0,0,1,0,0,0,0,0,0,1,0,0,1,0,1,0,2,2,0,15,3.0,2,0,0,2,1,15,3.0,0e7e164bfc1b4f55, full,5,18,1490554662.0, yes, full,5,18, 20s, 4, yes, 4, 3, 2, 4, 4, 4, yes
game3308cd5ce85f060b.log,4,1,0,0,0,0,0,0,1,1,0,1,0,0,0,1,0,0,0,0,0,0,0,0,0,0,1,0,0,0,0,0,0,1,0,0,0,0,0,0,0,0,2,1,0,0,0,0,0,0,0,2,0,1,1,1,14,2.8,1,2,2,0,0,11,2.2,d50a5784d54f4c76, intentional,5050,11,1490300250.0, no, outer,1,11, 20s, 4, yes, 3, 3, 2, 4, 2, 2, yes
game3351ae41494e4a17.log,12,1,0,0,0,0,0,0,0,0,0,0,0,2,0,1,1,0,0,0,0,0,0,0,0,0,0,1,0,0,0,0,0,1,0,0,0,0,0,0,0,0,0,0,0,1,1,0,0,1,0,2,0,2,0,1,13,2.6,1,1,1,1,1,15,3.0,ca0922b34e670338, intentional,6746,16,1491877296.0, no, outer,1,13, 40s, 4, yes, 3, 4, 2, 3, 3, 3, yes
game337b6ea2f098a276.log,18,1,0,0,0,0,0,0,1,0,0,1,0,0,0,0,0,0,0,0,0,0,0,0,2,0,0,1,0,0,1,0,0,0,0,1,0,0,0,1,0,0,0,0,0,0,0,0,1,0,0,2,0,1,2,0,13,2.6,0,1,1,1,2,19,3.8,90c7b3288d046c3a, intentional,6524,15,1492728300.0, no, outer,1,5, 20s, 3, no, 1, 1, 1, 3, 3, 4, yes
game33a8673a4b9ef8b9.log,21,1,0,0,0,0,0,0,0,0,1,1,0,0,0,0,1,0,0,0,0,0,1,0,0,0,0,0,0,0,0,1,1,0,1,0,0,0,0,0,0,0,0,0,0,0,1,0,0,1,0,3,1,0,0,1,10,2.0,2,1,0,2,0,12,2.4,7f6593400354747f, outer,3658,13,1490378802.0, no, full,1,14, 20s, 3, yes, 2, 2, 1, 1, 1, 2, yes
game33bfd45ab4dd0545.log,9,1,0,0,0,0,0,1,0,0,0,1,1,0,0,0,0,1,0,0,0,0,0,0,0,0,0,0,0,0,0,0,1,0,1,0,0,0,0,0,0,0,0,0,0,0,2,0,0,1,0,2,3,0,0,0,8,1.6,2,1,0,2,0,12,2.4,ca0922b34e670338, outer,8615,12,1491909653.0, no, outer,1,13, 40s, 4, yes, 3, 4, 2, 3, 3, 3, yes
game33d9b57ec8d45cf5.log,7,0,0,0,0,0,0,0,2,0,0,1,0,0,0,0,0,0,0,1,0,1,0,0,0,0,1,0,1,0,0,0,0,0,0,0,0,1,0,0,0,0,1,1,0,0,0,0,0,0,0,2,0,2,1,0,12,2.4,1,2,2,0,0,11,2.2,ca0922b34e670338, full,60,19,1492580959.0, no, outer,1,13, 40s, 4, yes, 3, 4, 2, 3, 3, 3, yes
game33fbd41fdcec5ab9.log,8,1,0,0,0,0,0,0,0,0,0,0,0,0,1,0,1,0,0,1,1,0,0,0,0,0,0,0,0,1,0,0,0,0,1,0,0,0,0,0,0,0,1,0,0,0,1,1,0,0,0,2,0,0,2,1,15,3.0,1,2,0,2,0,13,2.6,7a3c06db23768808, full,4,12,1491249562.0, yes, full,4,12, 50s, 3, yes, 3, 4, 1, 3, 2, 3, yes
game34762c179ef75a76.log,1,0,0,1,0,0,1,1,0,0,0,0,0,0,1,0,0,0,0,0,0,0,0,0,1,0,0,1,0,0,0,1,0,0,0,0,0,1,0,0,0,0,0,0,0,0,0,0,1,1,0,1,1,1,2,0,14,2.8,1,2,1,1,0,12,2.4,19dbddedf07994e2, outer,1254,12,1490533629.0, no, outer,3,8, 30s, 4, yes, 4, 4, 4, 5, 3, 3, yes
game34a204340c7b8311.log,12,1,0,0,0,0,0,0,0,0,0,0,1,0,1,0,0,0,0,0,0,0,1,0,1,0,0,0,0,0,1,0,1,0,0,0,1,0,0,0,0,0,1,0,0,0,0,1,0,0,0,1,2,0,2,0,13,2.6,1,3,0,0,1,12,2.4,19dbddedf07994e2, outer,8103,6,1489962854.0, no, outer,3,8, 30s, 4, yes, 4, 4, 4, 5, 3, 3, yes
game35435bfba505cc6c.log,7,2,0,1,0,0,0,0,0,1,0,0,0,0,0,1,0,0,0,0,0,0,0,0,0,0,1,1,0,0,0,1,0,0,0,0,0,0,0,0,0,0,1,0,0,0,1,0,0,0,0,2,0,1,1,1,14,2.8,3,2,0,0,0,7,1.4,19dbddedf07994e2, intentional,385,19,1489705784.0, no, outer,3,8, 30s, 4, yes, 4, 4, 4, 5, 3, 3, yes
game3543e3177efb0e55.log,14,1,0,0,0,0,0,0,0,0,0,1,0,1,0,0,0,1,0,0,0,0,0,0,1,0,0,0,0,0,0,0,1,1,0,0,0,1,1,0,0,0,0,0,0,0,0,1,0,0,0,2,1,1,1,0,11,2.2,0,3,2,0,0,12,2.4,7d6a88e8113679a3, full,936,13,1490059596.0, no, outer,3,13, , , , , , , , , , yes
game354f56e3c4bf71b5.log,15,2,0,0,0,0,0,0,0,0,0,0,1,0,0,0,1,0,0,1,0,0,0,0,0,0,0,0,0,0,0,1,0,1,0,0,1,0,0,0,0,0,0,0,1,0,0,1,0,0,0,3,1,0,1,0,9,1.8,2,1,1,1,0,11,2.2,ca0922b34e670338, outer,6114,17,1491877724.0, no, outer,1,13, 40s, 4, yes, 3, 4, 2, 3, 3, 3, yes
game357466edf6e0b7eb.log,8,0,0,0,1,0,1,0,1,0,0,1,0,0,0,0,0,0,0,0,0,1,0,0,0,0,1,0,0,0,0,0,0,1,0,1,0,0,0,0,0,1,0,0,0,0,1,0,0,0,0,3,0,1,1,0,10,2.0,3,0,1,0,1,11,2.2,19dbddedf07994e2, outer,9517,1,1489966062.0, no, outer,3,8, 30s, 4, yes, 4, 4, 4, 5, 3, 3, yes
game3578e29fe9e166f4.log,1,2,0,0,0,0,0,0,1,0,0,0,0,1,0,0,0,0,1,0,0,0,0,0,0,0,0,0,1,0,0,0,1,0,0,0,0,1,0,1,0,0,0,0,0,0,1,0,0,0,0,2,0,3,0,0,11,2.2,1,2,1,1,0,12,2.4,7007a1f9c84cefe6, full,1478,12,1490311177.0, no, outer,3,11, 40s, 4, yes, 3, 4, 1, 3, 2, 2, yes
game358f36628a560feb.log,16,0,0,0,0,0,1,0,0,0,1,0,0,0,0,0,0,1,0,0,0,0,1,0,1,0,1,0,1,0,0,0,0,0,0,0,0,0,0,0,0,0,0,1,1,0,0,0,1,0,0,1,2,0,1,1,14,2.8,1,0,3,1,0,14,2.8,e55525e0b2004294, full,9906,19,1490338803.0, no, intentional,5,19, 20s, 4, yes, 4, 4, 4, 3, 3, 3, yes
game359858b3d9c17257.log,7,0,0,0,0,0,2,1,0,0,0,0,0,0,0,0,0,0,0,1,0,0,0,0,1,0,2,1,1,0,0,0,0,0,0,0,0,0,0,0,0,0,0,0,0,0,0,0,1,0,0,2,1,0,2,0,12,2.4,2,1,2,0,0,10,2.0,ca0922b34e670338, full,1836,3,1491766827.0, no, outer,1,13, 40s, 4, yes, 3, 4, 2, 3, 3, 3, yes
game35a427e7e1e8a95f.log,13,0,0,1,0,0,1,0,0,0,0,0,0,0,0,0,0,1,1,0,0,0,0,0,1,0,0,0,0,0,0,0,0,1,0,0,0,0,0,0,0,0,0,0,0,1,1,1,1,0,0,1,1,2,1,0,13,2.6,1,1,2,0,1,14,2.8,19dbddedf07994e2, outer,1619,11,1489736648.0, no, outer,3,8, 30s, 4, yes, 4, 4, 4, 5, 3, 3, yes
game35a58043436833c6.log,19,0,0,1,0,0,0,0,1,0,0,0,0,0,0,0,1,0,0,1,0,1,0,0,0,0,0,0,0,0,0,1,0,0,0,0,0,0,0,0,0,1,0,0,0,0,1,0,1,0,1,2,0,2,1,0,12,2.4,3,0,1,0,1,11,2.2,ca0922b34e670338, intentional,6171,17,1491933478.0, no, outer,1,13, 40s, 4, yes, 3, 4, 2, 3, 3, 3, yes
game35b9604afd76cbc2.log,3,0,0,0,0,0,0,0,1,1,0,0,0,1,0,0,0,0,0,0,0,1,0,1,0,0,1,0,0,0,0,0,0,0,0,0,0,0,0,1,0,0,0,1,0,0,0,0,0,1,1,1,0,3,1,0,14,2.8,1,0,1,2,1,17,3.4,ca0922b34e670338, intentional,1774,18,1491797900.0, no, outer,1,13, 40s, 4, yes, 3, 4, 2, 3, 3, 3, yes
game35c903823025a496.log,5,1,0,0,0,0,0,0,0,1,1,1,0,0,0,1,0,0,0,0,0,0,0,0,0,0,0,0,0,0,0,0,0,1,0,0,0,0,0,0,0,0,1,0,0,0,1,0,0,1,1,2,0,0,1,2,16,3.2,1,1,1,1,1,15,3.0,ca0922b34e670338, outer,9134,17,1492572702.0, no, outer,1,13, 40s, 4, yes, 3, 4, 2, 3, 3, 3, yes
game35e403fc93cbfe34.log,14,0,0,0,0,0,1,0,1,0,0,0,0,1,2,0,0,0,0,0,0,0,0,0,0,0,0,0,0,0,0,0,0,0,0,0,0,1,0,0,1,1,0,0,1,1,0,0,0,0,0,1,0,2,2,0,15,3.0,1,1,0,1,2,17,3.4,ca0922b34e670338, full,7777,22,1492590887.0, no, outer,1,13, 40s, 4, yes, 3, 4, 2, 3, 3, 3, yes
game35e586cb4b809a7a.log,13,0,1,0,1,0,0,0,2,0,0,0,0,0,0,0,0,0,0,1,0,0,0,0,0,0,0,0,0,0,0,0,0,0,0,0,0,0,0,0,0,0,0,1,0,0,2,0,0,2,0,0,1,2,2,0,16,3.2,2,0,1,2,0,13,2.6,b2c6bef0a1ed09a8, outer,5366,12,1489749058.0, no, outer,4,14, 20s, 4, yes, 1, 1, 1, 3, 3, 4, yes
game35f886f0beb78eee.log,17,0,0,0,0,0,0,0,0,1,0,1,0,1,0,0,0,0,0,0,0,0,0,0,1,1,0,0,0,0,0,0,0,0,0,0,1,0,0,0,1,1,0,1,1,0,0,0,0,0,0,1,0,1,2,1,17,3.4,2,0,1,1,1,14,2.8,6ccededecee01838, outer,2619,3,1490074592.0, no, intentional,2,18, , , , , , , , , , yes
game36a0de512d7a9d7c.log,7,2,0,0,1,0,0,1,0,0,0,0,0,0,0,0,1,0,0,0,0,0,0,0,0,0,1,0,1,0,0,0,1,0,1,0,1,0,0,0,0,0,0,0,0,0,0,0,0,0,0,3,1,0,1,0,9,1.8,2,1,1,1,0,11,2.2,a992a1fd533fcd43, outer,2105,7,1490801496.0, no, full,4,9, 30s, 4, yes, 4, 4, 3, 5, 1, 2, yes
game36a52d757bab736a.log,9,1,1,0,0,0,2,0,0,0,0,0,0,0,0,0,0,1,0,0,0,0,0,0,0,0,1,0,0,0,1,0,0,0,0,0,0,0,0,0,0,1,1,0,0,0,0,0,0,0,1,3,2,0,0,0,7,1.4,2,1,0,0,2,14,2.8,ca0922b34e670338, intentional,7465,19,1491760091.0, no, outer,1,13, 40s, 4, yes, 3, 4, 2, 3, 3, 3, yes
game36bb3c4b82b906f3.log,12,1,0,0,1,0,0,0,1,0,0,0,0,0,0,0,0,0,1,0,0,1,0,0,0,0,0,0,0,0,0,0,0,0,0,0,0,0,0,1,0,0,0,0,1,0,1,0,1,0,1,2,0,2,1,0,12,2.4,1,0,1,2,1,17,3.4,33ba844cbb15fecd, outer,747,15,1493053159.0, no, full,3,5, 20s, 3, no, 1, 1, 1, 4, 3, 4, yes
game370eff858f83bf2c.log,12,0,0,1,1,1,0,1,0,0,0,0,0,0,0,0,0,0,0,0,0,0,1,0,0,0,0,1,0,0,0,0,0,0,0,0,0,1,0,0,0,1,1,0,0,0,0,0,1,0,0,0,2,1,1,1,16,3.2,1,3,1,0,0,10,2.0,2d784fe60bc13843, intentional,4,12,1490327005.0, yes, intentional,4,12, 30s, 4, yes, 1, 1, 1, 3, 2, 4, yes
game37183a520cda7ab2.log,5,1,0,1,0,1,1,0,0,0,0,0,0,0,0,0,0,0,0,0,0,0,0,1,0,0,0,0,0,0,0,0,1,0,0,0,0,0,1,0,0,0,0,0,0,0,2,1,0,0,0,2,0,2,0,1,13,2.6,2,2,1,0,0,9,1.8,19dbddedf07994e2, outer,894,6,1490533411.0, no, outer,3,8, 30s, 4, yes, 4, 4, 4, 5, 3, 3, yes
game37462ed9e55d515c.log,18,1,0,0,1,0,0,0,1,0,0,0,0,0,0,0,1,0,0,0,0,0,1,0,0,0,0,0,0,0,0,0,1,0,0,0,0,0,0,1,1,1,0,1,0,0,0,0,0,0,0,2,1,1,1,0,11,2.2,1,1,1,1,1,15,3.0,5d82cb8a155dbd34, full,9382,15,1490300371.0, no, full,5,21, 20s, 4, yes, 3, 4, 3, 4, 5, 5, yes
game3752e0d6ebc4d2a4.log,22,0,0,0,0,1,0,0,1,0,0,0,0,0,0,0,0,1,0,0,0,1,0,0,0,1,0,0,1,0,0,1,0,0,0,0,0,0,0,1,0,0,0,0,0,1,0,0,1,0,0,1,1,1,0,2,16,3.2,1,0,2,1,1,16,3.2,ca0922b34e670338, intentional,4750,17,1492597372.0, no, outer,1,13, 40s, 4, yes, 3, 4, 2, 3, 3, 3, yes
game37842a268ae177bb.log,13,0,0,0,0,0,1,0,1,0,0,0,0,1,0,0,0,1,0,1,0,0,0,0,0,0,0,1,1,0,0,0,1,0,0,0,1,0,0,0,0,0,0,0,0,0,0,1,0,0,0,1,1,2,1,0,13,2.6,1,3,1,0,0,10,2.0,19dbddedf07994e2, outer,3463,1,1489963470.0, no, outer,3,8, 30s, 4, yes, 4, 4, 4, 5, 3, 3, yes
game378931e5c427233d.log,11,0,0,0,0,0,1,0,0,0,0,0,0,0,0,0,1,0,0,1,1,0,1,0,0,0,0,0,0,0,0,1,0,0,0,0,0,0,0,0,0,2,0,0,0,0,1,0,0,0,1,2,1,0,1,1,13,2.6,4,0,0,0,1,9,1.8,6ccededecee01838, intentional,2,18,1490073799.0, yes, intentional,2,18, , , , , , , , , , yes
game378a8f9e81b867fb.log,3,1,0,0,0,0,1,1,0,1,0,0,0,0,0,0,1,0,0,0,0,0,0,0,0,0,0,0,0,1,0,0,0,0,0,0,0,0,0,1,1,0,1,1,0,0,0,0,0,0,0,3,1,0,1,0,9,1.8,0,1,1,2,1,18,3.6,ca0922b34e670338, outer,691,4,1491794525.0, no, outer,1,13, 40s, 4, yes, 3, 4, 2, 3, 3, 3, yes
game37a91836c070fcd5.log,12,0,0,0,0,0,1,0,0,0,0,1,0,0,1,0,0,1,0,0,0,0,0,1,0,0,2,0,0,0,0,0,0,1,0,0,1,0,0,0,0,0,0,1,0,0,0,0,0,0,0,2,1,1,1,0,11,2.2,3,0,2,0,0,9,1.8,5a867fcc194cedec, full,5,18,1490316142.0, yes, full,5,18, 20s, 4, yes, 3, 4, 3, 4, 4, 4, yes
game37d30441bb407850.log,19,0,0,1,1,0,1,0,0,0,0,0,0,0,0,1,0,0,0,0,0,0,1,0,0,0,0,0,0,0,0,1,0,0,0,0,0,0,0,0,0,1,0,0,1,1,0,0,1,0,0,1,1,1,1,1,15,3.0,2,0,1,1,1,14,2.8,19dbddedf07994e2, intentional,6571,6,1490732877.0, no, outer,3,8, 30s, 4, yes, 4, 4, 4, 5, 3, 3, yes
game37ef85135fd84724.log,5,0,1,0,1,0,0,0,0,0,0,0,0,0,1,1,0,0,0,0,0,1,0,0,0,0,0,0,0,0,0,0,1,0,0,0,0,0,0,0,0,1,1,0,0,1,0,1,0,0,0,1,1,0,2,1,16,3.2,1,3,0,0,1,12,2.4,b42f6b3c826e14ff, intentional,108,13,1490367275.0, no, outer,3,5, 30s, 4, yes, 3, 3, 3, 3, 2, 2, yes
game37fbce341cea5e85.log,19,1,0,0,0,0,0,0,0,1,0,0,0,0,0,0,0,1,0,0,1,1,0,0,0,0,0,1,0,0,0,0,0,0,0,0,0,0,0,0,0,1,0,0,1,0,1,0,0,0,1,2,1,0,1,1,13,2.6,2,1,0,1,1,13,2.6,19dbddedf07994e2, intentional,1131,12,1490730627.0, no, outer,3,8, 30s, 4, yes, 4, 4, 4, 5, 3, 3, yes
game380b267eaf62d1f0.log,19,3,0,0,0,0,0,0,0,0,0,0,0,0,0,0,0,1,0,0,0,1,0,0,0,0,0,0,0,0,0,1,0,1,0,1,0,0,0,0,0,1,1,0,0,0,0,0,0,0,0,4,1,0,0,0,6,1.2,2,1,1,0,1,12,2.4,19dbddedf07994e2, intentional,8735,7,1490729680.0, no, outer,3,8, 30s, 4, yes, 4, 4, 4, 5, 3, 3, yes
game3815809dc016cc0e.log,14,1,0,0,0,0,0,1,0,0,0,0,0,0,0,0,0,1,1,0,0,0,0,0,0,1,0,0,1,0,0,0,0,0,0,0,0,0,0,0,0,0,1,0,0,0,1,1,0,1,0,1,2,1,0,1,13,2.6,1,2,1,1,0,12,2.4,19dbddedf07994e2, outer,9741,5,1490133675.0, no, outer,3,8, 30s, 4, yes, 4, 4, 4, 5, 3, 3, yes
game381caf1461a1701d.log,0,0,0,0,1,0,1,0,0,0,0,1,0,0,0,0,0,0,0,0,0,2,0,0,0,0,0,0,1,0,0,0,0,0,1,0,0,1,1,0,0,0,0,0,0,0,0,0,0,1,0,4,0,0,1,0,8,1.6,0,1,2,2,0,16,3.2,8191d376ff0b4442, outer,3,11,1490326038.0, yes, outer,3,11, 20s, 4, yes, 2, 3, 3, 4, 3, 4, yes
game382587467dffb2fe.log,10,2,0,1,0,0,0,0,0,0,0,0,0,1,0,0,0,0,1,0,0,0,0,0,0,0,1,0,0,0,0,1,0,0,0,0,1,0,0,0,1,0,0,0,0,0,0,0,0,1,0,2,0,3,0,0,11,2.2,3,0,0,1,1,12,2.4,ca0922b34e670338, intentional,3772,17,1492708871.0, no, outer,1,13, 40s, 4, yes, 3, 4, 2, 3, 3, 3, yes
game3835ceff3b9e2d0f.log,11,0,0,0,0,1,0,0,0,0,0,1,0,0,1,0,1,0,0,1,0,0,0,0,0,0,1,0,0,0,0,0,1,0,1,0,0,0,0,0,0,0,1,0,0,0,0,0,0,1,0,2,0,0,2,1,15,3.0,1,2,0,2,0,13,2.6,90c7b3288d046c3a, full,2871,7,1492731474.0, no, outer,1,5, 20s, 3, no, 1, 1, 1, 3, 3, 4, yes
game38392d60c238489c.log,14,0,0,0,1,0,1,0,0,0,0,0,0,0,0,0,0,0,1,0,0,1,1,0,0,0,0,0,0,1,1,0,1,0,0,0,0,0,0,0,0,0,0,0,0,0,1,0,0,0,1,2,1,1,1,0,11,2.2,1,1,0,1,2,17,3.4,e55525e0b2004294, intentional,4130,17,1490339887.0, no, intentional,5,19, 20s, 4, yes, 4, 4, 4, 3, 3, 3, yes
game3839ad0d6cefe3e9.log,19,1,0,0,0,0,1,0,0,0,1,1,0,0,0,0,0,0,0,0,0,0,0,0,1,0,0,0,0,0,0,1,0,0,1,0,0,0,0,0,0,0,1,1,0,0,0,1,0,0,0,3,0,0,1,1,12,2.4,1,2,1,1,0,12,2.4,05342ea0a157f2f6, intentional,6108,15,1490313474.0, no, outer,2,8, 40s, 4, yes, 3, 2, 2, 2, 1, 3, yes
game387a3a591238e2e4.log,17,0,0,0,0,0,2,0,0,1,0,1,0,0,0,0,0,0,0,0,0,1,0,0,0,0,0,0,1,0,0,1,0,1,0,0,0,0,1,0,0,0,0,0,1,0,0,0,0,0,0,4,0,0,1,0,8,1.6,1,0,3,1,0,14,2.8,606754cfbea75770, intentional,1,14,1490475895.0, yes, intentional,1,14, 30s, 4, yes, 2, 2, 1, 2, 3, 2, yes
game388f1c7db636c701.log,8,0,0,1,0,0,0,1,0,0,0,0,0,0,0,0,0,0,0,0,0,2,1,0,0,0,0,0,0,1,1,0,0,0,0,0,1,0,0,0,0,0,1,0,1,0,0,0,0,0,0,2,2,1,0,0,9,1.8,1,1,0,2,1,16,3.2,ca0922b34e670338, outer,6451,10,1491942890.0, no, outer,1,13, 40s, 4, yes, 3, 4, 2, 3, 3, 3, yes
game38ca21588ef05f98.log,14,1,0,0,0,0,1,0,0,0,0,0,0,0,0,0,0,0,0,0,0,1,0,0,1,1,0,0,0,0,0,0,1,0,0,0,2,0,0,1,0,0,0,0,1,0,0,0,0,0,0,3,0,0,1,1,12,2.4,2,1,0,2,0,12,2.4,2119fe68a204e42a, full,9610,7,1490315499.0, no, outer,2,4, 20s, 4, yes, 4, 4, 4, 3, 2, 4, yes
game38e7ef6101f50b76.log,11,0,0,0,0,0,0,1,1,0,1,0,1,0,0,0,0,0,0,0,0,0,0,0,1,0,0,0,1,0,0,0,0,0,0,0,1,0,0,1,0,0,1,1,0,0,0,0,0,0,0,0,2,1,1,1,16,3.2,1,1,2,1,0,13,2.6,5f60b9ee05cf73cc, intentional,8947,10,1490313905.0, no, full,2,18, 20s, 4, yes, 3, 3, 1, 4, 4, 4, yes
game3929ec7c40709c08.log,12,0,0,0,0,0,1,0,0,0,0,2,1,0,0,0,0,1,0,0,0,0,0,0,0,0,0,0,1,0,0,0,0,0,0,0,0,0,0,0,0,2,0,0,0,0,1,0,1,0,0,3,2,0,0,0,7,1.4,3,0,2,0,0,9,1.8,ca0922b34e670338, intentional,3955,4,1492552630.0, no, outer,1,13, 40s, 4, yes, 3, 4, 2, 3, 3, 3, yes
game3962b01c1086b99f.log,4,0,0,0,0,0,0,0,0,1,0,0,0,0,1,1,0,1,0,0,0,0,0,0,1,0,0,1,0,0,0,1,0,1,0,0,1,0,1,0,0,0,0,0,0,0,0,0,0,0,0,0,1,0,3,1,19,3.8,2,1,2,0,0,10,2.0,ca0922b34e670338, full,8602,16,1492555897.0, no, outer,1,13, 40s, 4, yes, 3, 4, 2, 3, 3, 3, yes
game397c2519f62ec364.log,7,0,1,0,0,0,0,0,0,0,0,0,1,0,0,0,0,0,1,0,0,1,0,1,0,0,1,0,0,1,0,0,0,0,0,0,1,0,0,0,0,0,0,0,0,0,0,0,1,1,0,1,2,2,0,0,11,2.2,2,0,1,2,0,13,2.6,ccf123e77a8b92b2, full,4,14,1490369018.0, yes, full,4,14, 20s, 4, yes, 2, 3, 1, 3, 3, 3, yes
game39936d94760829d8.log,9,0,2,0,0,0,0,0,0,1,0,0,1,0,0,0,0,0,0,0,0,0,0,0,1,0,0,0,0,0,0,2,0,0,1,0,0,0,0,0,0,1,0,0,0,1,0,0,0,0,0,0,3,0,2,0,14,2.8,3,0,0,1,1,12,2.4,19dbddedf07994e2, full,5218,13,1489828283.0, no, outer,3,8, 30s, 4, yes, 4, 4, 4, 5, 3, 3, yes
game39a75ab8b33b74b0.log,7,0,1,0,0,0,0,0,0,1,0,0,0,0,0,1,1,0,0,0,1,0,0,0,0,0,0,0,0,0,1,0,0,0,0,0,0,0,0,2,0,1,0,0,0,0,0,1,0,0,0,1,1,0,1,2,17,3.4,1,1,0,2,1,16,3.2,ca0922b34e670338, outer,7451,8,1492572822.0, no, outer,1,13, 40s, 4, yes, 3, 4, 2, 3, 3, 3, yes
game39c83357f0c49238.log,12,0,0,0,0,0,0,0,1,0,0,1,0,1,0,0,0,1,0,0,0,0,0,1,0,0,0,1,0,0,0,1,0,0,0,0,0,0,0,0,0,1,0,1,0,0,0,0,0,1,0,1,1,3,0,0,12,2.4,2,1,1,1,0,11,2.2,7d6a88e8113679a3, intentional,3526,15,1490060047.0, no, outer,3,13, , , , , , , , , , yes
game39d7dcc040a7e826.log,16,0,1,0,0,0,0,0,0,0,0,0,0,1,0,0,0,0,0,0,0,0,1,1,0,1,1,0,0,0,0,0,0,1,0,0,0,0,0,0,0,1,0,0,0,0,0,1,0,1,0,0,2,2,0,1,15,3.0,2,1,1,1,0,11,2.2,19dbddedf07994e2, full,6225,4,1490290638.0, no, outer,3,8, 30s, 4, yes, 4, 4, 4, 5, 3, 3, yes
game39f2a98dbdd1e067.log,17,0,0,0,0,0,0,0,0,1,0,0,1,1,0,0,0,1,0,0,0,1,0,0,0,0,1,0,0,2,0,0,0,0,0,0,0,0,1,0,0,0,0,0,1,0,0,0,0,0,0,1,2,1,1,0,12,2.4,1,0,1,3,0,16,3.2,ca0922b34e670338, intentional,4557,18,1491802054.0, no, outer,1,13, 40s, 4, yes, 3, 4, 2, 3, 3, 3, yes
game3a526cee965254e6.log,15,1,0,0,0,0,0,0,0,0,0,1,1,0,0,0,1,0,0,0,0,1,0,0,0,0,0,0,0,1,0,0,1,0,1,0,0,0,0,0,0,0,1,0,0,1,0,0,0,0,0,4,1,0,0,0,6,1.2,0,2,0,2,1,17,3.4,ca0922b34e670338, full,7277,5,1492552827.0, no, outer,1,13, 40s, 4, yes, 3, 4, 2, 3, 3, 3, yes
game3a674c5af8f00220.log,8,0,1,0,0,0,0,0,0,1,0,0,0,0,0,0,0,0,0,0,0,0,0,0,2,1,1,0,0,0,0,0,1,0,1,0,0,0,1,0,0,1,0,0,0,0,0,0,0,0,0,0,1,0,3,1,19,3.8,2,1,1,1,0,11,2.2,f10ef47e05746467, full,3007,21,1490319032.0, no, outer,5,9, 30s, 4, yes, 4, 4, 3, 4, 3, 4, yes
game3a7732b755604e79.log,13,0,0,0,1,0,1,0,0,0,0,0,0,1,0,0,0,0,0,0,0,1,0,0,0,1,0,0,0,0,1,0,1,0,0,1,0,1,0,0,0,0,0,0,0,0,0,1,0,0,0,2,0,1,1,1,14,2.8,0,3,0,0,2,16,3.2,7efc5873e6c46721, intentional,5,18,1490322442.0, yes, intentional,5,18, 20s, 4, yes, 3, 4, 3, 3, 3, 3, yes
game3a7b6fb69ae7e9ee.log,9,2,0,0,0,0,0,0,1,0,0,0,0,0,0,0,0,0,0,0,0,0,0,0,1,1,1,0,0,0,0,0,0,0,1,0,0,0,0,1,0,0,0,1,0,0,0,1,0,0,0,2,0,1,1,1,14,2.8,1,1,1,2,0,14,2.8,10ff61d3893e0196, intentional,1793,17,1490300634.0, no, full,2,9, 20s, 4, yes, 3, 3, 2, 3, 2, 2, yes
game3b08681dfb447a5e.log,6,0,0,0,0,0,0,0,0,0,0,1,2,1,1,0,0,0,0,0,0,0,0,0,0,0,1,0,0,0,0,0,0,0,1,0,0,0,0,0,0,0,0,0,0,0,0,1,1,1,0,1,2,1,1,0,12,2.4,1,1,1,2,0,14,2.8,ca0922b34e670338, intentional,6547,20,1492710199.0, no, outer,1,13, 40s, 4, yes, 3, 4, 2, 3, 3, 3, yes
game3b1b7b268c07d558.log,2,1,0,0,0,0,1,0,1,0,0,0,0,0,0,0,0,0,0,0,0,0,0,2,0,0,0,1,0,1,0,0,0,0,0,0,0,0,0,1,0,0,1,0,1,0,0,0,0,0,0,2,0,3,0,0,11,2.2,0,2,0,3,0,16,3.2,86f17ac44dc7e324, full,3,9,1490412581.0, yes, full,3,9, 20s, 4, yes, 2, 4, 3, 3, 2, 3, yes
game3b2b18e60bf5d01a.log,6,0,0,0,0,0,1,0,0,0,0,0,0,0,0,0,0,1,1,0,0,1,1,0,0,0,0,0,1,0,0,0,0,1,0,0,0,2,0,0,0,0,1,0,0,0,0,0,0,0,0,2,2,1,0,0,9,1.8,0,3,2,0,0,12,2.4,90c7b3288d046c3a, outer,8513,9,1492729518.0, no, outer,1,5, 20s, 3, no, 1, 1, 1, 3, 3, 4, yes
game3b680eb534056b6b.log,19,1,0,0,0,0,0,0,1,0,0,0,0,0,0,0,0,0,0,1,0,1,0,0,1,0,1,0,0,0,0,0,1,0,0,0,0,0,0,0,0,0,1,0,0,0,0,0,0,1,1,2,0,1,2,0,13,2.6,1,2,0,1,1,14,2.8,6ccededecee01838, outer,4055,8,1490073955.0, no, intentional,2,18, , , , , , , , , , yes
game3b8c6d7dcbe08e02.log,16,0,0,0,0,0,1,0,0,1,0,0,0,1,1,0,0,0,0,0,0,1,0,0,0,0,1,0,0,0,0,0,0,0,0,0,0,1,0,1,0,0,1,0,0,0,0,1,0,0,0,2,0,1,2,0,13,2.6,1,3,0,1,0,11,2.2,19dbddedf07994e2, full,5706,7,1490730780.0, no, outer,3,8, 30s, 4, yes, 4, 4, 4, 5, 3, 3, yes
game3bcaf91acc6b4a38.log,14,0,0,0,1,0,0,0,0,0,0,1,0,0,1,0,1,0,0,0,0,0,0,1,0,0,0,0,0,0,0,1,0,0,0,1,0,0,0,0,0,0,1,0,1,0,0,1,0,0,0,2,0,1,2,0,13,2.6,1,2,0,1,1,14,2.8,6ccededecee01838, outer,8485,17,1490074969.0, no, intentional,2,18, , , , , , , , , , yes
game3bee2ca8f91bc2e9.log,15,0,0,1,0,0,1,0,0,0,0,0,0,0,0,0,0,0,0,0,0,1,1,0,0,1,0,0,0,0,0,0,0,0,0,0,1,0,0,0,1,0,1,0,0,0,0,0,0,2,0,2,1,1,0,1,12,2.4,1,1,0,2,1,16,3.2,19dbddedf07994e2, intentional,4078,20,1490289851.0, no, outer,3,8, 30s, 4, yes, 4, 4, 4, 5, 3, 3, yes
game3c3583fd9ff7c53e.log,20,0,0,0,0,0,0,0,1,0,0,0,0,0,1,1,1,0,1,0,0,0,0,0,0,0,0,2,0,0,1,0,1,0,0,0,0,0,0,0,0,0,0,0,0,0,0,0,0,1,0,1,0,2,1,1,16,3.2,0,3,0,1,1,15,3.0,2119fe68a204e42a, full,7620,15,1490307852.0, no, outer,2,4, 20s, 4, yes, 4, 4, 4, 3, 2, 4, yes
game3c3dbea53d9ea8e0.log,11,0,1,0,0,0,0,1,0,0,0,0,0,0,0,0,0,0,2,0,0,0,0,1,0,0,1,0,0,0,0,2,0,0,1,0,0,0,0,0,0,1,0,0,0,0,0,0,0,0,0,0,2,3,0,0,13,2.6,4,0,0,1,0,8,1.6,cc9f58c126cc648e, intentional,2693,13,1490064991.0, no, outer,4,13, 50s, 4, yes, 3, 4, 2, 3, 3, 3, yes
game3c4330c32f31f3d1.log,18,0,1,0,0,0,0,0,0,0,1,1,1,0,1,0,0,0,0,0,0,0,0,0,0,0,0,0,0,0,1,0,0,0,0,0,0,1,0,0,0,0,0,1,1,0,0,0,1,0,0,1,2,0,1,1,14,2.8,0,1,2,1,1,17,3.4,ca0922b34e670338, full,4413,2,1492590184.0, no, outer,1,13, 40s, 4, yes, 3, 4, 2, 3, 3, 3, yes
game3c5bfafda8a50bd8.log,18,0,1,0,0,0,0,0,0,0,0,0,1,0,0,0,0,0,1,0,0,0,1,0,0,1,0,0,1,0,1,1,0,0,0,0,1,0,1,0,0,0,0,0,0,0,0,0,0,0,0,0,3,1,0,1,14,2.8,2,0,2,0,1,13,2.6,e9f1e39464eb6aa4, intentional,1,18,1489928491.0, yes, intentional,1,18, 20s, 4, yes, 3, 4, 2, 3, 2, 1, yes
game3ce7f032a73be096.log,21,0,0,1,0,0,1,0,0,0,0,1,0,1,0,0,0,0,0,1,0,0,0,0,0,0,0,0,1,0,0,0,0,0,0,0,0,0,1,1,0,1,0,0,0,0,1,0,0,0,0,2,0,2,1,0,12,2.4,2,0,2,1,0,12,2.4,90c7b3288d046c3a, intentional,1280,15,1492731960.0, no, outer,1,5, 20s, 3, no, 1, 1, 1, 3, 3, 4, yes
game3d1466d92d24e562.log,20,1,0,0,0,0,0,0,1,0,0,0,1,0,1,0,0,1,0,0,0,0,0,0,0,0,0,0,1,0,0,0,0,0,0,0,1,0,0,0,0,0,0,1,1,1,0,0,0,0,0,1,2,1,1,0,12,2.4,1,0,2,1,1,16,3.2,19dbddedf07994e2, intentional,4889,16,1489738198.0, no, outer,3,8, 30s, 4, yes, 4, 4, 4, 5, 3, 3, yes
game3d640ad0383cd7ca.log,2,1,0,0,0,1,0,1,0,0,0,0,0,0,0,0,0,0,0,1,0,0,0,0,1,0,0,1,0,2,0,1,0,0,1,0,0,0,0,0,0,0,0,0,0,0,0,0,0,0,0,1,1,0,2,1,16,3.2,1,1,0,3,0,15,3.0,19dbddedf07994e2, intentional,2502,8,1489918116.0, no, outer,3,8, 30s, 4, yes, 4, 4, 4, 5, 3, 3, yes
game3d90873c9de322d3.log,16,0,0,0,1,0,0,0,0,0,1,0,0,0,0,1,0,1,0,0,0,0,0,0,1,0,0,0,0,0,0,1,1,0,1,0,0,0,0,0,0,0,0,0,0,1,0,0,0,0,1,0,1,0,2,2,20,4.0,1,1,0,1,2,17,3.4,19dbddedf07994e2, outer,4662,1,1490733089.0, no, outer,3,8, 30s, 4, yes, 4, 4, 4, 5, 3, 3, yes
game3de19737e846589e.log,13,1,0,0,0,0,1,0,0,0,0,0,0,0,0,0,0,0,1,0,1,1,0,0,0,0,1,0,0,0,0,1,0,0,0,0,1,0,0,0,1,0,1,0,0,0,0,0,0,0,0,3,0,1,0,1,11,2.2,3,1,0,0,1,10,2.0,19dbddedf07994e2, full,3815,4,1490731173.0, no, outer,3,8, 30s, 4, yes, 4, 4, 4, 5, 3, 3, yes
game3de27ec44e2dd8a8.log,3,0,0,1,0,0,0,1,0,0,0,0,0,1,0,0,1,0,1,0,0,0,0,0,0,0,0,0,0,0,0,0,0,1,0,0,0,0,0,1,1,0,0,1,0,0,0,0,0,0,1,1,1,3,0,0,12,2.4,0,0,2,1,2,20,4.0,2c99b217faca51f8, full,6773,17,1490120108.0, no, outer,3,10, 20s, 4, yes, 4, 4, 4, 4, 2, 4, yes
game3e1bc1378872cf6c.log,18,1,0,0,0,0,0,0,0,0,0,1,0,0,0,0,1,0,0,0,1,0,0,1,0,0,0,0,0,2,0,0,0,1,0,0,0,0,0,0,0,0,0,0,0,0,1,0,0,1,0,3,0,1,0,1,11,2.2,1,0,1,3,0,16,3.2,5a86ce944e7078c1, intentional,8403,16,1490286503.0, no, outer,5,11, 20s, 4, yes, 3, 4, 3, 2, 1, 1, yes
game3e28ce8ed453f2ff.log,23,0,0,1,0,0,1,0,0,0,0,1,0,0,0,1,0,0,0,0,0,0,0,1,0,0,0,0,0,0,0,0,0,1,0,0,0,1,0,1,0,0,0,0,0,1,1,0,0,0,0,2,0,2,0,1,13,2.6,1,1,1,1,1,15,3.0,ca0922b34e670338, intentional,4918,18,1492588216.0, no, outer,1,13, 40s, 4, yes, 3, 4, 2, 3, 3, 3, yes
game3e2ebe30a3d11b7c.log,17,2,0,0,0,0,1,0,0,1,0,0,0,0,0,0,0,0,0,1,0,0,0,0,0,0,0,0,1,0,0,1,0,0,0,0,0,0,0,1,0,0,0,0,0,0,1,1,0,0,0,3,0,0,2,0,11,2.2,2,1,1,1,0,11,2.2,ca0922b34e670338, full,8229,20,1491761741.0, no, outer,1,13, 40s, 4, yes, 3, 4, 2, 3, 3, 3, yes
game3e616ecd85729ce5.log,9,0,1,0,0,0,1,0,0,0,0,0,0,0,0,0,0,1,0,0,0,1,1,0,0,0,1,0,0,0,0,0,1,0,1,0,1,0,0,0,0,1,0,0,0,0,0,0,0,0,0,2,3,0,0,0,8,1.6,3,1,0,1,0,9,1.8,ca0922b34e670338, outer,1212,17,1491932229.0, no, outer,1,13, 40s, 4, yes, 3, 4, 2, 3, 3, 3, yes
game3e7295b0a0b9209a.log,15,1,1,0,0,0,0,0,0,0,0,1,0,0,0,0,0,0,0,0,1,0,1,0,0,0,0,0,0,0,1,0,0,0,0,1,1,0,0,0,0,1,0,1,0,0,0,0,0,0,0,2,2,0,0,1,11,2.2,2,0,1,0,2,15,3.0,19dbddedf07994e2, intentional,8116,6,1490533807.0, no, outer,3,8, 30s, 4, yes, 4, 4, 4, 5, 3, 3, yes
game3e9bc5aa46e1c1b6.log,19,1,1,0,1,0,0,1,0,0,0,0,0,0,0,0,0,0,0,0,0,1,0,0,0,0,0,0,1,0,0,1,0,0,0,0,1,0,0,1,0,1,0,0,0,0,0,0,0,0,0,2,2,0,1,0,10,2.0,3,0,1,1,0,10,2.0,7d60c2f6cdea2895, full,4,2,1490019601.0, yes, full,4,2, 30s, 3, yes, 2, 4, 1, 2, 2, 2, yes
game3e9fecc95768d9bd.log,14,0,0,0,1,1,0,0,0,0,0,0,0,0,0,0,1,0,0,0,0,2,0,0,0,0,0,0,0,0,0,0,0,0,1,0,1,0,1,1,1,0,0,0,0,0,0,0,0,0,0,3,0,0,1,1,12,2.4,1,0,1,2,1,17,3.4,19dbddedf07994e2, outer,3337,4,1489702756.0, no, outer,3,8, 30s, 4, yes, 4, 4, 4, 5, 3, 3, yes
game3eaf8ea7327a647f.log,6,0,0,0,0,0,0,0,0,0,1,1,0,1,0,0,1,0,0,0,0,0,0,1,0,0,0,1,0,0,0,0,1,0,0,0,0,0,0,1,1,0,0,0,0,0,1,0,0,0,0,2,0,2,0,1,13,2.6,1,2,0,1,1,14,2.8,19dbddedf07994e2, intentional,3398,3,1490733769.0, no, outer,3,8, 30s, 4, yes, 4, 4, 4, 5, 3, 3, yes
game3ecb7cf7664c46e2.log,6,0,0,1,0,1,0,0,0,0,0,0,1,0,0,0,0,0,0,0,0,0,0,1,0,1,0,1,0,0,0,0,0,1,0,0,1,0,0,0,0,0,0,1,0,0,0,1,0,0,0,0,1,2,0,2,18,3.6,1,2,2,0,0,11,2.2,ca0922b34e670338, outer,3471,11,1491942717.0, no, outer,1,13, 40s, 4, yes, 3, 4, 2, 3, 3, 3, yes
game3efa130b31c78474.log,5,0,0,0,0,0,1,1,0,0,0,0,0,1,0,0,1,0,0,0,1,0,0,0,0,0,0,1,0,1,0,1,0,0,0,0,1,0,0,0,0,0,0,1,0,0,0,0,0,0,0,2,1,1,0,1,12,2.4,2,1,1,1,0,11,2.2,8a6febcf85c544d4, outer,8446,9,1489998149.0, no, intentional,5,20, , , , , , , , , , yes
game3f07665fd18c0536.log,6,0,0,1,0,0,0,0,0,1,0,0,0,0,1,1,0,0,0,0,0,1,0,0,0,0,0,0,0,0,0,0,0,0,0,0,0,0,1,0,0,1,0,0,1,1,0,1,0,0,0,1,0,1,2,1,17,3.4,1,1,1,1,1,15,3.0,d2f1c88c0be4a19b, outer,3192,17,1490127093.0, no, intentional,4,13, 30s, 4, yes, 3, 4, 1, 2, 2, 2, yes
game3f28987d974a2b30.log,7,1,0,0,0,0,0,1,0,0,0,0,0,0,0,0,0,1,0,0,0,0,0,1,0,1,0,0,0,0,0,1,0,0,0,1,0,0,0,0,0,0,0,0,0,0,1,1,0,1,0,1,2,1,0,1,13,2.6,2,1,0,1,1,13,2.6,e3f99bfa4535678e, intentional,3959,17,1490343479.0, no, outer,5,4, 20s, 4, yes, 2, 4, 1, 2, 2, 3, yes
game3f60a3908b342e58.log,16,1,1,1,0,0,0,0,0,1,0,0,0,0,0,0,0,1,0,0,0,0,0,0,0,0,0,0,0,0,0,1,0,0,0,0,0,1,1,0,0,2,0,0,0,0,0,0,0,0,0,1,2,1,1,0,12,2.4,3,1,1,0,0,8,1.6,ca0922b34e670338, outer,6663,6,1492588059.0, no, outer,1,13, 40s, 4, yes, 3, 4, 2, 3, 3, 3, yes
game3f79f9ed3a579d03.log,3,0,0,0,0,0,1,0,0,0,0,0,1,0,0,1,1,0,0,0,0,1,0,0,0,0,1,0,0,0,0,0,0,0,0,1,0,0,1,0,0,1,0,0,0,0,0,0,1,0,0,3,1,0,0,1,10,2.0,2,0,2,0,1,13,2.6,19dbddedf07994e2, outer,4,9,1490289220.0, no, outer,3,8, 30s, 4, yes, 4, 4, 4, 5, 3, 3, yes
game3f7bc1de48fd76f7.log,16,0,0,0,0,0,0,0,0,0,1,0,0,1,0,1,1,0,0,0,0,1,0,0,0,0,1,0,0,1,0,0,1,0,1,0,0,0,0,0,0,0,0,0,1,0,0,0,0,0,0,2,0,1,0,2,15,3.0,1,1,0,3,0,15,3.0,bee42cbbcf5755e4, outer,5,4,1490044193.0, yes, outer,5,4, 20s, 4, yes, 1, 1, 1, 3, 3, 3, yes
game3fa4f241f9c54d41.log,7,0,0,0,0,0,0,0,0,1,0,0,0,0,0,0,0,0,1,1,0,0,1,0,1,0,0,1,0,0,0,1,1,1,0,0,0,1,0,0,0,0,0,0,0,0,0,0,0,0,0,0,1,1,3,0,17,3.4,1,3,1,0,0,10,2.0,1b17ab93ed1184b4, full,503,13,1491688846.0, no, full,3,8, 40s, 4, yes, 2, 2, 1, 4, 4, 3, yes
game3fc0b24fbf6cd83d.log,4,1,0,0,1,0,0,0,0,0,0,1,0,0,0,0,0,1,0,0,1,0,0,0,0,0,0,0,0,0,0,0,0,0,0,1,0,0,0,0,0,0,0,0,0,0,1,0,1,2,0,2,1,0,1,1,13,2.6,1,0,1,2,1,17,3.4,19dbddedf07994e2, intentional,160,13,1489702330.0, no, outer,3,8, 30s, 4, yes, 4, 4, 4, 5, 3, 3, yes
game3fcff141add6dfbc.log,12,0,0,0,0,0,0,0,0,0,0,0,0,1,0,0,0,0,0,1,0,0,1,1,1,0,0,1,1,0,0,0,0,1,0,0,0,0,0,0,0,0,0,0,0,0,1,0,0,0,1,0,1,2,2,0,16,3.2,1,1,2,0,1,14,2.8,ca0922b34e670338, intentional,9995,16,1491942325.0, no, outer,1,13, 40s, 4, yes, 3, 4, 2, 3, 3, 3, yes
game3ffd307b9326062c.log,21,0,0,0,1,0,1,0,0,0,0,0,0,0,0,0,0,0,1,1,0,0,0,0,0,1,0,0,1,1,0,0,0,0,0,0,2,0,0,0,0,0,0,0,0,0,0,1,0,0,0,1,0,1,2,1,17,3.4,2,1,1,1,0,11,2.2,19dbddedf07994e2, outer,2,5,1490725968.0, no, outer,3,8, 30s, 4, yes, 4, 4, 4, 5, 3, 3, yes
game4024177013f481be.log,3,0,0,0,0,0,2,0,0,0,0,1,0,0,0,1,0,0,0,1,0,0,0,0,0,0,0,1,1,0,0,0,1,0,0,0,0,0,0,1,0,0,1,0,0,0,0,0,0,0,0,3,0,0,1,1,12,2.4,0,3,1,1,0,13,2.6,19dbddedf07994e2, full,5634,6,1489963234.0, no, outer,3,8, 30s, 4, yes, 4, 4, 4, 5, 3, 3, yes
game40440a3619f7c9ac.log,6,1,0,0,0,0,1,1,1,0,0,0,0,0,0,0,0,1,0,0,0,0,0,0,0,0,1,0,1,0,0,0,1,0,0,0,0,0,0,0,0,0,0,1,0,0,0,0,0,1,0,2,2,1,0,0,9,1.8,1,1,2,1,0,13,2.6,19dbddedf07994e2, full,3061,9,1490133286.0, no, outer,3,8, 30s, 4, yes, 4, 4, 4, 5, 3, 3, yes
game4066c3cbd41d3a96.log,20,0,1,0,1,0,0,0,1,0,0,0,0,0,0,0,0,1,0,0,0,0,0,1,0,0,1,0,1,0,0,0,0,0,0,0,0,0,0,0,0,1,0,0,0,0,0,1,0,0,1,0,2,2,1,0,14,2.8,2,1,1,0,1,12,2.4,19dbddedf07994e2, full,6572,9,1490734177.0, no, outer,3,8, 30s, 4, yes, 4, 4, 4, 5, 3, 3, yes
game40913f298d15b94e.log,20,1,0,0,0,0,0,1,1,0,0,0,1,0,0,0,0,0,0,0,0,0,0,0,1,0,0,0,0,0,0,0,0,0,0,0,0,0,0,0,1,1,0,1,0,0,1,0,0,1,0,1,2,1,1,0,12,2.4,2,0,1,1,1,14,2.8,ca0922b34e670338, full,9141,16,1492588918.0, no, outer,1,13, 40s, 4, yes, 3, 4, 2, 3, 3, 3, yes
game40989cf61add2009.log,5,0,0,0,1,0,0,0,0,0,0,1,0,0,0,1,0,1,0,0,0,1,0,0,0,0,0,0,0,0,0,0,1,1,0,0,0,0,0,0,0,0,0,1,0,0,1,0,1,0,0,2,1,0,1,1,13,2.6,1,1,3,0,0,12,2.4,19dbddedf07994e2, intentional,2634,11,1490732218.0, no, outer,3,8, 30s, 4, yes, 4, 4, 4, 5, 3, 3, yes
game409ebbfd5e034c40.log,4,1,0,2,0,0,0,0,1,0,0,0,0,0,0,0,0,0,0,0,0,0,0,0,1,0,0,0,0,0,0,1,0,0,1,0,0,1,0,0,0,1,0,1,0,0,0,0,0,0,0,1,0,3,1,0,14,2.8,2,1,1,1,0,11,2.2,ca0922b34e670338, intentional,1316,8,1492587044.0, no, outer,1,13, 40s, 4, yes, 3, 4, 2, 3, 3, 3, yes
game4101a9b240dfb2e2.log,13,0,0,1,0,0,1,1,0,0,0,0,0,0,0,0,0,1,0,0,0,1,0,0,0,0,0,0,0,0,0,1,0,0,0,0,1,0,1,0,0,1,0,0,0,0,0,0,0,1,0,2,2,1,0,0,9,1.8,3,0,1,1,0,10,2.0,cfae3ca2f65f0b94, intentional,445,17,1490365995.0, no, intentional,1,15, , , , , , , , , , yes
game413d9864c82f94aa.log,17,0,0,1,0,0,0,0,0,0,0,0,0,0,0,0,2,1,0,0,0,1,0,0,0,0,0,1,0,1,0,0,0,0,0,1,1,0,0,0,0,0,0,0,0,0,1,0,0,0,0,3,1,1,0,0,8,1.6,2,1,0,1,1,13,2.6,ca0922b34e670338, outer,9003,11,1492705562.0, no, outer,1,13, 40s, 4, yes, 3, 4, 2, 3, 3, 3, yes
game416c4e96d8b689ea.log,15,0,1,0,0,0,1,0,0,0,0,0,0,0,0,0,0,0,1,0,1,0,0,0,1,0,0,0,0,0,0,0,1,0,0,0,0,1,1,1,0,0,0,0,0,0,0,0,1,0,0,1,1,1,1,1,15,3.0,0,2,2,1,0,14,2.8,1b17ab93ed1184b4, full,7133,20,1491685783.0, no, full,3,8, 40s, 4, yes, 2, 2, 1, 4, 4, 3, yes
game41745eb170a02f33.log,20,0,1,0,0,0,0,0,0,0,0,1,0,0,0,0,0,1,0,0,0,1,0,0,1,0,1,0,0,0,0,0,0,1,0,0,0,0,0,1,0,0,0,0,1,0,0,0,0,1,0,2,2,0,1,0,10,2.0,1,0,1,3,0,16,3.2,ca0922b34e670338, intentional,7294,16,1492592993.0, no, outer,1,13, 40s, 4, yes, 3, 4, 2, 3, 3, 3, yes
game42052831197528b8.log,19,0,0,1,0,0,0,0,0,0,1,1,0,1,0,0,1,0,0,0,0,0,0,0,0,0,0,0,0,1,0,0,0,0,0,0,1,1,0,0,0,0,0,0,0,0,1,1,0,0,0,2,0,2,0,1,13,2.6,2,2,0,1,0,10,2.0,ca0922b34e670338, full,3062,20,1491939574.0, no, outer,1,13, 40s, 4, yes, 3, 4, 2, 3, 3, 3, yes
game4247eb2f184d8bbf.log,15,0,1,1,0,0,0,0,0,0,0,0,0,0,0,0,0,0,0,1,1,0,1,0,0,0,0,0,0,0,0,1,0,0,1,0,0,0,0,0,0,0,0,0,0,0,1,1,1,0,0,0,2,1,1,1,16,3.2,2,1,1,1,0,11,2.2,19dbddedf07994e2, intentional,4271,3,1490136214.0, no, outer,3,8, 30s, 4, yes, 4, 4, 4, 5, 3, 3, yes
game424cb7dedf420582.log,17,0,1,0,0,0,1,0,0,0,0,0,0,1,0,0,0,1,0,1,0,0,0,0,0,0,0,1,1,1,0,0,0,0,1,1,0,0,0,0,0,0,0,0,0,0,0,0,0,0,0,1,2,1,1,0,12,2.4,0,1,1,2,1,18,3.6,5d82cb8a155dbd34, full,1253,19,1490303141.0, no, full,5,21, 20s, 4, yes, 3, 4, 3, 4, 5, 5, yes
game4251294ac9658845.log,20,1,0,0,1,0,0,0,0,0,0,0,0,0,0,0,1,1,1,0,0,0,0,0,0,0,0,1,0,0,0,1,0,0,0,0,0,0,0,1,0,1,0,0,0,0,0,0,1,0,0,2,1,1,1,0,11,2.2,2,1,1,1,0,11,2.2,ca0922b34e670338, full,9809,16,1491763399.0, no, outer,1,13, 40s, 4, yes, 3, 4, 2, 3, 3, 3, yes
game428a15de1dc54549.log,11,0,0,0,0,0,1,0,0,0,1,0,0,1,1,0,0,0,0,0,0,0,0,0,0,1,1,0,1,0,0,0,0,0,1,0,0,1,0,0,0,0,0,0,0,0,1,0,0,0,0,1,0,1,1,2,18,3.6,2,1,1,1,0,11,2.2,19dbddedf07994e2, outer,5732,5,1489921791.0, no, outer,3,8, 30s, 4, yes, 4, 4, 4, 5, 3, 3, yes
game42d170d673391ef0.log,12,0,0,0,0,0,0,0,0,0,0,1,1,0,0,0,1,0,0,0,0,1,0,1,0,0,0,0,0,0,0,0,2,0,0,0,0,0,0,1,1,0,1,0,0,0,0,0,0,0,0,3,1,1,0,0,8,1.6,0,3,0,1,1,15,3.0,ca0922b34e670338, full,9130,6,1491935086.0, no, outer,1,13, 40s, 4, yes, 3, 4, 2, 3, 3, 3, yes
game42ec35bb7004c85d.log,17,0,0,0,0,0,0,0,1,0,0,0,0,1,0,0,1,0,1,1,0,0,0,0,0,0,1,1,0,1,0,0,0,0,0,0,0,0,0,0,0,0,0,0,0,1,0,1,0,0,0,1,0,3,1,0,14,2.8,1,2,0,1,1,14,2.8,ca0922b34e670338, full,4878,10,1491781197.0, no, outer,1,13, 40s, 4, yes, 3, 4, 2, 3, 3, 3, yes
game42f0d35e5256e72e.log,18,0,1,1,0,0,0,1,0,0,0,1,0,0,0,0,0,0,0,0,1,0,0,0,0,0,1,1,0,1,0,0,0,0,0,0,0,0,0,1,0,1,0,0,0,0,0,0,0,0,0,1,2,1,0,1,13,2.6,2,1,0,2,0,12,2.4,ca0922b34e670338, intentional,9336,17,1492551410.0, no, outer,1,13, 40s, 4, yes, 3, 4, 2, 3, 3, 3, yes
game43133363fa5ea6a5.log,6,0,0,0,1,0,1,0,0,0,1,0,0,0,0,0,1,1,0,0,0,0,0,0,0,0,0,0,0,0,0,1,1,0,0,0,0,0,0,0,0,0,0,0,0,0,0,2,1,0,0,2,1,0,1,1,13,2.6,1,3,1,0,0,10,2.0,ca0922b34e670338, full,1272,19,1491888600.0, no, outer,1,13, 40s, 4, yes, 3, 4, 2, 3, 3, 3, yes
game4315784efd47d4bf.log,12,1,0,1,0,0,0,0,0,0,1,0,0,0,0,0,1,0,0,0,1,0,0,0,0,0,0,0,0,1,0,0,0,0,0,0,0,0,0,0,0,0,1,0,1,0,0,1,1,0,0,2,0,1,0,2,15,3.0,0,2,1,2,0,15,3.0,19dbddedf07994e2, intentional,2318,7,1490730822.0, no, outer,3,8, 30s, 4, yes, 4, 4, 4, 5, 3, 3, yes
game432b14f650424222.log,16,0,0,0,1,0,0,0,0,0,0,0,0,0,1,1,0,0,0,0,1,0,0,1,0,0,1,1,0,1,0,0,0,0,0,0,0,0,0,0,0,0,1,0,0,0,1,0,0,0,0,0,0,1,2,2,21,4.2,2,2,0,1,0,10,2.0,2119fe68a204e42a, full,6225,4,1490307223.0, no, outer,2,4, 20s, 4, yes, 4, 4, 4, 3, 2, 4, yes
game433af7d0a4e72d81.log,6,0,1,0,0,0,1,0,0,0,0,1,0,0,0,0,0,1,0,0,0,1,0,0,0,0,0,1,0,0,0,0,1,0,1,0,0,0,0,1,0,0,1,0,0,0,0,0,0,0,0,3,2,0,0,0,7,1.4,0,3,0,2,0,14,2.8,ca0922b34e670338, full,615,19,1492592841.0, no, outer,1,13, 40s, 4, yes, 3, 4, 2, 3, 3, 3, yes
game4360c1ab89b7e61f.log,15,1,0,0,0,0,1,0,0,0,0,0,0,1,0,0,0,0,0,0,0,1,1,0,0,0,0,0,2,1,0,0,0,1,0,0,0,0,0,0,0,0,0,0,0,0,0,0,1,0,0,3,1,1,0,0,8,1.6,0,0,4,1,0,16,3.2,ca0922b34e670338, outer,4488,8,1491930571.0, no, outer,1,13, 40s, 4, yes, 3, 4, 2, 3, 3, 3, yes
game439d1242f98ef302.log,3,0,0,0,1,0,0,0,0,0,0,1,1,0,0,0,1,0,0,1,0,0,0,0,0,0,0,1,0,0,0,0,0,1,1,0,0,0,0,0,0,1,0,0,0,1,0,0,0,0,0,2,1,0,2,0,12,2.4,1,1,1,1,1,15,3.0,90c7b3288d046c3a, intentional,9263,16,1492731760.0, no, outer,1,5, 20s, 3, no, 1, 1, 1, 3, 3, 4, yes
game43bbfbb503d001ee.log,11,1,0,0,0,0,0,0,0,0,0,0,0,1,0,0,1,1,0,0,0,0,0,0,0,1,0,0,0,0,0,1,0,0,1,0,0,0,0,1,0,0,0,0,0,0,0,1,0,1,0,2,1,1,0,1,12,2.4,1,1,0,3,0,15,3.0,19dbddedf07994e2, outer,8871,16,1489963841.0, no, outer,3,8, 30s, 4, yes, 4, 4, 4, 5, 3, 3, yes
game43c98b9466327b38.log,21,0,0,1,0,0,0,0,1,1,0,0,0,0,0,0,1,0,0,0,0,0,0,0,1,0,0,0,0,0,0,1,0,0,0,0,0,1,0,1,0,0,0,0,1,0,0,0,1,0,0,1,0,2,2,0,15,3.0,1,1,1,2,0,14,2.8,19dbddedf07994e2, intentional,5123,11,1490289543.0, no, outer,3,8, 30s, 4, yes, 4, 4, 4, 5, 3, 3, yes
game43d4275db9e58202.log,6,0,2,0,0,0,0,0,0,0,0,1,0,0,0,0,0,0,0,0,1,1,0,0,0,0,0,0,1,0,0,0,0,0,1,0,0,0,0,0,0,0,0,0,1,0,1,0,1,0,0,2,2,0,0,1,11,2.2,1,0,2,2,0,15,3.0,c6bd40b0a7053499, intentional,5895,16,1490216800.0, no, outer,5,13, 30s, 4, yes, 3, 4, 1, 2, 2, 2, yes
game43e3313bc4073a65.log,21,0,0,0,1,0,0,0,1,0,0,0,0,0,1,0,0,0,0,0,1,0,0,0,1,0,1,1,0,0,0,0,0,0,0,0,0,0,0,0,0,1,1,0,0,0,0,0,0,1,0,0,0,1,3,1,20,4.0,2,2,0,1,0,10,2.0,19dbddedf07994e2, full,9202,7,1490136301.0, no, outer,3,8, 30s, 4, yes, 4, 4, 4, 5, 3, 3, yes
game43f0ca0296ec6345.log,0,0,0,1,1,0,0,0,0,0,1,1,0,0,0,0,0,0,0,1,0,0,0,0,0,0,0,0,0,0,0,0,1,0,1,0,0,0,0,1,0,0,1,0,0,0,1,0,0,0,0,1,0,1,2,1,17,3.4,1,2,0,2,0,13,2.6,ca0922b34e670338, outer,9874,3,1491910207.0, no, outer,1,13, 40s, 4, yes, 3, 4, 2, 3, 3, 3, yes
game446f25eca7e8e643.log,7,0,0,0,0,1,0,0,0,0,0,1,0,0,0,1,0,0,0,0,0,0,1,0,1,0,1,0,1,1,0,1,0,0,0,0,0,0,0,1,0,0,0,0,0,0,0,0,0,0,0,1,1,0,1,2,17,3.4,2,0,1,2,0,13,2.6,19dbddedf07994e2, full,4579,11,1489964433.0, no, outer,3,8, 30s, 4, yes, 4, 4, 4, 5, 3, 3, yes
game4475cd036b788cc2.log,5,0,0,0,1,0,0,0,0,0,0,0,0,1,1,0,1,0,0,0,0,0,0,1,0,0,0,0,1,0,0,0,1,1,0,1,1,0,0,0,0,0,0,0,0,0,0,0,0,0,0,1,0,2,2,0,15,3.0,1,1,2,0,1,14,2.8,ca0922b34e670338, outer,6412,16,1492710994.0, no, outer,1,13, 40s, 4, yes, 3, 4, 2, 3, 3, 3, yes
game4479e223cb5aaa09.log,21,0,0,0,0,0,0,0,0,1,0,0,1,0,0,0,1,0,1,0,0,1,0,0,0,0,1,1,0,0,0,0,0,1,0,0,0,0,0,0,0,0,0,0,0,0,1,0,0,1,0,2,1,1,1,0,11,2.2,2,1,1,1,0,11,2.2,6ba9b481f9f027e8, intentional,2,13,1489691919.0, yes, intentional,2,13, 30s, 4, yes, 3, 4, 2, 3, 2, 4, yes
game44b5fc86cee1b228.log,17,0,1,0,1,0,2,0,0,0,0,0,0,0,0,0,0,0,0,0,0,0,0,1,0,0,1,0,0,0,0,1,0,0,0,0,0,0,0,0,0,1,1,0,0,0,1,0,0,0,0,2,1,1,1,0,11,2.2,4,1,0,0,0,6,1.2,ca0922b34e670338, full,573,17,1492714654.0, no, outer,1,13, 40s, 4, yes, 3, 4, 2, 3, 3, 3, yes
game44bc3e8e4ab2af5b.log,18,0,0,0,0,1,0,0,0,0,0,1,0,0,0,0,0,0,0,0,0,1,1,0,1,0,0,0,0,0,0,2,0,0,1,0,0,1,0,0,0,1,0,0,0,0,0,0,0,0,0,2,1,0,1,1,13,2.6,3,1,0,1,0,9,1.8,19dbddedf07994e2, full,6124,13,1490133090.0, no, outer,3,8, 30s, 4, yes, 4, 4, 4, 5, 3, 3, yes
game44e7ce06f4670d45.log,12,0,0,1,0,0,0,0,0,0,0,0,0,1,1,0,0,1,0,0,0,0,0,0,1,0,0,0,0,1,0,0,0,1,0,0,0,0,1,0,0,0,0,0,0,0,0,1,1,0,0,0,1,2,2,0,16,3.2,0,1,3,1,0,15,3.0,74429056aeea0370, outer,3,6,1490027523.0, yes, outer,3,6, 20s, 4, yes, 2, 4, 3, 2, 3, 4, yes
game450a8eaa2a53a459.log,17,0,0,0,1,0,0,0,0,0,0,0,0,0,1,0,1,0,1,0,0,0,0,0,1,0,1,1,0,0,0,0,0,0,0,1,1,0,1,0,0,0,0,0,0,0,0,0,0,0,0,1,0,1,3,0,16,3.2,2,1,1,0,1,12,2.4,ca0922b34e670338, outer,90,3,1491909006.0, no, outer,1,13, 40s, 4, yes, 3, 4, 2, 3, 3, 3, yes
game4552f1e3e91b737d.log,7,0,1,0,1,0,0,0,0,0,0,0,0,0,0,0,1,0,0,0,1,0,1,0,0,0,0,0,0,0,0,1,1,0,0,0,1,1,0,0,0,0,0,0,1,0,0,0,0,0,0,1,2,0,1,1,14,2.8,2,2,0,1,0,10,2.0,ca0922b34e670338, outer,5323,5,1491787370.0, no, outer,1,13, 40s, 4, yes, 3, 4, 2, 3, 3, 3, yes
game45621a3a22b7e65f.log,12,0,0,0,0,1,1,1,0,0,0,0,0,0,0,0,1,0,0,0,0,1,0,0,0,0,1,0,0,0,0,0,0,1,0,1,1,1,0,0,0,0,0,0,0,0,0,0,0,0,0,3,1,0,0,1,10,2.0,2,1,1,0,1,12,2.4,ff5abca3be7f134b, full,5,20,1490137818.0, yes, full,5,20, 50s, 4, , 3, 4, 1, 4, 3, 4, yes
game4576ceef3e3836a9.log,3,0,0,0,0,0,0,1,0,0,0,0,0,0,0,0,0,0,2,0,0,1,0,0,1,0,0,1,1,0,0,1,0,0,1,0,0,0,0,0,0,0,0,0,0,0,0,0,0,1,0,1,1,2,1,0,13,2.6,1,1,1,2,0,14,2.8,ca0922b34e670338, full,5019,8,1491798681.0, no, outer,1,13, 40s, 4, yes, 3, 4, 2, 3, 3, 3, yes
game4577181863ac4219.log,10,2,0,0,0,0,1,0,0,0,0,0,0,0,0,0,0,0,0,1,0,1,0,0,0,0,0,0,0,0,1,0,0,0,1,0,1,0,0,0,0,0,1,0,0,0,0,1,0,0,0,4,0,0,1,0,8,1.6,1,2,0,1,1,14,2.8,47fda529d1b27280, outer,2,3,1490320947.0, yes, outer,2,3, 30s, 4, yes, 4, 4, 3, 2, 1, 1, yes
game45aa2ba481b12535.log,3,1,0,0,0,0,0,0,0,0,0,1,0,0,1,0,0,0,0,0,0,0,1,1,0,0,1,0,0,0,0,0,0,1,0,0,1,0,0,0,1,0,1,0,0,0,0,0,0,0,0,2,1,1,1,0,11,2.2,2,1,1,0,1,12,2.4,e3f99bfa4535678e, intentional,62,18,1490342209.0, no, outer,5,4, 20s, 4, yes, 2, 4, 1, 2, 2, 3, yes
game45cf2734280e521e.log,4,1,0,0,0,0,0,1,0,0,1,1,0,0,0,0,1,0,0,0,0,0,0,0,0,0,0,0,0,0,0,0,0,0,1,0,1,0,1,1,0,0,0,0,0,0,0,0,0,1,0,3,1,0,0,1,10,2.0,1,0,1,3,0,16,3.2,ca0922b34e670338, outer,5192,10,1491783384.0, no, outer,1,13, 40s, 4, yes, 3, 4, 2, 3, 3, 3, yes
game465b7071feeb963d.log,8,0,0,0,0,0,1,0,0,0,1,0,1,0,0,0,0,1,0,1,0,0,0,0,0,0,1,0,0,0,0,0,0,0,1,0,1,1,0,1,0,0,0,0,0,0,0,0,0,0,0,1,2,0,1,1,14,2.8,2,1,0,2,0,12,2.4,19dbddedf07994e2, intentional,2920,6,1489962732.0, no, outer,3,8, 30s, 4, yes, 4, 4, 4, 5, 3, 3, yes
game465e24ec2155cfeb.log,16,1,0,0,0,0,0,0,0,0,0,1,0,0,0,0,0,0,0,0,1,2,0,0,0,0,0,1,1,0,0,0,0,0,0,1,0,0,0,0,0,0,0,0,1,0,1,0,0,0,0,4,0,0,0,1,9,1.8,1,1,1,1,1,15,3.0,2c99b217faca51f8, outer,3,10,1490112497.0, yes, outer,3,10, 20s, 4, yes, 4, 4, 4, 4, 2, 4, yes
game46b874eb7d72f15b.log,5,0,0,0,0,0,1,0,0,0,0,0,0,1,0,0,1,1,0,0,0,1,0,0,0,0,0,1,0,0,0,0,0,0,0,0,0,1,0,1,0,0,1,0,0,0,0,1,0,0,0,3,1,1,0,0,8,1.6,0,4,0,1,0,12,2.4,2119fe68a204e42a, full,3828,23,1490317331.0, no, outer,2,4, 20s, 4, yes, 4, 4, 4, 3, 2, 4, yes
game472a42d9db359d75.log,16,0,0,0,1,0,0,0,1,1,0,0,0,0,1,0,1,0,0,0,0,0,0,0,0,0,0,0,0,0,0,2,0,1,0,0,0,0,0,0,0,0,0,0,1,0,0,0,1,0,0,1,0,1,3,0,16,3.2,2,0,2,1,0,12,2.4,19dbddedf07994e2, full,2151,11,1490731738.0, no, outer,3,8, 30s, 4, yes, 4, 4, 4, 5, 3, 3, yes
game474b94620f929653.log,4,1,0,0,1,0,0,0,0,1,0,0,0,0,0,0,0,0,0,1,1,0,0,0,0,0,0,0,0,0,0,0,0,0,1,0,0,0,0,0,0,1,1,0,0,0,2,0,0,0,0,1,0,0,3,1,18,3.6,3,1,0,1,0,9,1.8,594a2daf965aa5ca, outer,5758,13,1490362353.0, no, full,2,3, 20s, 4, yes, 2, 4, 2, 2, 1, 1, yes
game475c086222f06ebb.log,10,0,0,0,1,0,0,0,0,0,0,0,1,0,0,0,0,0,0,1,0,1,0,0,0,1,0,0,0,0,0,1,0,0,1,1,0,0,0,0,1,0,1,0,0,0,0,0,0,0,0,1,1,0,2,1,16,3.2,1,1,0,1,2,17,3.4,8fef31f6e130d228, outer,3341,19,1490092861.0, no, intentional,2,16, 30s, 4, yes, 4, 4, 3, 2, 2, 2, yes
game47784424d13bf5a8.log,11,1,0,0,1,0,0,0,0,0,0,1,1,0,0,0,0,1,0,0,0,0,0,0,0,0,0,0,0,0,0,0,0,1,0,1,0,0,1,0,0,0,0,0,1,0,0,1,0,0,0,2,2,0,1,0,10,2.0,0,1,2,1,1,17,3.4,ca0922b34e670338, full,2764,16,1491926462.0, no, outer,1,13, 40s, 4, yes, 3, 4, 2, 3, 3, 3, yes
game477edc73f784991f.log,12,0,0,0,0,0,0,1,0,0,0,0,0,0,0,0,0,0,0,1,0,1,1,1,0,0,0,0,0,0,0,1,0,0,0,0,1,0,0,1,0,0,0,1,0,0,0,0,0,1,0,1,2,1,1,0,12,2.4,2,0,1,2,0,13,2.6,19dbddedf07994e2, outer,5909,7,1489920784.0, no, outer,3,8, 30s, 4, yes, 4, 4, 4, 5, 3, 3, yes
game47c40bef64151379.log,6,1,1,0,0,1,0,0,1,0,0,0,0,0,0,0,0,0,0,0,0,0,0,1,0,0,0,1,0,0,0,0,0,0,1,0,1,0,1,0,0,0,0,0,1,0,0,0,0,0,0,1,1,2,0,1,14,2.8,1,1,1,2,0,14,2.8,19dbddedf07994e2, outer,2885,11,1490723495.0, no, outer,3,8, 30s, 4, yes, 4, 4, 4, 5, 3, 3, yes
game47c83e75cf36e920.log,17,0,0,0,0,0,0,0,1,0,0,0,1,0,0,0,0,0,1,1,0,0,0,1,0,0,1,0,1,0,0,1,0,0,0,0,0,0,0,0,0,0,0,0,0,1,0,0,0,1,0,0,1,3,1,0,15,3.0,2,0,1,1,1,14,2.8,feffcf826728317c, intentional,4,15,1490291576.0, yes, intentional,4,15, 50s, 3, no, 1, 1, 1, 4, 3, 4, yes
game48413f0966079e75.log,13,0,1,1,1,0,0,0,0,0,0,0,1,1,0,0,0,0,0,0,0,0,0,0,0,0,0,0,0,0,0,0,0,0,2,0,1,0,0,0,0,0,1,1,0,0,0,0,0,0,0,0,2,2,1,0,14,2.8,1,1,1,2,0,14,2.8,19dbddedf07994e2, outer,2888,10,1489966147.0, no, outer,3,8, 30s, 4, yes, 4, 4, 4, 5, 3, 3, yes
game48588b9849d1c4a2.log,5,0,1,0,0,0,0,0,0,0,0,0,0,0,1,0,0,1,0,0,0,0,0,0,2,0,1,0,1,0,1,0,0,0,0,0,0,0,0,0,0,0,1,0,0,1,0,0,0,0,0,0,2,0,3,0,16,3.2,1,1,1,0,2,16,3.2,19dbddedf07994e2, outer,5365,6,1489965303.0, no, outer,3,8, 30s, 4, yes, 4, 4, 4, 5, 3, 3, yes
game487d825dc0e0bfe8.log,19,0,0,0,0,0,0,1,0,0,0,0,0,1,0,0,1,0,0,0,0,2,0,0,0,0,0,0,0,0,0,0,0,1,0,1,1,0,0,0,0,0,0,0,1,0,0,1,0,0,0,3,1,1,0,0,8,1.6,1,1,1,1,1,15,3.0,2119fe68a204e42a, full,5815,13,1490322335.0, no, outer,2,4, 20s, 4, yes, 4, 4, 4, 3, 2, 4, yes
game4884865c9d105c42.log,3,0,0,0,1,1,0,1,0,1,0,0,0,0,0,0,0,0,0,0,0,1,0,0,0,0,0,0,1,0,0,0,0,0,0,0,0,0,0,1,0,0,0,0,0,1,0,0,1,1,0,1,1,0,2,1,16,3.2,0,0,2,2,1,19,3.8,ca0922b34e670338, outer,3321,11,1492583887.0, no, outer,1,13, 40s, 4, yes, 3, 4, 2, 3, 3, 3, yes
game489fc120478b6342.log,21,1,1,0,0,0,0,1,0,0,0,0,0,1,0,0,0,0,0,0,1,0,0,0,0,0,0,0,0,1,0,0,0,0,0,0,1,0,0,0,0,0,1,0,0,0,0,0,0,1,1,1,2,1,0,1,13,2.6,1,1,0,2,1,16,3.2,19dbddedf07994e2, intentional,8993,15,1489738373.0, no, outer,3,8, 30s, 4, yes, 4, 4, 4, 5, 3, 3, yes
game48a2d406d5d4c4fc.log,18,0,0,0,0,0,0,0,0,1,0,0,0,0,0,0,0,0,0,1,0,0,1,1,1,0,0,0,0,0,0,0,1,0,0,1,0,0,0,0,1,1,0,0,0,1,0,0,0,0,0,0,1,1,3,0,17,3.4,1,1,0,0,3,18,3.6,19dbddedf07994e2, intentional,2326,4,1490731448.0, no, outer,3,8, 30s, 4, yes, 4, 4, 4, 5, 3, 3, yes
game491793b903d1fbd9.log,1,1,0,0,0,0,0,0,1,0,1,0,0,0,0,1,0,0,0,0,0,0,0,0,1,0,0,0,0,0,0,0,0,0,1,0,0,0,1,0,0,1,0,1,0,0,0,0,1,0,0,1,0,1,1,2,18,3.6,1,0,3,1,0,14,2.8,ca0922b34e670338, outer,254,7,1491798004.0, no, outer,1,13, 40s, 4, yes, 3, 4, 2, 3, 3, 3, yes
game498161127a7eacf8.log,2,0,0,0,0,0,0,0,1,1,0,0,0,1,0,0,0,0,0,0,0,0,0,1,1,0,0,1,1,0,0,0,0,0,0,0,0,0,0,1,1,0,0,0,1,0,0,0,0,0,0,0,0,3,2,0,17,3.4,0,1,1,2,1,18,3.6,e07321b231281bb9, full,3,4,1491849524.0, yes, full,3,4, 30s, 3, no, 4, 3, , 1, 3, 2, yes
game4985014b9aa4fd92.log,15,0,0,0,0,0,0,0,0,1,0,1,0,0,0,0,0,1,0,0,1,0,0,0,0,1,0,0,1,0,1,0,0,0,0,0,0,1,0,0,0,0,0,1,0,0,1,0,0,0,0,1,1,0,1,2,17,3.4,1,1,2,0,1,14,2.8,19dbddedf07994e2, full,3,19,1489917752.0, no, outer,3,8, 30s, 4, yes, 4, 4, 4, 5, 3, 3, yes
game499dce1f3f81beb6.log,5,0,0,0,1,0,0,0,0,0,0,0,0,1,0,1,0,0,0,1,0,1,0,0,0,0,0,0,0,1,0,0,1,0,0,0,1,0,0,0,0,0,0,1,0,0,1,0,0,0,0,1,0,1,2,1,17,3.4,2,1,1,1,0,11,2.2,ca0922b34e670338, outer,6575,20,1491783655.0, no, outer,1,13, 40s, 4, yes, 3, 4, 2, 3, 3, 3, yes
game499ed995dc05ed30.log,14,0,0,1,0,0,0,0,0,0,0,0,0,0,0,0,0,0,0,1,0,1,1,0,1,0,1,0,0,0,0,1,0,0,0,0,0,0,1,0,0,1,0,0,0,0,1,0,0,0,0,1,1,1,2,0,14,2.8,4,0,1,0,0,7,1.4,ca0922b34e670338, outer,8011,15,1491908905.0, no, outer,1,13, 40s, 4, yes, 3, 4, 2, 3, 3, 3, yes
game4a3dd20ed8266d56.log,17,0,0,0,1,0,1,0,0,0,0,0,1,0,0,0,1,0,0,0,0,1,0,0,0,0,1,0,0,0,0,1,1,0,1,0,0,0,1,0,0,0,0,0,0,0,0,0,0,0,0,3,1,0,1,0,9,1.8,2,1,1,1,0,11,2.2,ca0922b34e670338, outer,9606,16,1492551648.0, no, outer,1,13, 40s, 4, yes, 3, 4, 2, 3, 3, 3, yes
game4a511a900efc3eec.log,3,1,0,0,1,0,0,0,0,0,0,1,0,0,0,1,0,0,0,0,0,0,0,1,0,0,0,0,0,0,0,1,0,0,0,0,0,0,0,0,0,1,0,0,1,0,0,1,0,1,0,2,0,1,1,1,14,2.8,2,1,0,2,0,12,2.4,19dbddedf07994e2, outer,4786,3,1490311484.0, no, outer,3,8, 30s, 4, yes, 4, 4, 4, 5, 3, 3, yes
game4a539fc6488b415e.log,5,1,0,0,0,0,0,0,1,0,1,0,0,0,0,0,0,0,1,0,0,1,0,0,0,0,0,0,0,0,0,0,0,0,0,0,1,0,0,0,1,0,1,0,0,1,0,0,1,0,0,2,0,2,0,1,13,2.6,1,1,1,0,2,16,3.2,19dbddedf07994e2, intentional,862,8,1489735345.0, no, outer,3,8, 30s, 4, yes, 4, 4, 4, 5, 3, 3, yes
game4a57bec8ee629563.log,7,0,1,1,1,0,0,0,0,0,0,0,0,0,0,0,0,0,1,0,0,1,0,0,0,0,0,0,1,0,0,1,0,0,0,0,1,0,0,0,0,0,1,0,0,0,0,0,0,1,0,1,1,2,1,0,13,2.6,2,1,1,1,0,11,2.2,ca0922b34e670338, full,7178,18,1491926236.0, no, outer,1,13, 40s, 4, yes, 3, 4, 2, 3, 3, 3, yes
game4a78aca0ec360c22.log,6,0,0,0,0,0,0,0,0,0,0,0,0,2,1,1,0,0,0,0,0,0,0,1,0,0,1,0,0,1,0,0,0,0,1,0,0,0,0,0,0,1,0,0,0,0,0,0,1,0,0,0,0,3,1,1,18,3.6,2,0,1,2,0,13,2.6,7f6593400354747f, intentional,678,15,1490378268.0, no, full,1,14, 20s, 3, yes, 2, 2, 1, 1, 1, 2, yes
game4a895010e9711c6e.log,17,0,0,0,0,0,0,0,0,1,0,0,0,0,0,1,0,0,1,0,0,0,2,0,0,0,2,0,1,0,0,0,0,0,0,0,1,0,0,0,0,0,0,0,0,0,0,0,0,0,1,0,2,1,1,1,16,3.2,3,0,1,0,1,11,2.2,19dbddedf07994e2, intentional,2055,21,1489920527.0, no, outer,3,8, 30s, 4, yes, 4, 4, 4, 5, 3, 3, yes
game4ac0ee3aa1682e65.log,3,0,0,0,0,0,0,0,0,1,0,0,0,0,1,0,1,0,0,1,0,0,0,0,0,1,0,0,0,0,0,1,0,0,0,0,2,0,0,0,0,0,1,0,1,0,0,0,0,0,0,1,0,0,3,1,18,3.6,3,1,0,1,0,9,1.8,e55525e0b2004294, full,5652,12,1490341828.0, no, intentional,5,19, 20s, 4, yes, 4, 4, 4, 3, 3, 3, yes
game4ac5ce1360057125.log,18,0,0,1,0,0,0,0,0,0,0,1,0,0,0,0,0,1,0,1,0,0,0,0,1,0,0,0,1,0,0,0,0,0,0,1,0,0,2,0,0,0,0,0,0,1,0,0,0,0,0,1,1,1,2,0,14,2.8,0,0,3,0,2,19,3.8,ca0922b34e670338, full,8492,19,1492725880.0, no, outer,1,13, 40s, 4, yes, 3, 4, 2, 3, 3, 3, yes
game4ad57a326dced2b4.log,15,0,0,0,0,0,1,0,1,0,0,0,1,0,0,1,0,0,0,0,0,1,0,0,0,0,0,0,1,0,0,0,0,0,0,0,1,0,1,1,0,0,1,0,0,0,0,0,0,0,0,2,1,1,0,1,12,2.4,1,1,2,1,0,13,2.6,ea31d3dfe650517d, intentional,2203,16,1490663153.0, no, outer,4,10, 30s, 4, yes, 3, 4, 1, 3, 3, 4, yes
game4adef313538b183d.log,9,0,0,1,0,0,0,0,1,0,0,0,0,1,0,0,1,0,0,0,0,0,1,0,0,0,1,1,0,0,0,0,1,0,0,0,0,0,0,1,1,0,0,0,0,0,0,0,0,0,0,1,1,3,0,0,12,2.4,1,2,0,1,1,14,2.8,ca0922b34e670338, intentional,7304,19,1492711686.0, no, outer,1,13, 40s, 4, yes, 3, 4, 2, 3, 3, 3, yes
game4b143113f81f498b.log,19,0,0,1,0,0,0,1,0,0,0,0,0,0,0,1,0,1,0,0,0,0,1,0,0,0,1,1,0,0,0,1,0,0,0,1,0,0,0,0,0,1,0,0,0,0,0,0,0,0,0,0,3,1,0,1,14,2.8,3,1,0,0,1,10,2.0,0313454f0e513527, intentional,2521,7,1490325925.0, no, outer,2,7, , , , , , , 3, 2, 4, yes
game4b18dcf3338071a8.log,6,0,0,0,0,0,0,0,1,1,0,1,0,0,0,0,1,0,0,0,0,1,0,0,0,0,0,0,0,0,0,0,0,1,0,0,0,1,1,0,0,1,0,0,0,0,1,0,0,0,0,3,0,1,1,0,10,2.0,2,1,2,0,0,10,2.0,7d6a88e8113679a3, full,1990,9,1490058923.0, no, outer,3,13, , , , , , , , , , yes
game4b3b141f3c594f3e.log,12,0,0,0,0,0,1,0,0,0,0,1,0,1,0,0,0,0,0,0,0,0,1,1,0,0,0,0,1,0,0,1,0,1,1,0,0,0,0,0,0,0,0,0,0,0,0,0,0,1,0,2,1,2,0,0,10,2.0,1,0,2,2,0,15,3.0,19dbddedf07994e2, outer,7834,3,1490723140.0, no, outer,3,8, 30s, 4, yes, 4, 4, 4, 5, 3, 3, yes
game4b3c6be9025a4e79.log,16,0,1,0,0,0,1,0,0,0,0,1,0,0,1,0,0,0,0,0,0,0,0,0,1,0,0,0,0,0,0,0,0,0,0,0,0,1,0,1,0,0,0,0,0,1,1,0,0,1,0,2,1,0,2,0,12,2.4,1,1,0,2,1,16,3.2,90c7b3288d046c3a, intentional,5138,15,1492734216.0, no, outer,1,5, 20s, 3, no, 1, 1, 1, 3, 3, 4, yes
game4b42028723b5bd08.log,19,1,1,0,0,0,0,0,0,0,1,0,0,0,0,0,0,1,1,0,0,0,0,0,0,0,0,0,0,1,0,0,0,0,0,0,0,0,1,1,0,1,0,0,0,0,1,0,0,0,0,1,2,1,0,1,13,2.6,2,0,1,2,0,13,2.6,2af874d749a75ec8, outer,3,5,1490306993.0, yes, outer,3,5, 20s, 4, yes, 1, 1, 1, 3, 2, 2, yes
game4b50bcd6968f22f7.log,10,0,0,0,1,0,0,0,0,0,0,1,0,0,1,0,1,0,0,0,0,0,0,1,0,0,0,0,0,0,0,1,0,0,0,1,0,0,0,0,0,0,1,0,1,0,0,1,0,0,0,2,0,1,2,0,13,2.6,1,2,0,1,1,14,2.8,ca0922b34e670338, intentional,7072,14,1491936269.0, no, outer,1,13, 40s, 4, yes, 3, 4, 2, 3, 3, 3, yes
game4b5af9a1140af452.log,3,0,0,0,1,0,0,1,0,0,0,1,0,0,0,0,1,0,0,0,0,0,0,0,1,0,0,1,0,1,0,1,0,0,0,0,1,0,0,0,0,0,0,0,1,0,0,0,0,0,0,2,1,0,2,0,12,2.4,2,1,0,2,0,12,2.4,2119fe68a204e42a, outer,242,1,1490323899.0, no, outer,2,4, 20s, 4, yes, 4, 4, 4, 3, 2, 4, yes
game4b8e5d15aedbca81.log,13,1,0,1,0,0,0,0,1,0,1,0,0,0,0,0,0,0,1,0,0,0,0,0,0,0,0,0,0,0,0,0,1,0,0,0,0,0,0,0,0,1,0,0,1,1,0,0,0,0,1,1,0,3,0,1,15,3.0,1,1,0,1,2,17,3.4,19dbddedf07994e2, intentional,3,16,1489826731.0, no, outer,3,8, 30s, 4, yes, 4, 4, 4, 5, 3, 3, yes
game4c0c32277b97cf6e.log,12,0,0,0,0,0,1,0,0,0,0,0,0,0,0,1,0,0,0,0,0,0,1,1,1,0,0,1,2,0,0,0,0,0,0,0,0,0,1,0,0,1,0,0,0,0,0,0,0,0,0,1,1,1,1,1,15,3.0,1,1,3,0,0,12,2.4,19dbddedf07994e2, intentional,3257,11,1489922693.0, no, outer,3,8, 30s, 4, yes, 4, 4, 4, 5, 3, 3, yes
game4c53818c70f40f04.log,2,0,0,0,0,0,1,0,0,0,0,0,0,0,0,0,0,1,1,0,0,1,0,1,0,0,0,1,0,0,0,0,1,0,0,0,0,2,0,0,0,0,0,0,0,0,0,0,0,0,1,2,1,2,0,0,10,2.0,0,4,0,0,1,13,2.6,ca0922b34e670338, outer,432,15,1492556343.0, no, outer,1,13, 40s, 4, yes, 3, 4, 2, 3, 3, 3, yes
game4c6a3a80181380ae.log,15,0,0,0,0,0,1,1,0,1,0,0,0,0,0,0,0,0,0,0,0,1,0,0,1,0,0,0,0,0,0,0,0,0,0,0,2,0,0,0,0,1,0,1,0,0,1,0,0,0,0,2,1,0,2,0,12,2.4,4,0,1,0,0,7,1.4,ca0922b34e670338, intentional,8191,18,1492584527.0, no, outer,1,13, 40s, 4, yes, 3, 4, 2, 3, 3, 3, yes
game4c86fd1d23b49142.log,5,1,0,0,0,0,0,1,0,0,0,0,0,1,1,0,1,0,0,0,0,0,0,0,0,0,0,0,0,1,0,1,0,0,0,0,0,0,0,0,0,1,0,0,0,0,1,0,1,0,0,2,1,1,1,0,11,2.2,3,0,1,1,0,10,2.0,fcb0678812970909, full,7198,2,1490307844.0, no, outer,1,16, 30s, 4, yes, 1, 1, 1, 4, 4, 4, yes
game4cc0a16458a34fd2.log,18,0,1,0,0,0,0,0,0,0,0,2,0,0,0,0,0,0,1,0,0,0,0,0,1,0,1,0,0,1,0,0,0,1,0,0,0,0,0,1,0,1,0,0,0,0,0,0,0,0,0,2,1,1,1,0,11,2.2,2,0,1,2,0,13,2.6,1b17ab93ed1184b4, outer,3849,6,1491699910.0, no, full,3,8, 40s, 4, yes, 2, 2, 1, 4, 4, 3, yes
game4cc1fe3949dd5e1c.log,7,1,1,0,1,0,0,0,0,0,0,1,0,0,0,0,0,0,0,0,0,0,0,0,1,0,0,0,1,0,0,0,0,0,0,0,1,0,1,0,0,0,0,1,1,0,0,0,0,0,0,2,1,0,2,0,12,2.4,1,0,3,1,0,14,2.8,1b17ab93ed1184b4, intentional,835,11,1491698814.0, no, full,3,8, 40s, 4, yes, 2, 2, 1, 4, 4, 3, yes
game4cd7188d2c84531c.log,4,1,0,0,0,0,0,0,0,0,0,0,1,0,2,0,0,0,0,0,0,0,0,1,0,0,0,0,0,0,0,1,1,0,0,1,0,0,1,0,0,0,0,0,0,0,0,0,0,1,0,1,1,1,2,0,14,2.8,1,1,1,1,1,15,3.0,ca0922b34e670338, full,9513,17,1492721142.0, no, outer,1,13, 40s, 4, yes, 3, 4, 2, 3, 3, 3, yes
game4ce3e51d5f6c2428.log,11,1,0,0,1,1,0,0,0,0,0,0,0,0,0,0,0,1,0,1,0,0,0,0,0,0,1,0,0,0,0,1,0,1,0,0,0,0,0,1,0,0,0,0,0,0,0,1,0,0,0,1,1,0,2,1,16,3.2,2,1,1,1,0,11,2.2,b42f6b3c826e14ff, outer,4124,3,1490305489.0, no, outer,3,5, 30s, 4, yes, 3, 3, 3, 3, 2, 2, yes
game4d0ede08bb95cd92.log,9,0,0,0,0,0,0,0,0,0,0,1,1,0,0,0,0,1,0,0,0,0,1,1,0,0,0,1,0,0,0,1,0,0,0,0,0,0,0,0,0,1,0,0,0,1,0,0,0,1,0,1,3,1,0,0,10,2.0,2,1,0,1,1,13,2.6,ca0922b34e670338, full,7884,21,1492559879.0, no, outer,1,13, 40s, 4, yes, 3, 4, 2, 3, 3, 3, yes
game4d12a11c16eae4e1.log,1,0,1,1,1,0,0,0,1,0,0,0,0,0,0,0,0,0,0,0,0,1,0,0,0,0,0,0,1,0,0,0,1,0,0,0,0,1,0,0,0,0,0,1,1,0,0,0,0,0,0,1,1,2,1,0,13,2.6,0,2,2,1,0,14,2.8,ca0922b34e670338, intentional,3406,14,1491782481.0, no, outer,1,13, 40s, 4, yes, 3, 4, 2, 3, 3, 3, yes
game4d19fa771df340e6.log,14,0,1,1,0,0,0,1,1,0,0,0,0,0,0,1,0,0,0,0,0,0,0,0,0,0,0,0,0,1,0,0,0,0,0,0,0,0,0,1,0,0,1,1,0,0,0,0,1,0,0,0,2,2,0,1,15,3.0,0,1,2,2,0,16,3.2,ebcd1390ce4a6193, outer,1,15,1490363277.0, yes, outer,1,15, 30s, 4, yes, 2, 2, 2, 4, 3, 4, yes
game4d25e26cbb61fe21.log,9,0,1,0,0,0,0,0,0,1,0,0,2,1,0,0,0,0,0,0,0,0,0,0,0,0,1,0,0,0,0,1,0,0,0,1,0,0,0,1,0,0,0,0,0,0,0,0,0,1,0,0,3,1,1,0,13,2.6,2,0,0,2,1,15,3.0,4dacd064a3248f0e, intentional,4168,17,1490324045.0, no, full,5,18, , , , , , , , , , yes
game4d26dfdac0bc84d0.log,12,0,0,0,1,0,0,0,1,0,0,1,0,0,0,0,2,0,0,0,0,0,0,0,0,0,0,0,0,0,0,0,0,0,0,0,1,0,1,0,0,0,0,0,0,0,1,0,1,0,1,3,0,1,1,0,10,2.0,2,0,2,0,1,13,2.6,ca0922b34e670338, outer,4986,5,1491847919.0, no, outer,1,13, 40s, 4, yes, 3, 4, 2, 3, 3, 3, yes
game4d60133da1bd8347.log,14,0,1,0,0,0,1,0,1,0,0,0,0,0,0,0,0,0,1,0,0,0,0,0,1,0,0,1,1,1,0,0,0,0,0,0,0,0,0,0,0,0,2,0,0,0,0,0,0,0,0,1,1,2,1,0,13,2.6,0,3,1,1,0,13,2.6,5d82cb8a155dbd34, outer,3043,13,1490303550.0, no, full,5,21, 20s, 4, yes, 3, 4, 3, 4, 5, 5, yes
game4d66a30453c72f1d.log,15,0,0,0,0,0,0,0,0,0,1,0,0,0,0,1,0,0,0,1,0,0,0,0,1,1,2,0,1,0,0,0,0,0,0,0,0,0,0,0,0,1,0,1,0,0,0,0,0,0,0,0,0,0,2,3,23,4.6,3,0,2,0,0,9,1.8,1b17ab93ed1184b4, full,1971,7,1491700008.0, no, full,3,8, 40s, 4, yes, 2, 2, 1, 4, 4, 3, yes
game4d6f0425ea22e2c7.log,0,0,0,0,1,0,1,0,0,0,0,0,0,1,0,1,0,0,1,0,0,0,0,0,0,0,0,0,0,0,0,0,1,0,0,0,0,0,0,1,0,0,1,0,2,0,0,0,0,0,0,1,0,2,1,1,16,3.2,0,2,0,3,0,16,3.2,2af874d749a75ec8, intentional,9901,11,1490309156.0, no, outer,3,5, 20s, 4, yes, 1, 1, 1, 3, 2, 2, yes
game4ddaa526634c97b7.log,3,0,0,0,1,0,1,0,0,0,0,1,0,0,1,0,0,0,0,0,0,0,0,1,0,0,0,0,0,0,0,0,0,1,1,0,0,0,0,0,0,1,0,0,1,0,1,0,0,0,0,2,0,1,2,0,13,2.6,2,0,1,2,0,13,2.6,a2eab9ff05e364f6, outer,5,8,1490304996.0, yes, outer,5,8, 30s, 4, yes, 2, 4, 1, 3, 3, 4, yes
game4deecfabb60683e0.log,11,1,0,0,0,0,0,0,0,0,1,1,0,0,0,0,0,0,1,0,0,0,0,1,0,0,0,0,0,1,0,1,0,0,0,0,0,1,0,0,0,0,0,0,0,0,1,1,0,0,0,2,0,2,0,1,13,2.6,2,2,0,1,0,10,2.0,2119fe68a204e42a, outer,1825,7,1490323990.0, no, outer,2,4, 20s, 4, yes, 4, 4, 4, 3, 2, 4, yes
game4dfc004961d56d9a.log,10,2,0,0,1,0,0,1,0,0,0,0,0,0,0,0,1,0,0,0,0,0,0,0,0,0,1,0,1,0,0,0,1,0,1,0,1,0,0,0,0,0,0,0,0,0,0,0,0,0,0,3,1,0,1,0,9,1.8,2,1,1,1,0,11,2.2,c2fc96267783e595, intentional,3,8,1492648263.0, yes, intentional,3,8, 20s, 4, yes, 1, 1, 1, 4, 3, 4, yes
game4e1acc34dc681ea8.log,19,1,0,0,1,0,0,0,0,0,0,0,0,1,0,0,0,1,0,0,0,0,0,0,1,0,0,0,0,0,0,0,1,0,0,0,0,0,0,1,0,1,0,2,0,0,0,0,0,0,0,1,1,1,2,0,14,2.8,1,1,2,1,0,13,2.6,1b17ab93ed1184b4, outer,9540,9,1491677370.0, no, full,3,8, 40s, 4, yes, 2, 2, 1, 4, 4, 3, yes
game4e2e36267772947d.log,4,0,0,1,0,0,0,0,0,0,1,0,0,0,1,0,0,0,1,0,0,1,0,0,0,0,0,0,0,0,0,0,0,0,0,0,1,0,1,0,0,0,1,0,0,1,1,0,0,0,0,1,0,2,1,1,16,3.2,2,1,1,0,1,12,2.4,5d82cb8a155dbd34, outer,3077,9,1490306979.0, no, full,5,21, 20s, 4, yes, 3, 4, 3, 4, 5, 5, yes
game4e3399ca949c32bd.log,2,0,0,0,0,1,0,0,1,0,0,0,0,0,1,0,0,0,1,0,0,0,0,0,1,0,0,0,0,0,0,0,0,0,0,0,0,1,0,0,1,0,1,0,0,0,1,0,0,0,1,0,0,2,2,1,19,3.8,1,2,0,0,2,15,3.0,ca0922b34e670338, intentional,9451,17,1492709074.0, no, outer,1,13, 40s, 4, yes, 3, 4, 2, 3, 3, 3, yes
game4e42491a841e2d43.log,9,0,0,0,0,0,0,0,0,0,0,0,1,0,0,0,1,0,0,0,0,0,1,0,2,0,1,0,0,0,0,1,0,0,0,0,0,1,0,0,0,0,0,0,0,0,0,0,1,0,1,1,2,0,2,0,13,2.6,2,1,1,0,1,12,2.4,19dbddedf07994e2, outer,5471,14,1489830295.0, no, outer,3,8, 30s, 4, yes, 4, 4, 4, 5, 3, 3, yes
game4e64d240aec042aa.log,10,0,0,0,0,0,0,2,1,0,0,0,0,0,0,0,0,0,0,0,0,0,0,1,1,0,1,0,0,0,0,0,0,0,0,0,0,0,0,0,1,1,0,0,0,0,1,0,1,0,0,0,2,2,1,0,14,2.8,3,0,1,0,1,11,2.2,4f61478ff21223b0, outer,682,6,1490320391.0, no, full,4,10, 30s, 4, yes, 2, 3, 1, 3, 2, 2, yes
game4eda985d4dc2609c.log,18,0,0,0,0,0,0,0,1,0,0,0,0,0,0,0,1,1,0,0,0,0,0,0,1,1,0,1,1,0,0,0,0,0,0,0,0,1,0,1,0,0,0,0,1,0,0,0,0,0,0,1,1,1,1,1,15,3.0,0,2,1,2,0,15,3.0,ca0922b34e670338, full,5543,7,1492595999.0, no, outer,1,13, 40s, 4, yes, 3, 4, 2, 3, 3, 3, yes
game4edcf1e71e3fd9d9.log,12,0,0,0,1,0,0,0,0,0,0,0,0,1,0,0,1,0,1,0,0,1,0,0,0,0,0,0,0,0,0,1,0,0,0,0,0,0,1,0,0,1,1,0,1,0,0,0,0,0,0,2,0,2,1,0,12,2.4,2,1,1,1,0,11,2.2,33ba844cbb15fecd, outer,6901,13,1493051459.0, no, full,3,5, 20s, 3, no, 1, 1, 1, 4, 3, 4, yes
game4ef1c8a50d1f6fdc.log,9,1,0,0,0,0,1,1,0,0,0,0,0,0,0,1,0,0,0,0,0,1,0,0,0,0,0,0,0,0,0,0,1,0,0,0,1,0,0,0,0,0,0,0,1,1,0,0,1,0,0,3,1,0,0,1,10,2.0,1,1,1,1,1,15,3.0,ca0922b34e670338, outer,2205,7,1491762744.0, no, outer,1,13, 40s, 4, yes, 3, 4, 2, 3, 3, 3, yes
game4f0987c93099e9bf.log,16,0,0,0,0,0,1,0,0,0,0,0,0,1,0,0,0,0,0,2,0,0,1,0,0,0,0,0,0,0,0,1,1,0,0,1,0,0,0,0,0,1,0,0,0,0,0,0,0,1,0,1,1,1,2,0,14,2.8,2,1,0,1,1,13,2.6,d942921e8c763b47, outer,5,15,1490640567.0, yes, outer,5,15, 20s, 4, yes, 3, 4, 2, 4, 3, 5, yes
game4f3210142396fd07.log,16,0,1,1,0,0,1,0,0,0,0,0,0,0,1,0,1,0,0,0,0,0,0,0,0,0,0,0,0,1,0,0,0,0,0,0,2,0,0,0,0,0,0,0,0,0,0,0,1,1,0,2,1,1,1,0,11,2.2,2,0,1,2,0,13,2.6,ca0922b34e670338, intentional,9864,5,1492706209.0, no, outer,1,13, 40s, 4, yes, 3, 4, 2, 3, 3, 3, yes
game4f4d3c8c0f2e046b.log,18,1,0,0,0,0,0,0,0,0,0,1,0,0,0,0,1,0,0,1,1,0,0,0,0,0,0,0,0,1,0,2,1,0,0,0,0,0,0,0,0,0,0,0,0,0,0,0,1,0,0,3,0,0,1,1,12,2.4,2,1,1,1,0,11,2.2,19dbddedf07994e2, intentional,3719,16,1489702866.0, no, outer,3,8, 30s, 4, yes, 4, 4, 4, 5, 3, 3, yes
game4f51c18e685358e8.log,5,0,0,0,0,0,0,0,0,0,0,0,1,0,0,0,1,1,0,0,0,1,0,0,0,1,0,0,1,0,0,0,0,1,0,0,1,0,0,0,0,0,1,0,0,0,0,0,1,0,0,2,2,0,0,1,11,2.2,1,1,3,0,0,12,2.4,19dbddedf07994e2, intentional,1986,17,1490734304.0, no, outer,3,8, 30s, 4, yes, 4, 4, 4, 5, 3, 3, yes
game4f62f284b785b22f.log,17,0,0,0,1,0,0,0,1,0,0,0,0,0,0,0,0,0,0,0,0,1,2,0,0,0,0,0,0,0,0,0,0,1,1,0,1,0,0,0,0,0,0,0,0,0,0,0,0,1,1,1,2,1,1,0,12,2.4,1,0,1,2,1,17,3.4,ca0922b34e670338, full,1932,16,1491927070.0, no, outer,1,13, 40s, 4, yes, 3, 4, 2, 3, 3, 3, yes
game4fa379f48d8265d7.log,17,0,0,0,1,1,0,0,0,0,0,0,0,0,0,0,0,0,1,0,0,1,0,0,1,0,1,0,0,1,0,0,0,0,1,0,0,0,0,0,0,0,0,0,0,0,1,1,0,0,0,1,0,1,2,1,17,3.4,2,1,0,2,0,12,2.4,11b4d243a5de3777, outer,2058,8,1490334093.0, no, outer,3,3, 20s, 4, yes, 3, 4, 3, 5, 1, 1, yes
game4fb16e82793b3948.log,19,0,0,0,0,0,0,0,0,0,0,1,0,2,0,0,1,0,0,0,0,1,0,0,0,0,0,0,1,0,1,0,0,0,0,0,1,0,0,0,0,0,0,1,1,0,0,0,0,0,0,3,0,2,0,0,9,1.8,1,0,2,1,1,16,3.2,70365808c334216b, full,4,16,1490138245.0, yes, full,4,16, 40s, 4, yes, 4, 4, 3, 3, 2, 1, yes
game4fc3f83b134d8cdb.log,15,0,1,0,0,0,1,2,0,0,0,0,0,0,0,0,0,0,0,0,0,0,1,0,0,0,0,0,1,0,0,1,0,0,0,0,0,0,0,2,0,0,1,0,0,0,0,0,0,0,0,1,4,0,0,0,9,1.8,1,1,1,2,0,14,2.8,2119fe68a204e42a, full,3151,14,1490315380.0, no, outer,2,4, 20s, 4, yes, 4, 4, 4, 3, 2, 4, yes
game4fdc6e6980aba987.log,17,1,1,0,0,0,0,0,0,0,0,1,0,0,0,0,0,0,0,0,0,1,0,0,1,0,0,0,1,0,1,0,0,0,1,1,0,0,0,0,1,0,0,0,0,0,0,0,0,0,0,3,1,0,1,0,9,1.8,0,0,1,1,3,22,4.4,ca0922b34e670338, outer,2489,17,1491887473.0, no, outer,1,13, 40s, 4, yes, 3, 4, 2, 3, 3, 3, yes
game5021295501083236.log,12,0,0,1,0,0,0,0,0,0,0,0,1,0,1,0,0,0,0,1,0,0,1,0,0,0,1,0,0,0,0,0,0,1,1,0,0,0,0,0,0,0,0,1,0,0,1,0,0,0,0,0,2,1,2,0,15,3.0,2,0,2,1,0,12,2.4,ca0922b34e670338, outer,5498,14,1492563968.0, no, outer,1,13, 40s, 4, yes, 3, 4, 2, 3, 3, 3, yes
game5050404d40899651.log,7,0,0,0,1,0,1,1,0,0,0,1,0,0,0,0,0,0,0,0,0,1,0,0,0,0,1,0,0,0,0,0,0,0,0,0,0,0,0,0,1,1,0,1,0,0,1,0,0,0,0,3,1,0,1,0,9,1.8,3,0,1,0,1,11,2.2,ca0922b34e670338, full,8390,21,1492704728.0, no, outer,1,13, 40s, 4, yes, 3, 4, 2, 3, 3, 3, yes
game508b32b8247a3bac.log,20,0,0,0,0,1,0,0,0,0,0,0,0,0,1,1,0,1,1,0,0,0,0,0,0,0,0,0,1,1,0,1,0,0,0,1,0,0,0,0,0,0,0,0,0,1,0,0,0,0,0,0,1,1,1,2,19,3.8,1,0,1,1,2,18,3.6,19dbddedf07994e2, full,5809,7,1490311098.0, no, outer,3,8, 30s, 4, yes, 4, 4, 4, 5, 3, 3, yes
game50a19349fe81ce19.log,19,0,1,0,0,0,0,0,1,0,0,1,1,0,0,0,0,0,0,0,0,0,0,0,1,0,1,0,0,1,0,0,0,0,0,0,0,0,0,0,1,1,0,0,0,0,0,0,1,0,0,1,2,1,1,0,12,2.4,2,0,1,1,1,14,2.8,f58284d424b04728, intentional,3119,17,1491258639.0, no, full,2,4, 20s, 4, yes, 3, 4, 1, 2, 1, 1, yes
game50dbd46f85843789.log,13,0,1,1,0,1,1,0,0,0,0,1,0,0,0,0,0,0,0,0,0,0,0,0,0,0,0,0,0,0,0,0,0,0,1,0,0,0,0,0,0,0,0,0,1,0,1,0,1,0,1,2,1,1,0,1,12,2.4,1,0,1,2,1,17,3.4,ca0922b34e670338, outer,9105,15,1491763088.0, no, outer,1,13, 40s, 4, yes, 3, 4, 2, 3, 3, 3, yes
game50dceeb02c019650.log,18,0,0,1,0,0,0,1,0,0,0,0,0,0,0,0,0,0,1,0,0,0,1,1,0,0,0,0,0,1,0,0,0,1,0,0,0,0,0,0,0,1,0,0,0,0,1,1,0,0,0,0,2,3,0,0,13,2.6,2,1,1,1,0,11,2.2,eebd59d309b409f1, full,5439,10,1490290503.0, no, intentional,5,16, 20s, 4, yes, 3, 4, 3, 3, 2, 2, yes
game50e3e0d94ad5ebea.log,21,0,0,0,0,0,2,0,0,0,0,0,0,1,0,0,0,0,0,0,0,0,1,0,1,0,0,0,0,0,0,0,0,0,0,0,1,0,0,0,0,2,0,1,1,0,0,0,0,0,0,2,1,1,1,0,11,2.2,3,0,1,1,0,10,2.0,ca0922b34e670338, outer,3642,12,1491768721.0, no, outer,1,13, 40s, 4, yes, 3, 4, 2, 3, 3, 3, yes
game510ac75e58f169f7.log,15,0,0,0,1,0,1,0,0,0,0,0,0,0,1,0,1,0,0,0,1,0,0,0,0,0,1,0,0,1,1,1,0,0,0,0,0,0,0,0,0,0,0,0,1,0,0,0,0,0,0,2,0,0,2,1,15,3.0,2,0,0,2,1,15,3.0,e3f99bfa4535678e, outer,7305,14,1490342876.0, no, outer,5,4, 20s, 4, yes, 2, 4, 1, 2, 2, 3, yes
game5111556753eb2d21.log,19,0,0,1,0,0,2,0,0,0,0,0,0,1,0,0,0,0,0,0,0,0,0,0,1,0,0,0,0,0,0,0,0,1,1,0,0,1,1,0,0,0,0,0,0,0,0,0,0,1,0,2,0,2,1,0,12,2.4,0,1,2,2,0,16,3.2,1b17ab93ed1184b4, full,3,8,1491676710.0, yes, full,3,8, 40s, 4, yes, 2, 2, 1, 4, 4, 3, yes
game5116765d21bcb63d.log,21,0,1,1,0,0,0,0,0,1,0,0,0,0,0,0,0,1,1,0,0,0,0,0,0,0,2,0,0,0,1,0,0,0,0,0,0,0,0,0,0,0,0,0,0,1,1,0,0,0,0,0,2,2,1,0,14,2.8,3,0,0,0,2,13,2.6,e90bf79bebf9d078, outer,4,9,1490299903.0, yes, outer,4,9, 20s, 4, yes, 3, 4, 4, 2, 2, 3, yes
game51260213d558e9e8.log,16,0,0,0,0,0,0,0,1,1,0,0,0,1,0,0,0,0,0,1,1,0,0,0,0,0,2,0,0,0,0,0,1,0,0,0,0,0,0,0,1,0,1,0,0,0,0,0,0,0,0,0,0,2,2,1,19,3.8,2,2,0,0,1,11,2.2,1dec811f02c7fc81, intentional,2,12,1493007822.0, yes, intentional,2,12, 20s, 3, no, 1, 1, 1, 3, 2, 2, yes
game514356e1d910e188.log,4,0,0,0,1,0,0,0,1,0,0,0,0,0,0,0,1,0,1,0,0,1,0,0,0,0,0,0,1,0,0,0,0,0,0,0,0,0,0,1,1,1,0,0,0,0,1,0,0,0,0,2,0,2,1,0,12,2.4,2,0,1,1,1,14,2.8,7007a1f9c84cefe6, intentional,1946,18,1490311513.0, no, outer,3,11, 40s, 4, yes, 3, 4, 1, 3, 2, 2, yes
game517afd77a243f3b3.log,11,1,0,1,0,0,0,0,0,0,0,0,0,0,0,0,1,1,0,0,0,0,0,0,1,0,0,1,0,0,0,1,1,0,0,0,1,0,0,0,0,0,0,0,0,0,1,0,0,0,0,2,1,1,1,0,11,2.2,3,2,0,0,0,7,1.4,19dbddedf07994e2, full,7714,2,1489965228.0, no, outer,3,8, 30s, 4, yes, 4, 4, 4, 5, 3, 3, yes
game519c20925e29c1c5.log,8,0,1,0,0,1,0,0,2,0,0,0,0,0,0,0,0,0,0,0,0,1,0,0,0,0,0,0,1,1,0,0,0,0,0,0,0,1,0,0,0,1,1,0,0,0,0,0,0,0,0,1,1,2,0,1,14,2.8,1,2,1,1,0,12,2.4,90c7b3288d046c3a, full,3462,4,1492733708.0, no, outer,1,5, 20s, 3, no, 1, 1, 1, 3, 3, 4, yes
game51b4d6e59dbcf641.log,18,0,0,0,0,0,2,1,0,0,0,0,0,1,0,0,1,0,0,0,0,0,0,0,0,0,0,0,0,0,0,0,0,0,0,1,0,1,0,1,1,0,1,0,0,0,0,0,0,0,0,3,1,1,0,0,8,1.6,0,2,0,1,2,18,3.6,ca0922b34e670338, full,8096,18,1492726783.0, no, outer,1,13, 40s, 4, yes, 3, 4, 2, 3, 3, 3, yes
game51c2aa99cb50e108.log,2,0,0,0,0,0,1,0,0,0,1,0,0,0,1,0,0,2,0,0,0,0,0,0,0,0,0,0,0,0,0,0,0,0,1,0,0,1,0,0,0,0,0,1,0,1,1,0,0,0,0,1,2,0,1,1,14,2.8,1,1,1,1,1,15,3.0,ca0922b34e670338, intentional,7985,16,1491786053.0, no, outer,1,13, 40s, 4, yes, 3, 4, 2, 3, 3, 3, yes
game522434e341e4d232.log,15,0,0,0,0,0,0,0,1,0,0,0,0,2,0,0,0,1,0,0,0,0,1,0,0,0,0,0,0,0,0,1,0,0,1,0,0,1,0,0,0,1,0,0,0,0,1,0,0,0,0,0,2,3,0,0,13,2.6,3,1,0,1,0,9,1.8,5cf5c2ba02ee6bb5, intentional,5488,15,1489692129.0, no, full,5,11, 20s, 3, no, 1, 1, 1, 4, 4, 4, yes
game524ca525ad3a1dbe.log,17,0,0,1,1,1,0,0,0,0,0,1,0,0,0,0,0,0,0,0,0,0,0,1,0,0,0,0,0,0,0,1,1,0,1,0,0,0,0,0,0,1,0,0,0,0,0,0,0,1,0,1,0,2,1,1,16,3.2,2,1,0,2,0,12,2.4,ca0922b34e670338, full,5162,17,1491781891.0, no, outer,1,13, 40s, 4, yes, 3, 4, 2, 3, 3, 3, yes
game52545a8b87838727.log,7,1,0,0,0,1,2,0,0,0,0,1,0,0,0,0,0,0,0,0,0,0,0,0,0,0,0,0,0,0,0,0,0,1,2,0,0,0,1,0,0,0,0,0,0,0,0,1,0,0,0,4,0,0,0,1,9,1.8,0,1,2,2,0,16,3.2,19dbddedf07994e2, outer,8097,3,1490731753.0, no, outer,3,8, 30s, 4, yes, 4, 4, 4, 5, 3, 3, yes
game52888285256b4945.log,16,0,0,1,0,1,0,0,0,0,0,0,0,1,0,0,0,0,0,0,0,1,1,0,0,0,1,0,0,0,0,1,1,0,0,0,0,0,0,0,0,0,0,0,0,1,0,0,1,0,0,1,1,2,0,1,14,2.8,2,1,1,0,1,12,2.4,19dbddedf07994e2, full,2945,20,1489965201.0, no, outer,3,8, 30s, 4, yes, 4, 4, 4, 5, 3, 3, yes
game52a53733ec0fc957.log,18,0,0,0,0,1,1,0,0,1,0,1,0,0,0,0,0,0,0,1,0,0,0,0,0,0,0,0,0,0,0,0,1,1,1,0,0,0,0,0,0,0,0,0,0,1,1,0,0,0,0,2,0,0,2,1,15,3.0,1,1,1,1,1,15,3.0,1b17ab93ed1184b4, full,6189,7,1491679937.0, no, full,3,8, 40s, 4, yes, 2, 2, 1, 4, 4, 3, yes
game52d00bd007f9413e.log,5,0,0,0,0,1,0,0,0,0,1,0,0,0,1,0,0,0,0,0,1,1,0,0,0,0,1,0,0,0,0,0,0,1,0,0,0,0,0,0,0,1,1,1,0,0,0,0,0,0,0,1,0,0,1,3,20,4.0,2,1,2,0,0,10,2.0,19dbddedf07994e2, intentional,4511,23,1490532806.0, no, outer,3,8, 30s, 4, yes, 4, 4, 4, 5, 3, 3, yes
game52f655ef9fcff992.log,21,0,1,0,0,0,0,1,0,1,1,0,0,0,0,0,1,0,0,0,0,0,0,0,0,0,1,0,0,0,0,1,0,0,0,0,1,1,0,0,0,0,0,0,0,0,0,0,1,0,0,1,2,0,1,1,14,2.8,3,1,1,0,0,8,1.6,19dbddedf07994e2, outer,5719,1,1489964876.0, no, outer,3,8, 30s, 4, yes, 4, 4, 4, 5, 3, 3, yes
game52ff67b076124ded.log,13,0,0,0,0,0,0,1,1,1,1,0,1,0,0,0,0,0,0,0,0,0,0,0,0,0,1,0,0,1,0,1,0,0,0,0,0,0,0,0,0,1,0,0,1,0,0,0,0,0,0,0,2,1,1,1,16,3.2,3,0,0,2,0,11,2.2,19dbddedf07994e2, outer,19,2,1489965748.0, no, outer,3,8, 30s, 4, yes, 4, 4, 4, 5, 3, 3, yes
game5329d1e959839e8c.log,19,1,0,0,0,0,1,0,0,0,0,0,0,0,0,0,1,1,1,0,0,0,0,0,0,0,0,0,0,0,0,0,1,1,0,0,1,1,0,0,0,0,0,0,0,0,0,0,1,0,0,3,1,1,0,0,8,1.6,1,2,2,0,0,11,2.2,19dbddedf07994e2, intentional,504,16,1489703174.0, no, outer,3,8, 30s, 4, yes, 4, 4, 4, 5, 3, 3, yes
game53500e894696ed9f.log,9,0,0,1,0,0,1,0,0,0,0,0,0,1,0,0,0,0,0,1,1,0,0,0,0,0,0,1,0,0,0,1,0,0,0,0,0,1,0,0,0,1,0,0,0,0,1,0,0,0,0,1,0,2,1,1,16,3.2,3,2,0,0,0,7,1.4,ca0922b34e670338, full,2079,9,1491908013.0, no, outer,1,13, 40s, 4, yes, 3, 4, 2, 3, 3, 3, yes
game53510c94a5e12adc.log,19,0,0,0,0,0,0,0,0,0,1,0,0,0,0,1,1,1,0,0,0,1,0,0,0,0,0,0,0,1,1,0,1,0,0,0,0,0,1,1,0,0,0,0,0,0,0,0,0,0,0,2,1,0,0,2,14,2.8,0,1,1,2,1,18,3.6,614a406f6ac4d07d, full,706,6,1490300125.0, no, outer,4,10, 20s, 4, yes, 4, 4, 4, 2, 1, 1, yes
game5360fff2bb7fce18.log,16,0,0,0,0,0,1,0,0,0,0,0,0,0,0,0,0,0,1,1,0,1,1,0,0,0,0,1,1,0,0,0,0,1,0,0,0,0,0,0,0,0,0,0,0,0,0,1,0,1,0,2,1,1,1,0,11,2.2,0,2,2,1,0,14,2.8,ca0922b34e670338, outer,8660,8,1492585357.0, no, outer,1,13, 40s, 4, yes, 3, 4, 2, 3, 3, 3, yes
game53b40ed46697f583.log,6,0,0,0,0,0,0,0,0,0,0,0,0,0,0,0,1,0,0,1,0,1,0,1,1,0,0,0,0,1,0,1,0,0,0,0,1,0,0,0,1,0,0,0,0,0,0,1,0,0,0,2,0,1,2,0,13,2.6,2,1,0,1,1,13,2.6,19dbddedf07994e2, intentional,3411,11,1489965951.0, no, outer,3,8, 30s, 4, yes, 4, 4, 4, 5, 3, 3, yes
game53b7ed53b585769f.log,14,0,0,0,0,0,0,0,0,1,0,0,0,0,1,1,0,1,0,0,0,0,0,0,1,0,2,0,0,0,0,0,0,0,0,0,1,0,0,0,0,0,0,0,0,1,1,0,0,0,0,0,1,0,3,1,19,3.8,4,0,0,0,1,9,1.8,19dbddedf07994e2, full,7526,19,1490731989.0, no, outer,3,8, 30s, 4, yes, 4, 4, 4, 5, 3, 3, yes
game53bc5f6ae23181d1.log,11,1,0,0,0,0,0,0,0,1,0,0,0,0,1,0,0,1,0,0,0,0,0,0,1,0,0,0,1,0,0,0,0,0,0,0,0,1,0,0,0,0,0,2,0,0,0,1,0,0,0,1,1,0,3,0,15,3.0,0,2,3,0,0,13,2.6,7007a1f9c84cefe6, full,1833,18,1490312798.0, no, outer,3,11, 40s, 4, yes, 3, 4, 1, 3, 2, 2, yes
game53c9d6df5a705b85.log,21,1,1,0,0,0,0,0,1,0,0,0,0,0,0,0,0,0,0,0,0,0,0,2,0,0,0,0,1,0,0,0,1,0,0,1,0,0,0,0,0,0,0,0,0,0,1,0,0,1,0,1,1,3,0,0,12,2.4,1,1,1,1,1,15,3.0,5d82cb8a155dbd34, intentional,1881,7,1490303311.0, no, full,5,21, 20s, 4, yes, 3, 4, 3, 4, 5, 5, yes
game53e136dbbdb11e79.log,19,1,0,0,0,0,1,0,0,0,0,0,0,1,0,0,1,0,0,1,0,0,0,0,0,0,0,0,1,0,0,0,0,0,1,0,0,0,0,2,0,0,0,0,0,0,0,1,0,0,0,3,0,1,1,0,10,2.0,0,1,1,3,0,17,3.4,2c99b217faca51f8, intentional,932,16,1490125459.0, no, outer,3,10, 20s, 4, yes, 4, 4, 4, 4, 2, 4, yes
game53fd54066e21d04c.log,14,0,1,0,0,1,1,0,0,0,0,0,0,0,1,1,0,0,0,0,0,0,0,0,0,0,0,0,0,0,0,0,0,0,0,1,0,0,0,0,0,0,1,0,1,0,1,0,0,1,0,1,1,0,1,2,17,3.4,1,1,0,2,1,16,3.2,2119fe68a204e42a, outer,1370,3,1490316731.0, no, outer,2,4, 20s, 4, yes, 4, 4, 4, 3, 2, 4, yes
game5434400da85818b1.log,18,0,0,0,0,0,0,0,0,1,0,1,0,0,0,0,0,1,0,1,0,0,0,0,0,1,0,0,0,0,0,0,0,0,0,1,0,0,0,1,0,0,0,0,1,0,0,1,0,1,0,1,1,0,2,1,16,3.2,0,1,0,3,1,19,3.8,4dacd064a3248f0e, full,8730,17,1490325117.0, no, full,5,18, , , , , , , , , , yes
game548ea21422109c9c.log,10,1,2,0,0,0,0,0,0,0,0,1,0,0,0,0,1,0,0,0,0,0,0,0,0,0,0,0,0,1,0,0,0,1,0,0,0,0,0,0,0,0,1,1,0,1,0,0,0,0,0,3,2,0,0,0,7,1.4,0,1,2,1,1,17,3.4,19dbddedf07994e2, full,8243,16,1489963014.0, no, outer,3,8, 30s, 4, yes, 4, 4, 4, 5, 3, 3, yes
game54d48ded5340facf.log,13,0,0,1,0,0,1,0,0,0,0,1,0,0,0,0,0,1,0,0,0,0,1,0,0,0,1,0,0,0,0,0,0,0,0,0,1,0,0,0,0,0,0,0,0,0,0,0,2,1,0,2,2,1,0,0,9,1.8,2,0,2,1,0,12,2.4,f2d5139df774f875, outer,2404,15,1490308616.0, no, full,1,19, 30s, 3, yes, 2, 3, 2, 3, 2, 2, yes
game54d85fd86822f4ed.log,8,1,0,0,0,0,0,0,0,0,0,0,0,0,0,0,1,1,0,1,0,1,0,0,0,0,0,0,1,0,0,0,0,0,0,0,0,0,0,0,0,0,0,0,1,1,1,0,1,0,0,3,1,0,1,0,9,1.8,1,0,2,1,1,16,3.2,ca0922b34e670338, intentional,8520,21,1491844900.0, no, outer,1,13, 40s, 4, yes, 3, 4, 2, 3, 3, 3, yes
game553a9a37b4a84971.log,13,0,2,0,0,0,1,0,1,0,0,0,1,0,0,0,0,0,0,0,0,0,0,0,0,0,1,0,0,1,0,0,1,0,0,0,0,0,1,0,0,0,1,0,0,0,0,0,0,0,0,1,3,1,0,0,10,2.0,1,2,1,1,0,12,2.4,19dbddedf07994e2, intentional,5531,0,1490134637.0, no, outer,3,8, 30s, 4, yes, 4, 4, 4, 5, 3, 3, yes
game554298d62fd11629.log,16,0,1,0,1,0,1,0,0,1,0,0,0,0,0,0,0,1,0,0,0,0,0,0,0,0,0,0,0,0,0,0,0,1,0,0,0,0,0,0,0,2,0,0,1,1,0,0,0,0,0,1,2,0,2,0,13,2.6,2,0,1,1,1,14,2.8,2e44154140f87dcd, intentional,2,18,1490323294.0, yes, intentional,2,18, 20s, 4, yes, 4, 4, 2, 3, 2, 4, yes
game5547fc72e2ea7768.log,4,0,0,0,0,0,0,1,0,0,0,0,0,1,0,0,1,0,0,0,0,1,1,0,0,0,1,0,0,0,0,0,0,0,1,0,0,0,0,0,0,0,0,0,0,0,1,0,1,0,1,2,2,1,0,0,9,1.8,2,0,1,1,1,14,2.8,5d82cb8a155dbd34, intentional,4434,12,1490305426.0, no, full,5,21, 20s, 4, yes, 3, 4, 3, 4, 5, 5, yes
game555387b98e396b7e.log,19,0,0,0,0,0,1,0,0,1,0,0,0,1,0,0,0,0,1,0,0,0,0,1,0,0,0,0,0,0,0,0,0,0,0,0,0,0,0,2,0,1,0,1,0,0,0,0,0,1,0,1,0,3,1,0,14,2.8,1,0,1,3,0,16,3.2,1b17ab93ed1184b4, full,7459,10,1491702022.0, no, full,3,8, 40s, 4, yes, 2, 2, 1, 4, 4, 3, yes
game55637175778efe47.log,18,0,0,0,1,0,0,0,0,1,0,1,0,0,0,0,0,0,0,1,0,1,0,0,0,0,0,0,0,0,0,1,0,2,0,0,0,0,0,1,0,1,0,0,0,0,0,0,0,0,0,2,0,0,3,0,14,2.8,2,0,2,1,0,12,2.4,f10ef47e05746467, full,4254,15,1490309281.0, no, outer,5,9, 30s, 4, yes, 4, 4, 3, 4, 3, 4, yes
game5585925bc632988a.log,17,0,1,0,0,0,0,0,1,0,0,0,0,0,0,0,0,0,0,1,0,1,0,0,1,0,0,0,1,0,0,0,1,0,1,0,0,0,0,0,0,0,0,0,0,1,0,1,0,0,0,1,1,1,2,0,14,2.8,0,2,1,1,1,16,3.2,ca0922b34e670338, outer,5003,16,1492586179.0, no, outer,1,13, 40s, 4, yes, 3, 4, 2, 3, 3, 3, yes
game55c22fe650e49a7a.log,17,1,0,1,0,0,0,0,0,1,0,0,0,0,1,0,0,0,0,0,0,1,0,0,0,0,0,0,0,0,0,1,0,1,0,0,0,0,0,0,0,0,1,0,0,0,1,1,0,0,0,2,0,1,2,0,13,2.6,2,2,1,0,0,9,1.8,ca0922b34e670338, full,7307,19,1492556099.0, no, outer,1,13, 40s, 4, yes, 3, 4, 2, 3, 3, 3, yes
game55daf828545f8fb3.log,14,0,0,0,0,0,0,0,0,0,0,1,0,1,1,1,0,1,0,0,0,0,0,0,0,0,1,0,0,0,0,0,0,0,0,1,1,1,0,0,0,0,0,0,0,1,0,0,0,0,0,1,1,1,1,1,15,3.0,2,1,0,0,2,14,2.8,ca0922b34e670338, full,902,23,1491855698.0, no, outer,1,13, 40s, 4, yes, 3, 4, 2, 3, 3, 3, yes
game5644148d91e322df.log,17,0,0,1,1,0,0,0,0,0,0,0,1,0,0,0,0,0,0,0,0,0,1,0,0,1,2,1,0,0,0,1,0,0,0,0,0,0,0,0,0,1,0,0,0,0,0,0,0,0,0,0,2,1,1,1,16,3.2,4,1,0,0,0,6,1.2,4129b562fe425a0b, full,444,20,1490277958.0, no, full,4,2, 20s, 4, yes, 4, 4, 4, 4, 1, 4, yes
game5676d65d0479f9b0.log,14,0,0,0,0,0,2,0,0,1,0,0,0,0,0,0,1,0,0,0,0,0,0,1,0,0,1,0,0,0,0,0,0,1,0,0,0,0,0,0,0,0,0,0,0,0,1,0,0,1,1,3,0,1,1,0,10,2.0,2,0,1,1,1,14,2.8,19dbddedf07994e2, full,5547,12,1490291081.0, no, outer,3,8, 30s, 4, yes, 4, 4, 4, 5, 3, 3, yes
game56c87c5ff37b5162.log,10,2,0,0,0,0,0,0,0,0,0,0,0,1,0,0,0,0,0,0,0,0,1,1,0,0,0,0,0,0,1,0,0,0,1,0,1,0,0,0,0,1,0,0,0,0,1,0,0,0,0,2,1,2,0,0,10,2.0,3,0,0,1,1,12,2.4,ca0922b34e670338, outer,9971,15,1492592650.0, no, outer,1,13, 40s, 4, yes, 3, 4, 2, 3, 3, 3, yes
game57354d27d85548bd.log,18,0,0,0,0,0,1,1,0,0,1,0,0,0,1,0,0,0,0,0,0,0,0,1,0,0,0,1,0,0,0,1,0,1,1,0,0,0,0,0,0,0,1,0,0,0,0,0,0,0,0,1,1,1,1,1,15,3.0,1,2,1,1,0,12,2.4,ca0922b34e670338, outer,4039,13,1492725622.0, no, outer,1,13, 40s, 4, yes, 3, 4, 2, 3, 3, 3, yes
game57812b77335bb37f.log,11,0,0,0,0,0,1,0,0,0,0,0,0,0,1,0,1,0,0,0,0,0,1,0,1,0,0,0,0,0,0,2,1,0,0,0,1,0,0,0,0,0,0,1,0,0,0,0,0,0,0,2,1,0,2,0,12,2.4,3,1,1,0,0,8,1.6,19dbddedf07994e2, intentional,3706,19,1489702543.0, no, outer,3,8, 30s, 4, yes, 4, 4, 4, 5, 3, 3, yes
game57c792556ed9c772.log,14,0,0,0,0,0,0,0,0,0,0,0,0,0,1,0,0,0,1,0,1,0,0,1,1,0,1,0,0,0,0,0,2,0,0,0,1,0,0,0,0,0,0,0,0,0,0,1,0,0,0,0,0,2,2,1,19,3.8,2,3,0,0,0,8,1.6,ca0922b34e670338, full,7501,18,1491797490.0, no, outer,1,13, 40s, 4, yes, 3, 4, 2, 3, 3, 3, yes
game57dac4c0da48ec86.log,22,0,0,0,0,0,0,2,0,0,0,0,0,0,0,0,0,1,0,0,0,1,0,1,0,0,1,1,0,0,0,0,0,0,0,0,0,1,0,0,0,0,0,0,0,1,1,0,0,0,0,1,3,1,0,0,10,2.0,2,2,0,0,1,11,2.2,5071f4f9f28c13b3, intentional,1,18,1490359043.0, yes, intentional,1,18, , 4, yes, 4, 4, 4, 4, 2, 3, yes
game57eeeb9399f27cec.log,11,1,0,0,0,0,0,0,1,0,0,0,0,0,0,0,0,0,0,0,0,2,1,0,0,0,0,0,0,0,0,0,0,0,1,0,0,1,0,0,0,1,0,0,0,1,0,0,0,1,0,3,1,1,0,0,8,1.6,1,1,0,2,1,16,3.2,a23bfbc1788ea3a2, full,8358,12,1490134850.0, no, outer,1,9, 40s, 4, yes, 3, 4, 3, 2, 2, 3, yes
game5853dd874f217a4b.log,15,1,1,0,0,0,1,0,0,0,0,0,1,0,0,0,0,0,0,0,1,0,0,0,0,0,0,1,0,0,0,0,0,1,0,1,0,0,0,0,0,0,0,0,0,0,1,1,0,0,0,2,2,0,0,1,11,2.2,1,2,1,0,1,13,2.6,19dbddedf07994e2, outer,2014,13,1489921163.0, no, outer,3,8, 30s, 4, yes, 4, 4, 4, 5, 3, 3, yes
game58d6fa9d30724f1f.log,20,1,1,1,0,0,0,0,0,0,0,0,0,0,0,0,0,0,0,0,1,1,0,0,0,0,0,0,1,0,0,1,0,0,0,0,0,0,0,0,0,1,0,0,1,0,0,0,1,0,0,2,1,1,0,1,12,2.4,2,0,2,1,0,12,2.4,6ccededecee01838, intentional,6109,18,1490076296.0, no, intentional,2,18, , , , , , , , , , yes
game58e1605e456e1792.log,9,0,1,0,0,0,0,0,1,0,0,0,0,0,0,0,0,0,1,0,0,1,0,0,1,0,0,0,1,0,0,0,0,0,0,0,1,0,1,0,0,0,0,0,0,0,1,1,0,0,0,1,1,2,1,0,13,2.6,2,1,2,0,0,10,2.0,ca0922b34e670338, full,6408,17,1492552166.0, no, outer,1,13, 40s, 4, yes, 3, 4, 2, 3, 3, 3, yes
game58e6f692bc4b4d9a.log,17,0,0,0,0,0,0,1,0,0,0,0,1,0,0,0,0,0,2,0,0,0,1,0,0,0,0,0,1,0,0,0,0,0,0,0,0,0,1,0,0,1,0,0,0,0,2,0,0,0,0,0,3,2,0,0,12,2.4,3,0,2,0,0,9,1.8,19dbddedf07994e2, outer,4203,1,1489793692.0, no, outer,3,8, 30s, 4, yes, 4, 4, 4, 5, 3, 3, yes
game58e90f0a71ed43c5.log,12,1,2,0,0,1,0,1,0,0,0,0,0,0,0,0,0,0,0,0,0,0,0,0,0,0,0,0,0,1,0,0,0,0,0,1,0,0,0,0,1,0,0,0,1,0,0,1,0,0,0,1,3,0,0,1,12,2.4,0,1,0,2,2,20,4.0,ca0922b34e670338, intentional,3819,16,1491943856.0, no, outer,1,13, 40s, 4, yes, 3, 4, 2, 3, 3, 3, yes
game5985ab8d51682b12.log,5,0,0,1,0,0,1,0,0,0,0,1,0,0,0,0,1,0,0,0,0,0,0,0,0,1,1,0,0,1,0,1,0,0,0,0,0,0,1,0,0,0,0,1,0,0,0,0,0,0,0,3,0,1,0,1,11,2.2,2,0,2,1,0,12,2.4,19dbddedf07994e2, full,9222,20,1490732357.0, no, outer,3,8, 30s, 4, yes, 4, 4, 4, 5, 3, 3, yes
game599e47fd77fa6ead.log,18,0,0,0,1,1,0,0,0,0,0,0,0,0,0,0,1,0,0,0,0,2,0,0,0,0,0,0,0,0,0,0,0,0,1,0,1,0,1,1,1,0,0,0,0,0,0,0,0,0,0,3,0,0,1,1,12,2.4,1,0,1,2,1,17,3.4,9a0bd50e414b077d, outer,4699,17,1490408244.0, no, full,3,5, 30s, 3, no, 2, 4, 3, 3, 2, 2, yes
game59b0101bef34afff.log,11,0,0,0,1,0,0,2,0,0,0,1,0,0,0,0,0,0,0,0,0,0,0,0,1,0,0,0,0,0,0,1,0,0,0,0,0,0,1,1,0,0,1,0,0,0,1,0,0,0,0,1,2,0,2,0,13,2.6,2,1,1,1,0,11,2.2,7a483b4fbdf50717, full,110,2,1490315377.0, no, outer,4,16, 30s, 4, yes, 2, 2, 1, 4, 3, 2, yes
game59b3ae5e7914a3e8.log,6,0,0,0,0,0,0,0,1,0,1,0,0,0,2,0,0,0,0,0,0,0,1,0,0,0,0,0,0,0,0,0,0,1,1,0,0,0,1,0,1,0,0,0,0,0,1,0,0,0,0,0,1,1,2,1,18,3.6,1,0,2,1,1,16,3.2,1b17ab93ed1184b4, outer,3198,16,1491700500.0, no, full,3,8, 40s, 4, yes, 2, 2, 1, 4, 4, 3, yes
game59c1351e983d620c.log,3,0,0,0,1,0,0,1,0,0,0,0,1,0,0,1,1,0,0,0,0,0,0,0,0,0,1,0,0,0,0,0,0,0,1,0,0,0,1,0,0,0,1,0,0,0,0,0,0,1,0,1,2,0,1,1,14,2.8,1,1,1,2,0,14,2.8,19dbddedf07994e2, outer,7547,8,1489739858.0, no, outer,3,8, 30s, 4, yes, 4, 4, 4, 5, 3, 3, yes
game59f67d6cb0145cf5.log,19,0,0,0,0,0,1,0,0,0,0,0,0,0,0,0,0,0,0,0,1,2,0,0,1,0,1,1,0,0,0,1,1,0,0,0,0,0,0,0,0,0,0,0,0,0,0,1,0,0,0,3,0,0,1,1,12,2.4,2,3,0,0,0,8,1.6,ca0922b34e670338, intentional,6835,16,1491755597.0, no, outer,1,13, 40s, 4, yes, 3, 4, 2, 3, 3, 3, yes
game59fcc5b7e67b065e.log,16,0,1,0,0,0,0,1,0,0,0,0,0,1,0,0,0,0,1,0,0,0,0,0,0,1,1,0,0,0,1,0,0,0,2,0,0,0,0,0,1,0,0,0,0,0,0,0,0,0,0,0,2,2,0,1,15,3.0,1,0,0,2,2,19,3.8,19dbddedf07994e2, intentional,2301,18,1489700594.0, no, outer,3,8, 30s, 4, yes, 4, 4, 4, 5, 3, 3, yes
game5a0544fc42071b96.log,5,0,0,0,0,0,0,0,0,0,0,0,0,0,0,0,1,0,0,1,0,1,1,0,1,0,1,0,0,0,0,0,0,0,0,0,0,0,1,0,1,2,0,0,0,0,0,0,0,0,0,2,1,0,2,0,12,2.4,3,0,1,0,1,11,2.2,ca0922b34e670338, full,9006,17,1492584305.0, no, outer,1,13, 40s, 4, yes, 3, 4, 2, 3, 3, 3, yes
game5a3b955fcacca77b.log,4,0,0,0,0,0,0,0,0,0,0,0,2,0,0,1,1,0,0,0,0,1,0,0,0,0,0,0,1,0,0,0,0,1,1,1,0,0,0,1,0,0,0,0,0,0,0,0,0,0,0,2,2,0,0,1,11,2.2,0,0,2,2,1,19,3.8,19dbddedf07994e2, outer,3290,9,1489965635.0, no, outer,3,8, 30s, 4, yes, 4, 4, 4, 5, 3, 3, yes
game5a825ac8a874cea8.log,0,0,0,0,0,0,0,0,0,0,0,0,0,1,0,1,0,0,0,0,0,0,0,2,0,1,0,0,0,1,1,0,1,0,1,0,0,0,0,0,0,0,0,0,0,0,0,0,0,1,0,0,0,3,0,2,19,3.8,0,1,0,3,1,19,3.8,8fef31f6e130d228, full,3038,12,1490092151.0, no, intentional,2,16, 30s, 4, yes, 4, 4, 3, 2, 2, 2, yes
game5aa1c787d4b75c8f.log,8,0,0,0,0,0,0,0,0,0,1,1,0,0,0,0,1,1,0,0,0,0,0,0,1,0,0,0,0,0,0,1,0,0,0,0,0,2,0,0,0,0,0,0,1,0,0,1,0,0,0,2,1,0,1,1,13,2.6,1,3,0,1,0,11,2.2,ca0922b34e670338, full,7347,19,1492558342.0, no, outer,1,13, 40s, 4, yes, 3, 4, 2, 3, 3, 3, yes
game5aa32c61ccb09372.log,15,0,0,0,0,0,1,2,0,0,0,1,0,0,1,0,0,0,0,0,0,0,0,0,0,0,0,1,1,0,0,1,0,0,1,0,0,0,0,0,0,0,0,0,0,0,0,0,0,0,1,2,2,0,1,0,10,2.0,1,1,1,1,1,15,3.0,b2c6bef0a1ed09a8, outer,4,14,1489748556.0, yes, outer,4,14, 20s, 4, yes, 1, 1, 1, 3, 3, 4, yes
game5aaf2bffc4ed41e1.log,15,0,0,1,1,0,0,0,0,0,0,1,1,0,0,0,0,0,0,0,0,0,1,0,0,0,0,0,0,0,0,0,0,0,0,1,1,1,0,0,0,0,0,0,1,0,0,0,1,0,0,1,2,1,1,0,12,2.4,1,1,1,1,1,15,3.0,ca0922b34e670338, full,2947,10,1492561782.0, no, outer,1,13, 40s, 4, yes, 3, 4, 2, 3, 3, 3, yes
game5abd82c92d8f7805.log,5,1,0,0,0,0,0,0,0,0,0,0,0,0,1,0,1,0,1,0,0,0,0,1,0,0,0,0,0,1,0,0,1,0,0,0,0,1,0,0,0,0,0,0,0,1,0,1,0,0,0,2,0,2,1,0,12,2.4,0,3,0,1,1,15,3.0,ca0922b34e670338, outer,1578,8,1492712025.0, no, outer,1,13, 40s, 4, yes, 3, 4, 2, 3, 3, 3, yes
game5aedfe03dcd8c45b.log,18,0,0,0,0,1,0,2,0,0,0,0,0,1,0,0,0,1,0,0,0,0,0,0,0,0,1,1,0,0,0,0,0,0,0,0,0,0,0,0,0,1,0,1,0,0,1,0,0,0,0,0,3,1,0,1,14,2.8,3,1,1,0,0,8,1.6,19dbddedf07994e2, outer,7652,1,1489795774.0, no, outer,3,8, 30s, 4, yes, 4, 4, 4, 5, 3, 3, yes
game5b032595e635d01d.log,16,0,0,0,0,0,1,0,1,0,0,0,0,0,0,0,1,0,1,0,0,0,0,1,0,0,1,1,1,0,0,0,0,0,0,0,0,0,0,0,0,0,0,0,1,0,0,0,0,0,1,2,0,3,0,0,11,2.2,1,1,1,1,1,15,3.0,19dbddedf07994e2, intentional,5584,12,1489736917.0, no, outer,3,8, 30s, 4, yes, 4, 4, 4, 5, 3, 3, yes
game5b3a2a8641c12bd3.log,17,0,1,0,0,0,0,0,0,0,1,0,0,0,1,0,1,0,0,0,0,0,0,0,1,0,0,1,0,0,0,1,1,0,0,0,1,0,0,0,0,0,1,0,0,0,0,0,0,0,0,1,1,0,2,1,16,3.2,2,3,0,0,0,8,1.6,ca0922b34e670338, full,405,20,1492587677.0, no, outer,1,13, 40s, 4, yes, 3, 4, 2, 3, 3, 3, yes
game5b70e077f86f3259.log,4,0,0,0,0,0,0,1,0,1,0,0,0,0,1,0,1,0,0,0,1,0,0,0,0,0,1,1,1,0,0,0,0,0,1,0,0,0,0,1,0,0,0,0,0,0,0,0,0,0,0,1,1,0,2,1,16,3.2,1,1,1,2,0,14,2.8,0f5160401ea3925f, full,435,5,1490056427.0, no, outer,1,9, 20s, 3, yes, 3, 3, 2, 3, 2, 2, yes
game5b87e462d092cfe2.log,17,0,0,0,0,0,0,0,0,0,0,0,1,0,0,0,1,0,0,0,1,0,0,1,1,0,1,0,0,0,0,0,0,0,0,0,1,0,0,1,0,1,0,0,1,0,0,0,0,0,0,1,1,1,1,1,15,3.0,3,0,0,2,0,11,2.2,ca0922b34e670338, intentional,1477,17,1491765077.0, no, outer,1,13, 40s, 4, yes, 3, 4, 2, 3, 3, 3, yes
game5b8edd428f2e0f44.log,6,0,1,0,0,0,1,0,0,1,0,1,0,0,0,0,0,0,0,0,0,1,0,0,0,0,0,0,0,0,0,0,0,0,0,0,0,1,0,1,0,0,0,1,0,0,0,0,0,1,1,3,1,0,1,0,9,1.8,0,1,1,2,1,18,3.6,ca0922b34e670338, intentional,878,16,1491794416.0, no, outer,1,13, 40s, 4, yes, 3, 4, 2, 3, 3, 3, yes
game5bd02ad8b95b6ca6.log,15,0,1,0,0,0,2,0,0,0,0,0,0,0,0,0,0,0,0,1,0,0,1,0,0,0,0,0,0,0,0,0,1,0,0,1,0,1,1,0,0,0,0,0,0,0,0,0,0,0,1,2,2,0,1,0,10,2.0,0,2,1,0,2,17,3.4,1b17ab93ed1184b4, intentional,2808,16,1491750398.0, no, full,3,8, 40s, 4, yes, 2, 2, 1, 4, 4, 3, yes
game5c22d1215b982c11.log,17,0,0,0,0,0,0,1,0,0,0,0,0,0,0,0,1,1,0,0,0,0,1,0,1,0,0,0,0,1,0,0,0,0,0,0,1,1,0,0,0,0,1,0,0,0,0,0,0,0,1,1,3,0,1,0,11,2.2,1,2,0,1,1,14,2.8,4dacd064a3248f0e, intentional,8072,18,1490323472.0, no, full,5,18, , , , , , , , , , yes
game5c23c93b4cf360f1.log,6,0,0,1,0,0,0,0,0,1,0,0,1,0,0,0,0,0,1,0,0,1,0,0,0,0,0,0,0,0,0,1,0,0,0,0,0,0,1,1,0,0,0,0,0,0,1,1,0,0,0,1,1,2,1,0,13,2.6,2,1,1,1,0,11,2.2,19dbddedf07994e2, outer,9674,8,1490731800.0, no, outer,3,8, 30s, 4, yes, 4, 4, 4, 5, 3, 3, yes
game5c51b09bcdfeb330.log,16,1,0,0,1,0,0,0,0,0,0,0,0,1,0,0,0,0,0,1,1,0,0,0,0,0,0,0,1,0,0,0,0,1,1,0,0,0,0,0,0,0,0,1,0,0,1,0,0,0,0,1,0,1,2,1,17,3.4,1,0,3,1,0,14,2.8,0c12fb41717c67fc, full,1,20,1490042660.0, yes, full,1,20, 30s, 3, yes, 2, 3, 2, 4, 4, 4, yes
game5c6ebaddcf98e54c.log,7,0,0,0,0,0,0,0,1,1,1,0,0,0,1,0,0,0,0,0,0,0,1,0,0,0,0,1,0,1,0,0,0,0,0,0,1,0,0,0,0,1,0,0,0,1,0,0,0,0,0,0,1,1,2,1,18,3.6,2,1,0,1,1,13,2.6,19dbddedf07994e2, full,480,11,1490290232.0, no, outer,3,8, 30s, 4, yes, 4, 4, 4, 5, 3, 3, yes
game5c8aa2fd5796f2ba.log,19,0,0,0,0,0,0,1,0,0,0,0,0,1,0,1,0,0,0,0,0,1,0,0,1,0,0,0,0,0,1,1,0,0,1,0,0,0,0,0,0,0,0,0,0,0,1,1,0,0,0,1,1,1,1,1,15,3.0,2,1,0,1,1,13,2.6,77b66a0509916d51, intentional,1027,17,1490371633.0, no, intentional,2,16, 50s, 3, yes, 2, 4, 1, 3, 3, 4, yes
game5ca931af2e7022a4.log,12,0,0,0,0,0,0,0,1,0,1,0,0,0,0,0,0,1,0,0,0,1,0,0,1,0,0,0,0,0,1,0,2,0,0,0,0,0,0,0,0,0,1,1,0,0,0,0,0,0,0,1,1,1,1,1,15,3.0,0,3,1,0,1,14,2.8,606754cfbea75770, intentional,886,19,1490476254.0, no, intentional,1,14, 30s, 4, yes, 2, 2, 1, 2, 3, 2, yes
game5cf3163a8749c233.log,7,0,0,0,0,1,0,0,0,0,0,0,0,0,0,0,1,0,0,0,0,1,0,1,1,0,0,0,0,0,0,0,0,0,0,0,0,0,0,1,0,1,2,1,0,0,0,0,0,0,0,2,0,1,1,1,14,2.8,1,2,1,1,0,12,2.4,ca0922b34e670338, outer,8925,12,1491790518.0, no, outer,1,13, 40s, 4, yes, 3, 4, 2, 3, 3, 3, yes
game5d3421e2ae1d7ba3.log,16,0,0,0,1,0,0,0,0,1,0,0,0,0,0,0,0,0,0,0,0,1,0,1,0,1,0,0,0,0,0,0,2,0,0,0,1,0,0,0,0,1,0,0,0,0,0,1,0,0,0,1,0,1,2,1,17,3.4,2,3,0,0,0,8,1.6,ca0922b34e670338, intentional,3510,18,1492563309.0, no, outer,1,13, 40s, 4, yes, 3, 4, 2, 3, 3, 3, yes
game5d596e7a053faadc.log,17,0,0,0,0,0,0,1,0,0,0,0,1,0,0,0,0,1,0,1,1,0,0,0,0,0,1,0,0,0,0,0,0,0,1,0,0,0,0,1,0,2,0,0,0,0,0,0,0,0,0,0,3,0,1,1,15,3.0,3,0,0,2,0,11,2.2,ca0922b34e670338, intentional,6049,16,1492562191.0, no, outer,1,13, 40s, 4, yes, 3, 4, 2, 3, 3, 3, yes
game5d60d9bf0a2e6265.log,17,0,0,0,0,0,0,0,0,0,0,1,0,0,0,0,0,1,0,0,0,1,0,0,1,1,0,0,1,1,0,0,0,0,0,1,0,0,0,1,0,0,0,0,0,0,0,0,1,0,0,2,1,0,1,1,13,2.6,0,0,2,2,1,19,3.8,1b17ab93ed1184b4, intentional,2281,16,1491749180.0, no, full,3,8, 40s, 4, yes, 2, 2, 1, 4, 4, 3, yes
game5d710fe8baca7db3.log,15,0,0,0,0,0,0,2,0,0,0,0,0,0,0,0,0,0,0,0,1,2,0,0,0,0,0,1,0,1,0,0,0,0,1,0,0,0,0,0,0,1,0,0,1,0,0,0,0,0,0,2,2,0,0,1,11,2.2,1,1,0,3,0,15,3.0,ca0922b34e670338, full,242,17,1492561978.0, no, outer,1,13, 40s, 4, yes, 3, 4, 2, 3, 3, 3, yes
game5da186fcdef6ac3c.log,14,0,0,1,1,0,0,0,1,0,0,0,1,0,0,0,1,0,0,0,0,0,0,0,0,0,0,1,0,0,0,0,1,0,0,1,0,0,1,0,0,0,0,0,0,0,0,0,1,0,0,1,1,2,1,0,13,2.6,0,2,2,0,1,15,3.0,19dbddedf07994e2, full,1642,21,1489828109.0, no, outer,3,8, 30s, 4, yes, 4, 4, 4, 5, 3, 3, yes
game5dcda4dc6650a3a2.log,7,0,0,0,1,0,1,0,0,0,0,0,0,1,0,0,0,0,2,0,0,0,0,0,0,0,0,1,1,0,0,0,0,0,0,0,0,0,0,0,1,0,1,0,0,0,1,0,0,0,0,1,0,3,1,0,14,2.8,1,2,1,0,1,13,2.6,19dbddedf07994e2, outer,3099,9,1490732644.0, no, outer,3,8, 30s, 4, yes, 4, 4, 4, 5, 3, 3, yes
game5df60fa461c024a3.log,13,2,0,0,0,0,0,1,0,0,0,0,0,0,0,0,0,0,0,0,1,0,0,1,0,0,1,0,1,0,0,1,0,0,1,0,0,0,0,0,1,0,0,0,0,0,0,0,0,0,0,2,1,1,0,1,12,2.4,2,0,1,1,1,14,2.8,5d82cb8a155dbd34, outer,3866,18,1490305205.0, no, full,5,21, 20s, 4, yes, 3, 4, 3, 4, 5, 5, yes
game5e1b6d1a2e5e6cab.log,13,0,0,0,0,0,0,0,1,1,1,0,0,0,0,0,0,1,0,0,0,1,0,0,0,0,0,0,0,0,0,1,0,0,0,0,2,0,0,0,0,0,1,0,0,0,1,0,0,0,0,1,1,1,1,1,15,3.0,4,1,0,0,0,6,1.2,ca0922b34e670338, full,9207,22,1491875092.0, no, outer,1,13, 40s, 4, yes, 3, 4, 2, 3, 3, 3, yes
game5e93fd7b18ce2d62.log,18,1,0,0,0,0,0,0,0,0,0,1,1,0,1,1,0,0,0,0,0,0,0,0,0,0,0,0,0,0,0,1,0,0,0,0,0,0,0,1,0,0,1,0,0,0,1,0,1,0,0,2,1,0,1,1,13,2.6,2,1,1,1,0,11,2.2,ca0922b34e670338, intentional,2961,15,1491949611.0, no, outer,1,13, 40s, 4, yes, 3, 4, 2, 3, 3, 3, yes
game5eea47e850ed8814.log,8,0,0,0,0,0,1,1,0,0,0,1,1,0,0,0,0,0,0,0,1,0,0,0,0,0,0,1,0,0,0,0,0,2,0,0,1,0,0,0,0,0,0,0,0,0,0,0,0,0,1,2,2,0,0,1,11,2.2,1,1,2,0,1,14,2.8,19dbddedf07994e2, outer,7283,12,1490729162.0, no, outer,3,8, 30s, 4, yes, 4, 4, 4, 5, 3, 3, yes
game5ef6a8a29c5d18c0.log,17,1,0,1,0,0,0,0,0,0,0,1,0,0,0,0,1,0,0,0,0,0,0,1,0,0,0,0,1,1,0,1,0,0,1,0,0,1,0,0,0,0,0,0,0,0,0,0,0,0,0,3,0,2,0,0,9,1.8,1,1,1,2,0,14,2.8,19dbddedf07994e2, intentional,8889,3,1490732014.0, no, outer,3,8, 30s, 4, yes, 4, 4, 4, 5, 3, 3, yes
game5f101af635a5efd6.log,4,1,0,0,0,0,0,0,0,0,0,0,0,0,0,1,0,0,0,1,0,1,0,1,0,0,0,0,0,0,0,0,0,0,0,0,0,0,1,0,0,1,0,1,1,0,1,0,0,0,0,2,0,1,1,1,14,2.8,2,0,2,1,0,12,2.4,2119fe68a204e42a, intentional,664,19,1490305587.0, no, outer,2,4, 20s, 4, yes, 4, 4, 4, 3, 2, 4, yes
game5f1d4bde75cde23a.log,3,0,0,0,0,0,0,1,0,2,0,0,0,0,0,0,0,0,0,1,1,0,0,0,0,0,1,0,1,0,0,1,0,0,0,0,0,0,0,1,0,0,0,0,0,0,0,0,0,0,1,0,1,0,3,1,19,3.8,2,0,1,1,1,14,2.8,7d6a88e8113679a3, intentional,5605,16,1490059129.0, no, outer,3,13, , , , , , , , , , yes
game5f339b612a1d84e5.log,13,0,0,0,0,0,0,0,0,1,0,0,1,0,1,0,0,0,0,0,0,0,0,0,1,1,0,0,0,1,0,1,0,0,0,0,1,0,0,0,0,0,0,0,0,0,0,1,0,1,0,0,1,0,3,1,19,3.8,2,1,0,2,0,12,2.4,c6bd40b0a7053499, outer,5,13,1490216501.0, yes, outer,5,13, 30s, 4, yes, 3, 4, 1, 2, 2, 2, yes
game5f46b08f316397c6.log,7,0,0,0,0,0,1,0,1,1,0,0,0,1,0,0,0,0,0,0,0,1,0,0,0,0,0,1,1,0,0,0,0,1,0,0,0,0,0,0,0,1,0,0,1,0,0,0,0,0,0,2,0,2,1,0,12,2.4,1,1,2,1,0,13,2.6,19dbddedf07994e2, outer,1641,7,1490133624.0, no, outer,3,8, 30s, 4, yes, 4, 4, 4, 5, 3, 3, yes
game5f5053d03614a75b.log,5,0,0,0,0,0,1,1,1,1,0,0,0,0,0,0,0,0,0,0,0,0,0,0,0,1,0,0,0,1,0,0,1,0,0,0,1,0,0,0,0,0,0,0,0,1,0,1,0,0,0,1,1,1,1,1,15,3.0,1,2,0,1,1,14,2.8,4dacd064a3248f0e, full,768,9,1490324843.0, no, full,5,18, , , , , , , , , , yes
game5f55777199409af4.log,18,0,0,0,1,0,0,0,0,0,0,1,1,0,0,1,0,0,0,0,0,0,0,0,1,0,0,0,0,0,0,0,1,1,0,0,0,0,0,0,0,0,0,0,0,0,0,1,1,0,1,1,1,0,2,1,16,3.2,0,2,2,0,1,15,3.0,19dbddedf07994e2, intentional,2039,9,1489706730.0, no, outer,3,8, 30s, 4, yes, 4, 4, 4, 5, 3, 3, yes
game5f7b94635edf19da.log,7,1,0,0,0,0,0,0,0,0,0,0,0,1,0,0,0,0,0,0,0,1,0,0,1,1,0,0,0,1,0,1,0,0,0,0,1,1,0,0,0,0,0,0,0,0,0,1,0,0,0,2,0,1,1,1,14,2.8,2,2,0,1,0,10,2.0,ca0922b34e670338, outer,9069,12,1491945039.0, no, outer,1,13, 40s, 4, yes, 3, 4, 2, 3, 3, 3, yes
game5f7ecf80b6e3d65a.log,9,0,0,1,0,0,0,0,0,0,1,0,0,0,1,1,0,0,0,0,0,0,1,0,0,0,0,0,0,0,1,0,0,0,1,0,1,0,0,0,0,1,0,0,0,0,1,0,0,0,0,0,1,1,1,2,19,3.8,3,0,0,1,1,12,2.4,2119fe68a204e42a, intentional,482,20,1490315880.0, no, outer,2,4, 20s, 4, yes, 4, 4, 4, 3, 2, 4, yes
game5f7f6399bf56060a.log,14,0,0,0,0,0,0,0,0,0,0,1,0,1,0,0,1,0,0,0,0,1,0,1,0,0,0,0,0,0,0,0,0,0,0,1,1,0,0,0,0,0,1,0,0,0,0,1,0,1,0,3,0,2,0,0,9,1.8,1,2,0,1,1,14,2.8,2119fe68a204e42a, intentional,2826,10,1490322555.0, no, outer,2,4, 20s, 4, yes, 4, 4, 4, 3, 2, 4, yes
game5f7f6cc06f072762.log,20,1,0,0,0,1,0,1,0,0,0,0,0,0,0,0,0,0,0,1,0,0,0,0,1,0,0,1,0,2,0,1,0,0,1,0,0,0,0,0,0,0,0,0,0,0,0,0,0,0,0,1,1,0,2,1,16,3.2,1,1,0,3,0,15,3.0,19dbddedf07994e2, outer,7291,2,1489965531.0, no, outer,3,8, 30s, 4, yes, 4, 4, 4, 5, 3, 3, yes
game5fa0b7e6942f39aa.log,17,0,0,0,0,0,0,1,0,0,0,1,0,1,1,0,0,0,0,1,0,0,0,0,0,0,0,2,0,0,0,0,0,0,1,0,0,0,1,0,0,1,0,0,0,0,0,0,0,0,0,1,1,1,2,0,14,2.8,1,2,1,1,0,12,2.4,2119fe68a204e42a, full,1694,18,1490308853.0, no, outer,2,4, 20s, 4, yes, 4, 4, 4, 3, 2, 4, yes
game5fd79e6443d717c6.log,2,0,0,0,1,0,0,1,0,0,0,0,1,0,0,0,0,0,0,0,0,1,0,0,1,0,0,0,1,0,0,0,0,0,1,0,0,1,0,0,0,0,0,0,0,1,0,1,0,0,0,1,2,0,2,0,13,2.6,0,2,1,1,1,16,3.2,2d784fe60bc13843, intentional,4337,17,1490327261.0, no, intentional,4,12, 30s, 4, yes, 1, 1, 1, 3, 2, 4, yes
game5fdf13e28ed6aa5a.log,20,0,0,0,0,0,1,1,0,0,0,1,1,0,0,0,0,0,0,0,0,0,0,0,1,0,1,0,2,1,0,0,0,0,0,0,0,0,1,0,0,0,0,0,0,0,0,0,0,0,0,2,2,0,1,0,10,2.0,1,0,3,1,0,14,2.8,7c410fab0792a1a6, full,5,4,1490319324.0, yes, full,5,4, 20s, 4, yes, 3, 3, 3, 3, 1, 1, yes
game5fe693bd6c290c68.log,12,0,0,0,0,0,0,0,0,0,0,1,0,0,0,1,1,1,0,0,0,0,1,0,0,0,0,1,0,1,0,0,0,1,0,0,0,0,0,0,0,0,0,1,1,0,0,0,0,0,0,2,2,0,0,1,11,2.2,0,1,2,2,0,16,3.2,ca0922b34e670338, outer,7450,8,1491764721.0, no, outer,1,13, 40s, 4, yes, 3, 4, 2, 3, 3, 3, yes
game6020ccd47e9f06d4.log,15,0,0,0,0,1,0,0,1,0,0,0,0,0,0,0,0,0,0,0,1,1,0,1,0,0,1,1,1,0,0,0,0,0,0,0,0,0,0,0,0,0,0,1,0,0,0,0,0,1,0,1,0,2,0,2,17,3.4,1,1,2,1,0,13,2.6,ca0922b34e670338, outer,5903,19,1491907269.0, no, outer,1,13, 40s, 4, yes, 3, 4, 2, 3, 3, 3, yes
game6023295f02873474.log,18,1,1,1,0,0,0,0,0,0,0,1,0,0,0,0,0,0,0,0,0,0,0,1,0,0,1,0,0,0,0,1,0,1,0,0,0,0,1,0,0,0,0,0,0,0,0,0,1,0,0,2,1,2,0,0,10,2.0,2,0,3,0,0,11,2.2,19dbddedf07994e2, intentional,6169,15,1490733074.0, no, outer,3,8, 30s, 4, yes, 4, 4, 4, 5, 3, 3, yes
game602737c7b6715d4f.log,2,0,0,1,0,0,2,0,0,0,0,0,0,0,0,0,1,0,0,0,0,0,0,0,1,0,0,0,0,1,0,0,0,1,0,0,0,0,0,0,0,0,0,1,0,0,1,0,0,0,1,3,0,1,1,0,10,2.0,1,0,2,1,1,16,3.2,2119fe68a204e42a, outer,27,5,1490316166.0, no, outer,2,4, 20s, 4, yes, 4, 4, 4, 3, 2, 4, yes
game602ea93be5141403.log,7,0,0,0,0,1,0,0,2,0,0,1,0,0,0,0,0,0,0,0,0,0,1,0,0,0,1,0,0,0,0,0,0,0,0,0,0,0,0,0,1,1,0,0,1,0,1,0,0,0,0,1,1,2,0,1,14,2.8,3,0,0,1,1,12,2.4,768862e11a280fd0, outer,2868,9,1490379541.0, no, outer,5,6, , , , , , , , , , yes
game606c51e1f05d41b8.log,13,1,1,0,0,0,0,0,0,0,0,0,0,1,0,0,1,0,0,0,0,0,0,0,1,0,0,0,0,0,0,0,0,0,1,1,0,0,0,0,1,0,0,1,0,0,0,0,0,1,0,2,1,1,1,0,11,2.2,0,0,1,2,2,21,4.2,237369304d4e4105, full,2,5,1492973817.0, yes, full,2,5, 20s, 2, no, 2, 2, 1, 3, 3, 2, yes
game607359864d7564d9.log,15,0,0,0,0,1,1,0,0,0,1,0,0,0,1,0,0,0,0,0,0,0,1,0,0,0,1,0,0,0,0,0,0,0,0,0,1,1,0,0,0,0,1,0,0,0,0,0,0,1,0,1,1,0,1,2,17,3.4,2,2,0,1,0,10,2.0,4884f857be239a22, intentional,8258,16,1489700997.0, no, full,1,18, 20s, 1, no, 1, , 1, 3, 4, 5, yes
game6079ff6df3c8adca.log,0,1,0,0,0,0,0,0,0,0,0,1,0,1,0,0,0,1,0,0,0,0,0,1,0,0,0,0,1,0,0,0,0,0,0,0,0,1,1,0,0,0,0,0,0,0,0,0,0,1,1,2,1,2,0,0,10,2.0,0,1,2,1,1,17,3.4,ca0922b34e670338, intentional,6506,19,1492709466.0, no, outer,1,13, 40s, 4, yes, 3, 4, 2, 3, 3, 3, yes
game6093a612f344428c.log,5,0,0,2,0,0,1,0,0,0,1,0,1,0,0,0,0,0,0,0,0,0,0,0,0,0,0,0,0,0,0,1,0,0,1,0,1,0,1,0,0,0,0,0,0,0,0,0,0,1,0,1,1,2,0,1,14,2.8,2,0,1,2,0,13,2.6,ca0922b34e670338, intentional,3526,17,1492582276.0, no, outer,1,13, 40s, 4, yes, 3, 4, 2, 3, 3, 3, yes
game6095a0f02c6368bc.log,6,0,1,0,0,0,0,0,0,0,0,0,2,1,0,1,0,0,0,0,0,0,0,0,0,0,0,0,0,0,0,1,0,0,0,0,0,0,0,1,0,0,0,0,0,0,1,1,0,1,0,0,3,1,0,1,14,2.8,2,1,0,2,0,12,2.4,1d3487df6761d44e, intentional,7183,16,1490309033.0, no, outer,4,16, 20s, 4, yes, 3, 4, 2, 2, 1, 2, yes
game60a240b6d5bb5b68.log,8,1,0,0,0,0,0,0,0,1,1,0,0,0,0,1,0,0,0,0,0,1,0,0,0,0,0,0,0,1,0,0,1,0,0,0,0,0,0,0,0,0,0,1,0,0,1,1,0,0,0,2,0,0,1,2,16,3.2,1,2,1,1,0,12,2.4,92977e45eb872e9b, full,1,20,1490496572.0, yes, full,1,20, 30s, 3, no, 3, 4, 1, 5, 3, 3, yes
game60c042705cb87826.log,8,0,0,0,0,0,0,0,0,1,0,0,0,1,0,0,0,1,0,0,0,1,0,1,0,0,1,0,0,0,0,1,1,1,1,0,0,0,0,0,0,0,0,0,0,0,0,0,0,0,0,1,1,2,1,0,13,2.6,2,1,1,1,0,11,2.2,19dbddedf07994e2, full,811,21,1489920080.0, no, outer,3,8, 30s, 4, yes, 4, 4, 4, 5, 3, 3, yes
game6119d8469726c56f.log,20,0,1,0,1,0,1,0,0,1,0,0,0,0,0,0,0,1,0,0,0,0,0,0,0,0,0,0,0,0,0,0,0,1,0,0,0,0,0,0,0,2,0,0,1,1,0,0,0,0,0,1,2,0,2,0,13,2.6,2,0,1,1,1,14,2.8,19dbddedf07994e2, intentional,5735,18,1489739769.0, no, outer,3,8, 30s, 4, yes, 4, 4, 4, 5, 3, 3, yes
game612b086f6d70ddc4.log,14,0,0,0,0,0,0,0,0,1,0,0,0,0,0,0,1,0,0,0,0,0,2,0,0,1,1,0,0,0,0,0,0,1,0,0,1,0,1,0,0,0,0,0,0,0,0,0,0,1,0,1,2,0,1,1,14,2.8,2,0,2,1,0,12,2.4,19dbddedf07994e2, outer,2128,9,1490534110.0, no, outer,3,8, 30s, 4, yes, 4, 4, 4, 5, 3, 3, yes
game61405aebec35132d.log,9,1,0,0,0,0,0,0,0,0,0,0,0,0,0,0,0,0,1,1,1,0,1,0,0,0,0,0,0,1,0,1,0,0,0,0,0,2,1,0,0,0,0,0,0,0,0,0,0,0,0,1,1,1,1,1,15,3.0,1,2,1,1,0,12,2.4,90c7b3288d046c3a, full,142,7,1492733623.0, no, outer,1,5, 20s, 3, no, 1, 1, 1, 3, 3, 4, yes
game6140f3e0887871f6.log,21,0,1,0,0,0,1,0,0,0,0,0,0,0,0,0,0,0,0,0,0,1,1,0,1,0,0,0,0,0,0,0,1,0,0,0,1,1,0,0,0,1,0,0,0,0,1,0,0,0,0,2,2,0,1,0,10,2.0,3,2,0,0,0,7,1.4,ca0922b34e670338, outer,6636,6,1491877370.0, no, outer,1,13, 40s, 4, yes, 3, 4, 2, 3, 3, 3, yes
game6166a5837d1156cc.log,19,0,1,0,0,0,0,0,0,1,0,0,0,0,1,1,0,0,0,0,0,1,0,0,0,0,3,0,0,1,0,0,0,0,0,0,0,0,1,0,0,0,0,0,0,0,0,0,0,0,0,1,1,0,2,1,16,3.2,3,0,1,1,0,10,2.0,ca0922b34e670338, full,9677,19,1492713309.0, no, outer,1,13, 40s, 4, yes, 3, 4, 2, 3, 3, 3, yes
game6166dca3d490f0a4.log,7,0,0,1,0,0,0,0,0,0,0,1,0,1,0,0,1,0,0,0,0,1,0,0,0,0,0,0,0,0,0,2,0,0,0,1,0,0,0,0,0,0,1,0,0,0,0,0,1,0,0,3,0,2,0,0,9,1.8,2,1,1,0,1,12,2.4,4dacd064a3248f0e, full,6091,8,1490324530.0, no, full,5,18, , , , , , , , , , yes
game6169c297ca746270.log,6,0,0,0,1,0,1,1,1,0,0,0,0,0,0,0,0,0,0,0,0,0,0,1,0,0,0,1,0,0,0,0,1,0,0,1,0,1,0,0,0,0,0,1,0,0,0,0,0,0,0,1,1,2,1,0,13,2.6,0,3,1,0,1,14,2.8,19dbddedf07994e2, outer,2234,2,1489921212.0, no, outer,3,8, 30s, 4, yes, 4, 4, 4, 5, 3, 3, yes
game619901358398f958.log,17,0,0,0,0,0,0,0,0,0,0,1,0,0,0,0,1,0,1,0,0,1,0,0,0,1,0,1,0,0,0,0,0,0,1,0,0,0,0,2,0,0,0,0,0,0,0,1,0,0,0,3,0,1,0,1,11,2.2,0,2,0,3,0,16,3.2,80b582ddeb40b2ce, outer,4006,5,1490324007.0, no, intentional,1,18, 20s, 4, yes, 3, 4, 3, 2, 1, 1, yes
game61c55e0bf2ffbed3.log,9,0,0,0,1,0,1,0,0,0,0,1,0,0,0,0,0,0,0,2,0,0,0,0,0,0,0,0,0,0,0,1,1,1,1,0,1,0,0,0,0,0,0,0,0,0,0,0,0,0,0,2,0,0,3,0,14,2.8,2,1,1,1,0,11,2.2,ca0922b34e670338, outer,841,2,1491845566.0, no, outer,1,13, 40s, 4, yes, 3, 4, 2, 3, 3, 3, yes
game6202001aa48424bf.log,5,0,1,0,0,0,0,0,0,0,0,1,0,0,0,0,1,0,0,0,0,0,2,0,0,0,1,0,0,0,0,0,0,0,0,0,0,0,1,0,0,0,0,0,1,0,0,0,0,2,0,2,3,0,0,0,8,1.6,1,0,1,3,0,16,3.2,ca0922b34e670338, intentional,2528,16,1491875421.0, no, outer,1,13, 40s, 4, yes, 3, 4, 2, 3, 3, 3, yes
game621de0ab27d802f2.log,20,1,0,0,0,0,0,0,0,1,0,1,0,1,0,1,0,0,0,0,0,0,0,0,0,0,0,0,0,0,0,2,0,0,1,0,0,1,0,0,0,0,1,0,0,0,0,0,0,0,0,2,0,1,1,1,14,2.8,2,2,0,1,0,10,2.0,19dbddedf07994e2, outer,8035,5,1489828172.0, no, outer,3,8, 30s, 4, yes, 4, 4, 4, 5, 3, 3, yes
game6224617f6d3817c4.log,13,1,0,1,0,0,0,0,0,0,0,1,0,0,1,0,1,0,0,0,0,0,0,0,0,0,0,0,0,0,0,0,0,0,0,0,0,0,2,0,0,0,0,1,1,0,0,0,0,1,0,3,0,1,1,0,10,2.0,0,0,3,2,0,17,3.4,19dbddedf07994e2, intentional,2536,14,1490732794.0, no, outer,3,8, 30s, 4, yes, 4, 4, 4, 5, 3, 3, yes
game626451c79e20ac30.log,5,2,1,0,0,1,0,0,0,0,0,0,0,0,0,0,0,0,1,0,0,0,0,0,0,0,0,0,0,0,0,0,0,1,2,0,0,0,1,0,0,0,0,0,0,0,0,0,0,1,0,2,1,1,0,1,12,2.4,0,0,2,3,0,18,3.6,ca0922b34e670338, outer,3815,4,1492710018.0, no, outer,1,13, 40s, 4, yes, 3, 4, 2, 3, 3, 3, yes
game626512c17d955cf9.log,20,0,0,0,0,0,1,0,1,0,0,1,0,1,0,0,0,0,0,0,0,0,0,1,0,0,0,0,2,0,0,0,1,0,0,0,0,0,0,0,0,1,0,1,0,0,0,0,0,0,0,2,0,3,0,0,11,2.2,1,1,3,0,0,12,2.4,06f86707644f3a56, intentional,5,17,1490400613.0, yes, intentional,5,17, 20s, 4, yes, 2, 4, 1, 4, 3, 2, yes
game629371bc1f4a6020.log,7,0,1,1,0,0,0,1,0,0,0,0,0,0,0,0,1,0,0,0,0,1,0,0,0,0,0,0,1,0,0,0,0,0,1,0,0,0,1,0,0,0,0,0,0,1,0,1,0,0,0,2,2,1,0,0,9,1.8,0,1,2,1,1,17,3.4,ca0922b34e670338, intentional,1312,13,1492562868.0, no, outer,1,13, 40s, 4, yes, 3, 4, 2, 3, 3, 3, yes
game629c0ebac6016f28.log,15,0,0,0,0,0,0,0,0,1,0,0,0,1,0,1,1,1,0,0,0,0,0,0,0,0,1,0,1,1,0,0,0,0,0,0,0,0,0,0,0,0,0,1,0,0,0,1,0,0,0,1,1,1,1,1,15,3.0,1,1,2,1,0,13,2.6,19dbddedf07994e2, full,1304,4,1489828522.0, no, outer,3,8, 30s, 4, yes, 4, 4, 4, 5, 3, 3, yes
game62e14aa532d9499e.log,18,0,1,0,0,1,0,0,0,0,0,0,1,0,0,0,1,0,1,0,0,0,0,0,0,0,2,0,0,0,0,1,0,0,0,0,0,0,0,0,0,0,0,0,0,0,1,1,0,0,0,1,2,1,0,1,13,2.6,4,1,0,0,0,6,1.2,2e6f0ef07649dff2, outer,1,13,1490337398.0, yes, outer,1,13, 20s, 4, yes, 3, 4, 2, 3, 2, 1, yes
game632c2cb723aa191b.log,3,0,0,0,0,0,1,0,0,0,1,0,0,0,1,0,0,0,0,1,0,0,0,0,1,0,0,1,2,0,0,0,0,0,1,0,0,0,0,0,0,0,0,0,0,0,1,0,0,0,0,1,0,0,3,1,18,3.6,1,1,2,1,0,13,2.6,19dbddedf07994e2, intentional,9925,11,1490291164.0, no, outer,3,8, 30s, 4, yes, 4, 4, 4, 5, 3, 3, yes
game632e2753c8844762.log,18,0,0,0,0,0,1,0,1,0,0,1,0,0,0,0,0,0,0,1,0,0,0,0,0,1,0,0,0,0,0,0,0,1,0,0,0,0,0,0,0,0,0,0,0,1,0,1,0,2,0,2,0,1,1,1,14,2.8,0,1,1,2,1,18,3.6,19dbddedf07994e2, intentional,7966,16,1490135128.0, no, outer,3,8, 30s, 4, yes, 4, 4, 4, 5, 3, 3, yes
game634a1d46f6a2f698.log,16,0,0,0,0,1,0,0,0,1,0,1,0,1,0,0,0,0,0,0,0,1,0,0,0,0,1,0,0,0,0,0,1,0,0,0,1,0,0,0,0,2,0,0,0,0,0,0,0,0,0,2,0,1,1,1,14,2.8,4,1,0,0,0,6,1.2,609a6b966c25b4d1, intentional,9320,20,1489699838.0, no, intentional,3,18, 30s, 4, no, 4, 4, 4, 3, 3, 3, yes
game634e89276e17f309.log,15,1,0,0,1,0,0,0,0,0,0,0,0,1,1,0,1,0,0,0,0,0,0,0,0,0,0,0,1,0,0,0,1,0,0,0,1,0,0,0,0,0,0,1,1,0,0,0,0,0,0,2,0,1,2,0,13,2.6,1,1,2,1,0,13,2.6,7b2ffac3269afaa0, outer,4,9,1490919922.0, yes, outer,4,9, 50s, 3, yes, 3, 4, 1, 3, 2, 4, yes
game63509a108f668770.log,21,0,0,0,1,0,1,0,1,0,0,0,0,0,0,0,0,0,1,0,0,0,0,0,1,0,0,0,0,0,0,0,1,0,1,0,0,0,0,0,0,0,2,0,0,0,1,0,0,0,0,1,0,2,2,0,15,3.0,1,3,0,1,0,11,2.2,e3f99bfa4535678e, intentional,189,11,1490338260.0, no, outer,5,4, 20s, 4, yes, 2, 4, 1, 2, 2, 3, yes
game6370903253bfe140.log,15,1,0,0,0,0,1,0,0,0,0,0,0,0,0,0,1,0,0,1,0,0,0,0,1,0,1,0,0,0,0,0,0,0,0,0,1,0,0,0,0,0,1,1,0,0,1,0,0,0,0,3,0,0,2,0,11,2.2,3,1,1,0,0,8,1.6,80b582ddeb40b2ce, full,6244,21,1490322536.0, no, intentional,1,18, 20s, 4, yes, 3, 4, 3, 2, 1, 1, yes
game638ebbd2cf83cf94.log,12,1,0,0,1,0,0,0,0,0,1,1,0,0,0,0,0,0,0,0,0,1,0,0,0,0,0,0,0,0,0,1,0,1,1,0,0,1,0,0,1,0,0,0,0,0,0,0,0,0,0,3,0,0,1,1,12,2.4,1,1,1,1,1,15,3.0,0313454f0e513527, intentional,7276,19,1490325154.0, no, outer,2,7, , , , , , , 3, 2, 4, yes
game6397e0785a738ae5.log,8,1,0,0,0,0,0,0,0,0,0,1,0,1,0,0,0,0,0,1,0,1,0,0,0,0,0,0,1,0,0,0,0,0,0,0,0,1,0,0,0,0,0,0,1,1,0,0,1,0,0,3,0,1,1,0,10,2.0,0,1,2,1,1,17,3.4,368dcb012acd2bd4, outer,2,4,1490329464.0, yes, outer,2,4, 20s, 4, yes, 3, 4, 2, 2, 1, 1, yes
game63b627679a01f778.log,17,0,0,0,0,0,0,0,0,1,1,1,0,0,1,0,0,0,1,0,0,0,0,0,0,0,1,0,0,0,0,0,0,0,0,0,1,0,0,0,1,0,1,1,0,0,0,0,0,0,0,1,0,1,2,1,17,3.4,2,1,1,0,1,12,2.4,19dbddedf07994e2, intentional,3297,17,1490133210.0, no, outer,3,8, 30s, 4, yes, 4, 4, 4, 5, 3, 3, yes
game63d5af80ee75f925.log,6,0,0,0,0,0,0,0,0,1,1,1,0,1,0,0,0,0,0,0,0,0,0,0,1,0,0,0,0,0,1,0,0,1,1,0,0,0,1,0,0,0,0,0,0,0,0,0,1,0,0,1,0,1,2,1,17,3.4,0,0,3,1,1,18,3.6,4884f857be239a22, outer,3425,7,1489701559.0, no, full,1,18, 20s, 1, no, 1, , 1, 3, 4, 5, yes
game64100bd025a86e6d.log,3,0,0,0,0,0,0,0,0,0,0,1,1,0,1,0,0,0,1,0,0,1,0,0,0,0,0,0,0,1,1,1,0,0,0,0,0,0,1,0,0,0,0,0,0,0,0,0,0,1,0,2,1,1,1,0,11,2.2,1,0,1,2,1,17,3.4,83f14b7437375831, full,5186,21,1490041811.0, no, intentional,2,18, 20s, 4, yes, 3, 3, 1, 3, 3, 2, yes
game6431b75e2b0a8a13.log,9,0,0,0,1,0,0,0,0,0,0,1,0,0,2,0,0,0,0,1,0,0,0,0,0,0,0,1,0,0,0,0,1,1,0,0,0,0,0,0,0,0,0,0,0,0,1,0,0,1,0,1,0,0,4,0,17,3.4,1,2,1,1,0,12,2.4,614a406f6ac4d07d, full,2262,21,1490300001.0, no, outer,4,10, 20s, 4, yes, 4, 4, 4, 2, 1, 1, yes
game64641f4b067d341a.log,17,0,0,0,0,0,0,0,0,0,0,0,0,1,0,0,1,0,0,1,0,1,0,0,0,1,0,0,0,1,0,0,1,0,0,0,1,0,0,0,0,0,0,0,0,0,0,0,1,1,0,2,0,1,1,1,14,2.8,1,1,1,2,0,14,2.8,ca0922b34e670338, full,6408,12,1491909870.0, no, outer,1,13, 40s, 4, yes, 3, 4, 2, 3, 3, 3, yes
game646d5f935b7e9e69.log,6,0,0,0,1,1,1,0,1,0,0,0,1,0,0,0,0,0,0,0,0,0,0,0,0,0,0,0,1,0,0,0,0,0,0,0,1,1,0,1,0,0,0,0,0,0,0,0,0,1,0,1,1,1,1,1,15,3.0,1,1,1,2,0,14,2.8,19dbddedf07994e2, intentional,8578,7,1490134875.0, no, outer,3,8, 30s, 4, yes, 4, 4, 4, 5, 3, 3, yes
game64799b70ecc458c2.log,13,0,1,1,0,0,2,0,0,0,0,0,0,0,0,0,0,0,0,0,0,0,1,0,0,0,0,0,0,1,0,0,1,0,0,0,1,0,0,0,0,0,0,0,0,0,0,0,1,1,0,2,2,1,0,0,9,1.8,1,1,1,2,0,14,2.8,33ba844cbb15fecd, full,7089,3,1493052749.0, no, full,3,5, 20s, 3, no, 1, 1, 1, 4, 3, 4, yes
game648f2a60da68b98b.log,9,0,0,0,0,0,0,0,0,0,0,0,1,0,0,0,0,1,0,1,0,1,0,1,0,0,0,0,0,0,0,1,0,1,0,0,0,1,0,0,0,1,0,0,0,0,0,1,0,0,0,1,2,1,1,0,12,2.4,2,2,1,0,0,9,1.8,ca0922b34e670338, full,811,12,1492593524.0, no, outer,1,13, 40s, 4, yes, 3, 4, 2, 3, 3, 3, yes
game64b2358e8414b24c.log,6,0,0,0,0,1,1,0,0,0,0,1,0,1,0,0,0,0,0,0,0,0,0,0,1,0,1,0,0,0,0,0,0,0,0,0,0,1,1,0,0,0,1,0,0,0,1,0,0,0,0,2,0,1,1,1,14,2.8,2,2,1,0,0,9,1.8,e3f99bfa4535678e, intentional,1184,17,1490343069.0, no, outer,5,4, 20s, 4, yes, 2, 4, 1, 2, 2, 3, yes
game64b325f52e4b144f.log,13,0,1,0,0,0,0,0,0,0,1,0,1,1,0,0,0,0,0,0,0,0,0,0,1,0,0,0,0,1,0,2,0,1,0,0,0,0,0,0,0,0,0,0,1,0,0,0,0,0,0,0,2,1,1,1,16,3.2,2,0,1,2,0,13,2.6,ca0922b34e670338, intentional,7585,13,1492726506.0, no, outer,1,13, 40s, 4, yes, 3, 4, 2, 3, 3, 3, yes
game64bfc912ac01d095.log,5,0,0,1,1,0,0,0,0,0,0,1,1,0,0,0,0,0,0,0,0,0,0,0,1,0,0,0,0,1,0,0,0,0,0,0,0,0,0,0,0,0,1,0,0,0,0,1,2,0,0,1,1,1,2,0,14,2.8,0,2,2,1,0,14,2.8,19dbddedf07994e2, intentional,2293,21,1489707343.0, no, outer,3,8, 30s, 4, yes, 4, 4, 4, 5, 3, 3, yes
game65107a83ed5b30b0.log,5,1,0,0,0,0,2,0,0,0,0,0,1,0,0,1,0,0,0,0,0,0,0,0,0,0,0,0,1,0,0,0,0,0,0,0,0,0,0,0,0,1,0,0,1,0,0,0,1,0,1,3,1,0,0,1,10,2.0,1,0,2,1,1,16,3.2,19dbddedf07994e2, full,9210,8,1489795344.0, no, outer,3,8, 30s, 4, yes, 4, 4, 4, 5, 3, 3, yes
game651bf6f48b3adccf.log,7,1,0,1,1,0,0,0,0,1,0,0,0,0,0,0,0,0,0,0,0,1,0,0,0,0,0,0,0,0,0,1,1,0,1,0,0,0,0,1,0,1,0,0,0,0,0,0,0,0,0,2,0,1,2,0,13,2.6,2,1,0,2,0,12,2.4,19dbddedf07994e2, outer,1,16,1490310862.0, no, outer,3,8, 30s, 4, yes, 4, 4, 4, 5, 3, 3, yes
game654c51b69a9f1ea8.log,7,0,0,0,0,0,1,1,0,0,0,0,0,1,0,0,0,0,0,0,0,1,1,0,0,0,0,0,0,1,0,0,0,0,0,0,0,0,0,0,0,0,1,1,0,0,1,0,1,0,0,2,2,1,0,0,9,1.8,1,1,2,1,0,13,2.6,7007a1f9c84cefe6, outer,3,11,1490310473.0, yes, outer,3,11, 40s, 4, yes, 3, 4, 1, 3, 2, 2, yes
game657fb88950eb3e13.log,17,0,1,0,0,0,0,0,0,0,0,0,0,0,1,1,0,0,0,0,0,1,0,1,0,0,0,0,1,0,0,1,0,0,0,1,1,0,0,0,0,0,0,0,1,0,0,0,0,0,0,1,1,1,1,1,15,3.0,2,0,1,1,1,14,2.8,6ccededecee01838, full,4030,7,1490076090.0, no, intentional,2,18, , , , , , , , , , yes
game65940a80f294833e.log,4,0,1,0,0,0,2,1,0,0,0,0,0,0,0,0,0,0,0,0,0,0,1,0,0,0,1,1,0,0,0,0,0,1,0,1,0,0,1,0,0,0,0,0,0,0,0,0,0,0,0,2,3,0,0,0,8,1.6,1,1,2,0,1,14,2.8,19dbddedf07994e2, full,121,19,1490134260.0, no, outer,3,8, 30s, 4, yes, 4, 4, 4, 5, 3, 3, yes
game65dadc69437cc18f.log,17,1,0,0,0,0,0,1,0,0,0,1,0,0,0,0,0,0,0,1,0,1,0,0,0,0,1,2,0,0,0,0,0,0,0,0,1,0,0,0,0,0,0,1,0,0,0,0,0,0,0,3,1,0,1,0,9,1.8,2,2,1,0,0,9,1.8,ca0922b34e670338, full,992,18,1492584852.0, no, outer,1,13, 40s, 4, yes, 3, 4, 2, 3, 3, 3, yes
game660745d0d53b33b2.log,3,0,0,0,1,0,0,0,1,0,0,0,0,0,0,0,1,1,0,0,0,1,0,0,0,0,0,0,0,0,0,0,0,0,0,0,1,0,0,0,0,0,0,0,0,1,0,1,1,1,0,2,1,1,1,0,11,2.2,1,1,1,1,1,15,3.0,ca0922b34e670338, outer,4829,13,1491905299.0, no, outer,1,13, 40s, 4, yes, 3, 4, 2, 3, 3, 3, yes
game660bbd8e11930ebf.log,7,1,0,0,1,0,0,0,0,0,0,2,0,0,0,0,0,0,0,0,0,0,0,0,1,0,1,0,0,0,1,0,0,0,0,0,0,0,0,1,0,0,0,0,1,0,0,0,1,0,0,3,0,0,2,0,11,2.2,1,0,1,2,1,17,3.4,19dbddedf07994e2, outer,9517,2,1489739811.0, no, outer,3,8, 30s, 4, yes, 4, 4, 4, 5, 3, 3, yes
game662c88ba0ac7320a.log,13,1,1,0,0,0,2,0,0,0,0,0,0,0,0,0,0,1,0,0,0,0,0,0,0,0,1,0,0,0,1,0,0,0,0,0,0,0,0,0,0,1,1,0,0,0,0,0,0,0,1,3,2,0,0,0,7,1.4,2,1,0,0,2,14,2.8,ca0922b34e670338, outer,2243,5,1492559626.0, no, outer,1,13, 40s, 4, yes, 3, 4, 2, 3, 3, 3, yes
game6660b34bf796b3ee.log,14,0,0,0,0,0,0,0,0,0,0,1,0,0,0,0,0,1,0,0,0,1,0,0,1,1,0,0,0,0,0,3,1,1,0,0,0,0,0,0,0,0,0,0,0,0,0,0,0,0,0,2,1,0,1,1,13,2.6,3,1,1,0,0,8,1.6,ca0922b34e670338, full,7542,19,1491798926.0, no, outer,1,13, 40s, 4, yes, 3, 4, 2, 3, 3, 3, yes
game667e01a6c1fd78f1.log,20,0,0,0,0,0,0,0,1,0,0,0,0,1,0,0,2,0,0,0,0,0,0,1,0,0,0,1,0,1,0,0,0,0,1,0,1,0,0,0,0,0,0,0,0,0,0,0,0,1,0,2,0,3,0,0,11,2.2,1,1,0,3,0,15,3.0,ca0922b34e670338, outer,2763,6,1491940133.0, no, outer,1,13, 40s, 4, yes, 3, 4, 2, 3, 3, 3, yes
game66fbe74e4b4677ea.log,7,1,0,0,0,0,0,0,0,0,0,0,0,0,1,0,0,0,0,0,1,0,0,0,2,0,0,0,1,2,0,0,0,0,1,0,0,0,0,0,0,0,0,0,1,0,0,0,0,0,0,1,0,0,3,1,18,3.6,0,0,1,4,0,19,3.8,ca0922b34e670338, outer,9087,18,1492728051.0, no, outer,1,13, 40s, 4, yes, 3, 4, 2, 3, 3, 3, yes
game673e80ca26171be0.log,17,0,0,1,0,0,0,1,0,0,0,1,0,0,1,0,0,0,0,0,0,1,0,0,0,0,1,0,0,1,0,0,0,1,0,0,0,0,0,0,0,1,0,0,0,0,0,1,0,0,0,2,1,1,1,0,11,2.2,2,1,1,1,0,11,2.2,ca0922b34e670338, full,6453,2,1491842291.0, no, outer,1,13, 40s, 4, yes, 3, 4, 2, 3, 3, 3, yes
game67758e7b3663cfbd.log,8,0,0,0,0,0,1,0,0,1,0,0,0,0,1,1,0,0,0,1,0,0,0,0,0,0,0,0,0,1,0,0,0,0,0,1,0,0,0,1,0,1,0,0,0,0,0,1,0,0,0,1,0,0,3,1,18,3.6,1,1,0,2,1,16,3.2,ca0922b34e670338, full,32,18,1491844267.0, no, outer,1,13, 40s, 4, yes, 3, 4, 2, 3, 3, 3, yes
game67c83b187fd90aa6.log,15,0,1,0,0,0,1,0,0,0,0,0,0,0,0,0,0,1,0,0,0,0,0,0,1,1,0,0,0,0,0,0,0,0,0,1,0,0,0,1,0,0,0,1,0,0,0,0,1,1,0,1,2,0,1,1,14,2.8,0,0,2,2,1,19,3.8,ca0922b34e670338, full,1971,10,1491842451.0, no, outer,1,13, 40s, 4, yes, 3, 4, 2, 3, 3, 3, yes
game67db6032a69f6331.log,18,0,0,0,0,0,0,0,0,0,1,0,0,0,0,0,1,0,0,1,0,1,0,0,0,1,0,0,0,1,0,0,1,0,0,0,1,0,1,0,0,0,0,1,0,0,0,0,0,0,0,2,0,0,1,2,16,3.2,1,1,2,1,0,13,2.6,e55525e0b2004294, full,2315,19,1490339090.0, no, intentional,5,19, 20s, 4, yes, 4, 4, 4, 3, 3, 3, yes
game681c593193c2b4c2.log,22,1,0,1,0,1,0,0,0,0,0,0,0,0,0,0,1,0,0,0,0,1,0,0,0,0,0,0,0,0,0,2,1,0,0,0,1,0,0,0,0,0,0,0,0,0,1,0,0,0,0,3,0,1,0,1,11,2.2,4,1,0,0,0,6,1.2,19dbddedf07994e2, intentional,3878,2,1489963858.0, no, outer,3,8, 30s, 4, yes, 4, 4, 4, 5, 3, 3, yes
game681e90c758837ad6.log,19,1,0,0,0,0,0,1,0,0,0,0,0,0,0,0,0,0,0,0,0,1,1,0,0,1,0,0,1,0,0,1,0,0,0,0,0,0,1,0,1,1,0,0,0,0,0,0,0,0,0,2,2,0,0,1,11,2.2,2,0,2,0,1,13,2.6,19dbddedf07994e2, full,9585,7,1490135191.0, no, outer,3,8, 30s, 4, yes, 4, 4, 4, 5, 3, 3, yes
game68435d13284713f5.log,10,2,0,0,1,0,0,0,0,0,0,1,0,0,0,0,0,1,0,0,0,0,0,0,0,0,0,0,0,0,1,2,0,0,0,0,0,1,0,0,0,1,0,0,0,0,0,0,0,0,0,3,1,0,1,0,9,1.8,3,1,0,0,1,10,2.0,19dbddedf07994e2, full,7253,16,1489829248.0, no, outer,3,8, 30s, 4, yes, 4, 4, 4, 5, 3, 3, yes
game6856f0f7ba7fb8dd.log,19,1,0,0,1,0,0,0,0,1,0,1,0,0,0,0,0,0,0,0,0,0,1,0,0,0,0,0,0,1,0,0,0,0,0,0,0,0,0,0,0,1,0,1,0,0,2,0,0,0,0,2,1,0,2,0,12,2.4,3,0,1,1,0,10,2.0,90c7b3288d046c3a, outer,5337,15,1492733377.0, no, outer,1,5, 20s, 3, no, 1, 1, 1, 3, 3, 4, yes
game685c2a023b014cc1.log,18,1,1,1,0,1,0,0,0,0,0,1,0,0,0,0,0,0,0,0,0,0,0,0,0,0,0,0,0,1,0,1,0,0,0,0,0,0,1,0,0,0,0,0,1,1,0,0,0,0,0,2,1,1,0,1,12,2.4,1,0,1,2,1,17,3.4,7a3c06db23768808, full,1343,8,1491250269.0, no, full,4,12, 50s, 3, yes, 3, 4, 1, 3, 2, 3, yes
game687ef6549127b600.log,14,0,1,0,0,0,0,0,0,0,0,0,0,1,1,0,1,0,0,1,0,0,0,0,0,0,0,0,0,1,0,0,0,0,1,0,2,1,0,0,0,0,0,0,0,0,0,0,0,0,0,1,1,1,2,0,14,2.8,2,1,0,2,0,12,2.4,33ba844cbb15fecd, full,3,5,1493050752.0, yes, full,3,5, 20s, 3, no, 1, 1, 1, 4, 3, 4, yes
game68842a0f5dfef30a.log,6,0,1,0,0,0,0,0,0,1,0,0,0,0,1,1,0,0,0,0,0,1,0,0,0,0,3,0,0,1,0,0,0,0,0,0,0,0,1,0,0,0,0,0,0,0,0,0,0,0,0,1,1,0,2,1,16,3.2,3,0,1,1,0,10,2.0,6ccededecee01838, full,8641,17,1490075853.0, no, intentional,2,18, , , , , , , , , , yes
game68b0ef54906990d0.log,15,1,0,0,0,0,0,0,0,0,0,0,0,1,0,0,0,1,0,0,1,0,0,0,1,0,0,0,0,1,0,0,0,1,0,0,1,0,0,0,0,1,0,0,0,0,0,0,0,1,0,1,1,1,1,1,15,3.0,2,0,1,2,0,13,2.6,ca0922b34e670338, full,6819,9,1491787275.0, no, outer,1,13, 40s, 4, yes, 3, 4, 2, 3, 3, 3, yes
game6903d508c3e5a4bd.log,16,0,0,1,0,0,2,0,0,0,0,2,0,0,0,0,0,0,0,0,0,0,0,0,0,0,0,1,0,1,0,0,2,0,0,0,0,1,0,0,0,0,0,0,0,0,0,0,0,0,0,4,0,1,0,0,7,1.4,0,4,0,1,0,12,2.4,714d7c8007d03d69, outer,4,5,1490055802.0, yes, outer,4,5, 30s, 4, yes, 4, 4, 4, 4, 1, 1, yes
game69ae3afd4a9bdb03.log,20,0,0,0,0,0,0,0,0,0,0,1,0,1,0,0,0,0,0,1,0,0,1,1,0,0,0,0,1,0,0,0,0,0,1,0,1,0,1,0,0,0,0,0,0,0,0,1,0,0,0,1,1,2,1,0,13,2.6,1,1,2,1,0,13,2.6,941511d8e1f0a1ac, outer,1,13,1490329912.0, yes, outer,1,13, 20s, 4, yes, 4, 4, 3, 2, 2, 1, yes
game69f431c4977e24f1.log,12,0,0,0,0,1,0,0,1,0,1,0,0,0,0,0,1,0,0,0,1,0,0,0,0,0,1,0,0,0,0,0,1,1,0,0,1,0,0,1,0,0,0,0,0,0,0,0,0,0,0,1,0,1,0,3,19,3.8,2,1,1,1,0,11,2.2,90c7b3288d046c3a, full,9029,10,1492729872.0, no, outer,1,5, 20s, 3, no, 1, 1, 1, 3, 3, 4, yes
game6a02ea36a418f901.log,20,0,0,0,0,0,1,0,0,1,0,1,0,0,0,0,0,1,0,0,0,1,0,0,0,0,0,0,0,0,0,0,0,0,0,0,0,0,0,1,0,1,0,1,0,0,1,1,0,0,0,3,1,0,1,0,9,1.8,2,1,1,1,0,11,2.2,ca0922b34e670338, full,7144,19,1491939959.0, no, outer,1,13, 40s, 4, yes, 3, 4, 2, 3, 3, 3, yes
game6a1ccefd57e24f76.log,14,1,0,0,1,0,0,0,1,0,0,0,0,0,0,0,0,0,0,0,1,0,0,1,0,0,0,0,0,0,0,0,2,0,0,0,2,0,0,0,0,0,1,0,0,0,0,0,0,0,0,1,0,2,1,1,16,3.2,2,3,0,0,0,8,1.6,19dbddedf07994e2, intentional,3609,17,1490726195.0, no, outer,3,8, 30s, 4, yes, 4, 4, 4, 5, 3, 3, yes
game6a217073309e9e97.log,13,0,0,0,0,0,0,0,0,1,0,1,0,0,0,1,0,1,0,0,0,1,0,0,0,0,0,0,1,1,0,0,0,0,0,0,0,0,0,0,0,0,1,0,0,1,0,1,0,0,0,2,1,0,1,1,13,2.6,0,2,1,1,1,16,3.2,b0241aa48c88bd1b, outer,9819,4,1490431324.0, no, full,3,11, 20s, 4, yes, 3, 3, 3, 3, 1, 1, yes
game6a2bc7343e8e6eb5.log,8,0,0,0,0,0,1,0,0,0,0,0,1,0,0,1,0,0,1,0,0,1,0,0,0,0,0,0,0,0,0,0,0,1,0,0,0,0,0,0,0,0,1,0,0,1,1,0,0,0,1,2,1,1,0,1,12,2.4,1,1,1,0,2,16,3.2,ca0922b34e670338, full,9368,15,1491796439.0, no, outer,1,13, 40s, 4, yes, 3, 4, 2, 3, 3, 3, yes
game6a7d888698098eae.log,6,0,0,0,0,0,0,0,0,1,0,0,1,1,1,0,0,0,0,0,0,0,0,1,0,0,1,0,0,0,0,1,0,0,0,0,0,0,0,0,0,1,0,0,1,0,0,0,0,1,0,0,1,2,2,0,16,3.2,3,0,0,2,0,11,2.2,2119fe68a204e42a, intentional,2074,12,1490310512.0, no, outer,2,4, 20s, 4, yes, 4, 4, 4, 3, 2, 4, yes
game6a8e68250ac03dc2.log,16,1,0,0,0,0,0,0,0,0,0,0,0,0,0,0,0,0,1,0,0,0,1,1,0,1,0,0,0,0,0,0,0,0,0,0,0,1,0,0,0,2,0,0,2,0,0,0,0,0,0,1,1,2,0,1,14,2.8,2,1,0,2,0,12,2.4,19dbddedf07994e2, full,7162,12,1490722793.0, no, outer,3,8, 30s, 4, yes, 4, 4, 4, 5, 3, 3, yes
game6ac6378e40353738.log,16,0,0,0,0,0,0,0,0,1,0,0,0,0,1,0,0,0,0,0,0,2,0,0,1,0,0,0,0,0,0,0,1,1,0,0,1,0,0,0,0,0,0,1,0,0,0,0,1,0,0,2,0,0,3,0,14,2.8,1,1,3,0,0,12,2.4,ca0922b34e670338, intentional,452,12,1491945240.0, no, outer,1,13, 40s, 4, yes, 3, 4, 2, 3, 3, 3, yes
game6ae57a7396bbbce4.log,9,1,0,0,0,1,0,0,0,0,0,0,0,0,1,0,0,0,0,0,0,1,0,0,1,0,0,0,0,0,0,0,1,1,0,0,0,1,0,0,0,1,0,0,0,0,1,0,0,0,0,2,0,0,2,1,15,3.0,2,2,1,0,0,9,1.8,b0241aa48c88bd1b, full,127,17,1490430530.0, no, full,3,11, 20s, 4, yes, 3, 3, 3, 3, 1, 1, yes
game6ae919c67a8d8ef2.log,15,1,0,1,0,0,1,1,0,0,0,0,0,0,0,0,0,0,0,0,0,1,0,0,0,0,0,1,1,0,1,0,0,0,0,0,0,0,0,1,0,0,1,0,0,0,0,0,0,0,0,3,1,1,0,0,8,1.6,0,2,1,1,1,16,3.2,ca0922b34e670338, outer,1782,12,1492708514.0, no, outer,1,13, 40s, 4, yes, 3, 4, 2, 3, 3, 3, yes
game6b0f74e40f4bca62.log,9,1,1,0,0,0,1,0,0,0,0,0,1,0,0,0,0,0,0,0,0,0,1,0,0,0,1,0,0,0,0,0,0,0,0,0,0,0,0,0,0,2,0,0,0,0,1,0,1,0,0,2,3,0,0,0,8,1.6,4,0,1,0,0,7,1.4,a6e782556623dbce, full,1,15,1490303055.0, yes, full,1,15, 20s, 4, yes, 4, 4, 1, 3, 3, 3, yes
game6b123d3361c9cc56.log,17,1,0,0,0,0,0,0,1,0,0,0,0,0,0,0,1,0,0,0,0,1,1,0,0,0,0,0,0,0,0,0,1,0,0,0,1,0,1,0,0,0,1,0,0,0,0,0,0,1,0,3,1,1,0,0,8,1.6,1,2,1,1,0,12,2.4,ca0922b34e670338, full,5322,16,1491943651.0, no, outer,1,13, 40s, 4, yes, 3, 4, 2, 3, 3, 3, yes
game6b4b69d9c882d7cc.log,11,0,0,0,1,1,0,0,0,0,0,0,0,0,1,0,1,0,0,0,0,0,1,0,0,0,0,1,0,0,0,0,1,0,0,0,0,0,2,0,0,0,0,1,0,0,0,0,0,0,0,1,1,0,2,1,16,3.2,0,2,3,0,0,13,2.6,ea31d3dfe650517d, intentional,3390,16,1490662930.0, no, outer,4,10, 30s, 4, yes, 3, 4, 1, 3, 3, 4, yes
game6bbb3cfe925e904f.log,11,0,0,0,0,0,1,0,0,0,0,0,1,0,0,0,1,1,0,0,0,0,0,0,1,0,0,0,0,0,0,0,0,0,0,0,2,0,0,0,0,1,0,0,0,1,0,1,0,0,0,2,2,0,1,0,10,2.0,3,1,0,0,1,10,2.0,a9dac7f44bb4198f, outer,4,8,1490322106.0, yes, outer,4,8, , , , , , , , , , yes
game6bfa848cb38ed643.log,6,0,0,0,0,0,0,0,1,0,0,0,1,0,1,0,0,0,0,0,0,1,0,1,0,0,0,1,0,0,0,0,0,0,0,1,2,0,1,0,0,0,0,0,0,0,0,0,0,0,0,1,1,2,1,0,13,2.6,2,1,1,0,1,12,2.4,e3f99bfa4535678e, intentional,5032,15,1490343813.0, no, outer,5,4, 20s, 4, yes, 2, 4, 1, 2, 2, 3, yes
game6c17c4847097cbe4.log,19,1,0,1,0,0,1,0,0,0,0,0,0,0,0,0,0,0,0,0,0,1,1,0,0,0,0,1,0,0,0,1,1,1,0,0,0,0,0,0,0,1,0,0,0,0,0,0,0,0,0,3,1,1,0,0,8,1.6,2,2,1,0,0,9,1.8,ca0922b34e670338, full,7327,5,1491843646.0, no, outer,1,13, 40s, 4, yes, 3, 4, 2, 3, 3, 3, yes
game6c49217b3e3682cf.log,17,0,0,0,1,0,0,0,1,0,0,0,0,0,0,0,1,1,0,1,0,0,0,0,0,0,1,0,0,0,0,1,0,0,0,0,0,1,0,0,0,0,0,0,0,0,0,1,0,1,0,1,1,1,2,0,14,2.8,2,2,0,1,0,10,2.0,11b4d243a5de3777, outer,3,3,1490334004.0, yes, outer,3,3, 20s, 4, yes, 3, 4, 3, 5, 1, 1, yes
game6c7369b41c88f4e2.log,2,0,0,1,0,0,0,0,0,0,1,0,0,1,0,0,0,0,0,0,0,1,0,1,0,0,0,0,0,0,0,1,0,0,0,0,2,0,0,1,0,0,0,0,1,0,0,0,0,0,0,1,0,3,0,1,15,3.0,3,0,0,2,0,11,2.2,19dbddedf07994e2, full,7432,9,1489740274.0, no, outer,3,8, 30s, 4, yes, 4, 4, 4, 5, 3, 3, yes
game6c91ead4609b24a4.log,14,0,0,0,0,0,1,0,0,0,1,1,1,0,0,0,0,0,0,0,0,0,0,0,1,0,0,0,0,1,0,0,0,1,0,0,0,0,0,0,0,1,0,1,0,0,0,0,0,1,0,2,1,0,1,1,13,2.6,1,0,2,2,0,15,3.0,2119fe68a204e42a, intentional,9667,12,1490306420.0, no, outer,2,4, 20s, 4, yes, 4, 4, 4, 3, 2, 4, yes
game6ccededecee01838.log,18,0,1,0,0,0,1,0,0,0,0,1,0,0,0,0,0,0,0,0,0,0,1,0,1,0,0,0,0,1,0,0,0,0,0,1,1,0,0,1,0,1,0,0,0,0,0,0,0,0,0,2,2,0,1,0,10,2.0,2,0,0,2,1,15,3.0,19dbddedf07994e2, outer,5287,6,1490532661.0, no, outer,3,8, 30s, 4, yes, 4, 4, 4, 5, 3, 3, yes
game6cd653f541903e42.log,5,0,0,0,1,0,0,0,0,0,0,0,0,0,1,0,1,0,0,1,0,0,0,0,0,1,0,0,0,1,0,0,0,1,0,0,0,0,0,0,1,1,0,0,0,0,0,0,1,0,0,1,0,0,3,1,18,3.6,1,0,2,1,1,16,3.2,19dbddedf07994e2, outer,9788,10,1489963913.0, no, outer,3,8, 30s, 4, yes, 4, 4, 4, 5, 3, 3, yes
game6cef5b1ac90ca9ad.log,8,1,1,0,0,0,0,0,0,0,0,1,0,0,0,0,0,1,0,0,0,1,0,0,0,0,0,0,0,0,0,2,0,0,0,0,0,1,0,0,1,0,0,0,0,0,0,0,0,1,0,3,2,0,0,0,7,1.4,2,1,0,1,1,13,2.6,90c7b3288d046c3a, intentional,2249,13,1492730610.0, no, outer,1,5, 20s, 3, no, 1, 1, 1, 3, 3, 4, yes
game6d32d04fd412a8d3.log,12,0,0,0,0,0,0,0,0,0,0,0,1,0,0,0,2,0,1,0,0,0,0,0,0,1,1,0,0,0,0,0,0,1,0,0,0,0,0,0,0,0,0,0,1,1,0,0,1,0,0,2,1,1,0,1,12,2.4,1,0,2,1,1,16,3.2,80b582ddeb40b2ce, full,7697,17,1490318416.0, no, intentional,1,18, 20s, 4, yes, 3, 4, 3, 2, 1, 1, yes
game6d3eaccc8970fe5a.log,15,0,0,1,0,0,0,0,0,0,0,0,1,0,0,0,1,1,1,0,0,0,0,0,0,0,0,0,0,0,0,1,0,0,0,0,2,0,0,0,0,0,0,0,0,0,2,0,0,0,0,1,2,2,0,0,11,2.2,5,0,0,0,0,5,1.0,da1b2cc86155f95b, full,7518,5,1490176914.0, no, intentional,4,16, 30s, 4, yes, 4, 3, 1, 4, 3, 2, yes
game6d419a50c0e97370.log,15,0,0,0,0,0,0,0,0,0,0,1,0,0,0,0,1,0,0,1,0,0,2,0,0,0,0,1,0,0,0,0,1,0,0,0,1,0,0,0,0,0,1,0,0,0,0,0,0,1,0,2,2,0,1,0,10,2.0,1,3,0,1,0,11,2.2,b28fc92090c60e93, outer,2,13,1492108668.0, yes, outer,2,13, 20s, 3, no, 1, 1, 1, 3, 3, 3, yes
game6d5e5228fdc4f479.log,19,0,0,0,0,1,0,1,1,0,0,0,1,0,0,0,0,0,0,0,0,1,0,0,0,0,0,0,0,0,0,1,0,0,0,0,0,0,0,0,0,0,0,1,1,1,0,1,0,0,0,1,2,1,0,1,13,2.6,1,1,1,1,1,15,3.0,5ff39a78deaa4e85, full,2,4,1490874967.0, yes, full,2,4, 30s, 4, yes, 3, 4, 2, 3, 2, 2, yes
game6d761928b4b02212.log,9,1,1,0,0,0,0,0,0,0,0,1,0,0,0,0,0,0,0,0,0,1,0,0,1,0,1,0,0,0,0,0,0,1,0,0,0,0,0,0,0,0,0,0,1,0,1,0,0,1,0,3,1,0,1,0,9,1.8,2,0,1,2,0,13,2.6,e3f99bfa4535678e, outer,9014,15,1490339777.0, no, outer,5,4, 20s, 4, yes, 2, 4, 1, 2, 2, 3, yes
game6d9dbdf708c59c13.log,19,0,0,0,1,0,0,0,1,0,0,0,1,0,0,0,1,0,0,0,0,1,0,0,0,0,0,1,0,0,0,0,0,0,0,0,1,1,0,1,0,0,0,0,0,1,0,0,0,0,0,2,1,1,1,0,11,2.2,1,2,0,1,1,14,2.8,ca0922b34e670338, full,532,20,1491905966.0, no, outer,1,13, 40s, 4, yes, 3, 4, 2, 3, 3, 3, yes
game6dada993dce4c4f5.log,22,1,0,0,0,0,0,1,0,0,0,0,0,0,0,0,0,0,1,0,0,1,0,0,0,1,0,0,0,0,0,0,0,0,0,1,0,0,0,1,0,0,1,0,0,0,1,0,0,1,0,2,1,1,0,1,12,2.4,1,1,0,2,1,16,3.2,7b2ffac3269afaa0, outer,2803,15,1490920811.0, no, outer,4,9, 50s, 3, yes, 3, 4, 1, 3, 2, 4, yes
game6e16d13aca14c0e5.log,7,0,0,0,0,0,0,0,0,0,0,0,2,0,0,0,0,0,0,1,0,1,1,0,0,0,0,0,0,0,0,1,1,0,0,0,0,0,0,0,0,1,0,0,0,0,0,0,1,1,0,1,3,0,1,0,11,2.2,2,1,1,1,0,11,2.2,5f60b9ee05cf73cc, outer,5471,12,1490316562.0, no, full,2,18, 20s, 4, yes, 3, 3, 1, 4, 4, 4, yes
game6e20f56a1bda7680.log,19,0,1,0,1,0,0,0,0,0,1,0,0,0,0,0,0,0,1,0,0,0,1,0,0,0,1,0,0,0,0,0,0,0,1,0,0,0,0,0,0,0,0,1,0,0,0,0,0,2,0,0,2,1,1,1,16,3.2,1,0,1,3,0,16,3.2,ca0922b34e670338, full,4812,21,1491761169.0, no, outer,1,13, 40s, 4, yes, 3, 4, 2, 3, 3, 3, yes
game6e9314bb738df615.log,12,0,0,0,0,0,0,1,0,0,0,0,0,0,0,0,1,0,0,1,0,1,1,0,0,0,0,0,0,0,0,1,0,0,0,0,1,0,0,0,1,0,0,0,0,0,2,0,0,0,0,2,2,0,1,0,10,2.0,4,0,0,0,1,9,1.8,90c7b3288d046c3a, outer,2111,6,1492732905.0, no, outer,1,5, 20s, 3, no, 1, 1, 1, 3, 3, 4, yes
game6e96fb091345b2a7.log,17,0,0,0,0,1,0,0,1,1,0,0,1,0,0,0,0,1,0,0,0,0,0,0,0,0,0,0,0,0,0,1,0,0,0,0,0,1,1,0,0,0,0,0,0,0,0,0,1,1,0,0,2,1,1,1,16,3.2,1,1,2,1,0,13,2.6,19dbddedf07994e2, intentional,642,0,1490134303.0, no, outer,3,8, 30s, 4, yes, 4, 4, 4, 5, 3, 3, yes
game6ea0457c31d6bcfe.log,19,0,1,0,0,0,0,0,0,0,0,0,0,0,1,0,1,0,0,1,0,1,0,0,0,0,1,0,1,0,0,1,0,0,0,0,0,0,0,0,0,0,1,0,0,0,0,1,0,0,0,2,1,0,2,0,12,2.4,2,2,1,0,0,9,1.8,ef66f73b7751b1cf, full,5,12,1492745821.0, yes, full,5,12, 20s, 2, no, 1, 1, 1, 5, 5, 4, yes
game6eb247605c669df1.log,17,0,0,1,0,0,0,1,0,0,0,0,1,0,0,0,0,0,0,0,1,0,0,0,1,0,0,0,0,1,0,1,0,0,0,0,1,0,0,0,0,0,0,0,0,0,0,1,1,0,0,0,2,1,1,1,16,3.2,2,1,1,1,0,11,2.2,19dbddedf07994e2, intentional,3367,2,1489828952.0, no, outer,3,8, 30s, 4, yes, 4, 4, 4, 5, 3, 3, yes
game6ec2eddab4218460.log,17,1,1,0,0,0,0,0,1,0,0,0,0,0,0,0,0,0,0,0,0,0,0,1,1,0,0,0,0,1,0,1,0,0,0,0,1,1,1,0,0,0,0,0,0,0,0,0,0,0,0,1,1,2,1,0,13,2.6,2,1,1,1,0,11,2.2,ca0922b34e670338, intentional,9893,17,1491789634.0, no, outer,1,13, 40s, 4, yes, 3, 4, 2, 3, 3, 3, yes
game6ed633d537d4a780.log,16,0,1,0,0,0,0,0,0,0,0,0,0,0,1,0,0,2,0,0,0,0,0,0,0,1,0,0,0,0,0,1,1,0,1,0,1,0,0,0,0,0,0,0,1,0,0,0,0,0,0,0,3,0,1,1,15,3.0,2,1,0,2,0,12,2.4,19dbddedf07994e2, full,2475,18,1489794788.0, no, outer,3,8, 30s, 4, yes, 4, 4, 4, 5, 3, 3, yes
game6ee366bcf9824c95.log,8,0,0,1,0,0,0,0,0,0,0,0,0,1,1,0,1,0,0,0,0,0,1,0,0,0,0,0,0,1,0,0,0,0,0,0,1,0,0,1,0,0,0,0,1,0,0,1,0,0,0,1,1,2,1,0,13,2.6,1,1,0,3,0,15,3.0,19dbddedf07994e2, outer,1565,4,1489706246.0, no, outer,3,8, 30s, 4, yes, 4, 4, 4, 5, 3, 3, yes
game6f23e51621202151.log,9,0,0,0,0,0,2,0,0,0,1,0,0,0,0,0,0,0,0,0,0,1,0,0,1,0,0,0,0,0,0,0,0,1,0,0,0,0,0,0,0,1,0,0,0,1,0,1,0,1,0,3,0,0,1,1,12,2.4,1,1,1,1,1,15,3.0,ca0922b34e670338, full,7305,18,1491795465.0, no, outer,1,13, 40s, 4, yes, 3, 4, 2, 3, 3, 3, yes
game6f2fd1a622e65f05.log,7,0,0,1,0,0,0,0,0,0,0,1,0,1,0,0,1,0,0,0,0,1,0,0,0,0,0,0,0,0,0,2,0,0,0,1,0,0,0,0,0,0,1,0,0,0,0,0,1,0,0,3,0,2,0,0,9,1.8,2,1,1,0,1,12,2.4,f17c71b6d21b5f4f, full,565,3,1489699715.0, no, intentional,5,5, 20s, 4, yes, 1, 1, 1, 3, 3, 3, yes
game6f384e90a9f80e01.log,19,0,0,1,1,0,0,0,0,0,0,0,0,0,0,0,1,0,0,0,0,1,0,1,0,0,0,1,0,0,0,0,1,0,0,0,1,0,0,0,0,0,1,0,0,0,0,0,1,0,0,2,0,2,1,0,12,2.4,1,3,1,0,0,10,2.0,127d4985fd094b11, intentional,1,7,1490063420.0, yes, intentional,1,7, 20s, 3, yes, 1, 1, 1, 2, 1, 1, yes
game6f777435d7cf419d.log,20,1,0,0,0,0,0,0,1,0,0,0,1,1,0,0,0,0,0,0,0,0,0,0,1,0,1,0,1,1,0,0,0,0,0,0,1,0,0,0,0,1,0,0,0,0,0,0,0,0,0,1,1,2,1,0,13,2.6,3,0,1,1,0,10,2.0,ca0922b34e670338, intentional,2177,18,1492723177.0, no, outer,1,13, 40s, 4, yes, 3, 4, 2, 3, 3, 3, yes
game6f89e1c532a6643d.log,18,0,1,0,0,0,1,0,0,0,0,0,0,1,0,0,1,0,0,0,0,0,0,0,1,0,0,0,0,1,1,0,1,1,0,0,0,0,0,0,0,0,0,0,0,0,0,1,0,0,0,2,1,1,1,0,11,2.2,0,2,1,1,1,16,3.2,4dacd064a3248f0e, full,3519,17,1490325943.0, no, full,5,18, , , , , , , , , , yes
game6f96c18f5cc6781c.log,15,1,0,0,1,0,0,0,1,0,0,0,0,0,0,0,0,0,0,1,0,0,0,0,0,1,1,1,0,0,0,0,0,0,0,0,0,0,1,0,0,1,1,0,0,0,0,0,0,0,0,1,0,1,2,1,17,3.4,2,2,1,0,0,9,1.8,b42f6b3c826e14ff, outer,7793,6,1490304681.0, no, outer,3,5, 30s, 4, yes, 3, 3, 3, 3, 2, 2, yes
game6fb070290257c68e.log,4,0,0,0,0,0,0,0,0,0,0,0,1,1,0,0,1,0,1,0,0,0,0,0,1,0,0,0,0,0,1,0,0,0,0,0,0,0,0,2,0,0,0,0,1,0,0,1,0,0,0,1,1,2,1,0,13,2.6,0,1,0,3,1,19,3.8,ca0922b34e670338, outer,8462,7,1491847055.0, no, outer,1,13, 40s, 4, yes, 3, 4, 2, 3, 3, 3, yes
game6fb50e6a13235229.log,15,1,0,0,0,0,0,0,1,1,0,0,0,0,0,0,0,0,0,0,1,0,0,1,0,0,1,0,0,0,0,0,0,0,0,0,0,0,0,1,1,0,1,0,0,0,0,0,0,1,0,1,0,2,1,1,16,3.2,1,1,0,2,1,16,3.2,7a483b4fbdf50717, outer,4,16,1490314893.0, yes, outer,4,16, 30s, 4, yes, 2, 2, 1, 4, 3, 2, yes
game6fdea3c23cf1be86.log,15,0,0,0,0,0,0,0,0,0,0,0,0,1,0,1,0,0,1,1,1,0,0,0,0,0,0,0,1,0,1,0,0,0,0,0,0,0,0,0,0,1,0,0,0,0,1,0,0,1,0,0,0,2,1,2,20,4.0,2,0,1,1,1,14,2.8,19dbddedf07994e2, full,1132,19,1489699690.0, no, outer,3,8, 30s, 4, yes, 4, 4, 4, 5, 3, 3, yes
game6fe39545978e0141.log,19,0,0,0,0,0,0,0,1,0,0,1,0,0,1,0,1,0,0,1,0,0,0,0,0,0,0,0,0,0,0,1,0,0,1,0,0,0,0,0,0,0,0,0,1,0,0,2,0,0,0,2,0,1,2,0,13,2.6,1,2,0,2,0,13,2.6,ca0922b34e670338, outer,5793,14,1492571644.0, no, outer,1,13, 40s, 4, yes, 3, 4, 2, 3, 3, 3, yes
game6ff101143600df54.log,5,1,0,0,0,0,0,0,0,1,0,0,1,0,0,0,0,0,0,1,0,0,0,1,0,0,0,1,0,0,0,0,0,1,0,0,0,1,0,1,0,0,0,0,0,0,1,0,0,0,0,1,1,1,2,0,14,2.8,1,2,1,1,0,12,2.4,befac2ddbf9df4dd, full,6251,17,1490320912.0, no, full,1,19, 50s, 3, yes, 1, 1, 1, 4, 4, 5, yes
game7014f77f6bdceb0c.log,18,2,0,0,0,0,0,0,0,0,0,0,0,1,0,0,0,1,1,0,0,0,0,0,0,0,0,0,0,0,0,2,1,0,0,1,0,0,0,0,0,0,0,0,0,0,1,0,0,0,0,2,1,2,0,0,10,2.0,3,1,0,0,1,10,2.0,250d650b8522d958, full,5432,15,1490365486.0, no, full,4,8, 20s, 4, yes, 2, 4, 2, 3, 2, 2, yes
game7026a8b13374a9f0.log,5,0,0,1,1,0,0,0,0,1,1,0,0,0,0,0,1,0,0,0,0,0,0,0,0,0,1,0,0,0,0,0,0,0,1,0,1,0,0,0,0,0,0,0,0,0,1,0,1,0,0,1,0,1,2,1,17,3.4,3,0,1,1,0,10,2.0,1b17ab93ed1184b4, intentional,8201,14,1491685270.0, no, full,3,8, 40s, 4, yes, 2, 2, 1, 4, 4, 3, yes
game703256ff5468a41c.log,8,1,1,0,0,0,0,0,0,0,0,1,0,0,0,0,0,1,0,0,0,1,0,0,0,0,0,0,0,0,0,0,1,0,0,0,2,0,0,0,0,1,0,1,0,0,0,0,0,0,0,3,2,0,0,0,7,1.4,3,1,1,0,0,8,1.6,ca0922b34e670338, outer,7248,11,1491939321.0, no, outer,1,13, 40s, 4, yes, 3, 4, 2, 3, 3, 3, yes
game706a7a8123a38ceb.log,17,0,1,0,0,0,0,0,0,0,0,1,0,0,0,0,1,0,0,0,0,2,0,0,0,0,1,0,0,0,0,0,0,0,0,0,0,0,0,0,0,0,0,0,1,0,0,1,1,0,1,4,1,0,0,0,6,1.2,1,1,1,1,1,15,3.0,90c7b3288d046c3a, intentional,624,18,1492734045.0, no, outer,1,5, 20s, 3, no, 1, 1, 1, 3, 3, 4, yes
game70bb10db0a9f2165.log,10,0,1,0,1,0,0,0,0,0,0,0,0,0,0,0,0,0,0,0,0,2,0,1,0,0,0,1,0,0,0,0,0,0,0,1,0,0,0,0,0,0,1,1,0,0,0,0,0,0,1,2,1,1,1,0,11,2.2,0,2,1,0,2,17,3.4,2119fe68a204e42a, full,7919,20,1490305358.0, no, outer,2,4, 20s, 4, yes, 4, 4, 4, 3, 2, 4, yes
game70bbee7460360b70.log,11,0,0,0,0,0,0,0,0,0,0,0,1,1,2,0,0,0,1,0,0,0,0,0,0,0,1,1,0,1,0,0,0,0,0,0,0,0,0,0,0,0,1,0,0,1,0,0,0,0,0,0,1,2,2,0,16,3.2,1,2,0,1,1,14,2.8,19dbddedf07994e2, intentional,615,3,1489966530.0, no, outer,3,8, 30s, 4, yes, 4, 4, 4, 5, 3, 3, yes
game70ebd65f8b71d953.log,12,0,1,0,0,0,1,0,0,0,0,1,0,0,0,0,0,0,0,1,0,0,0,1,0,0,1,0,1,0,0,0,0,0,0,0,0,0,0,0,0,0,0,0,1,0,0,1,0,1,0,2,1,1,1,0,11,2.2,1,1,1,2,0,14,2.8,befac2ddbf9df4dd, intentional,7376,15,1490321649.0, no, full,1,19, 50s, 3, yes, 1, 1, 1, 4, 4, 5, yes
game71069d33792e1ffa.log,18,0,0,1,0,0,0,0,0,0,0,1,1,1,0,0,1,0,0,0,0,0,0,0,0,0,0,0,1,0,0,0,0,0,1,0,0,0,0,0,1,1,0,0,1,0,0,0,0,0,0,2,1,2,0,0,10,2.0,1,0,1,2,1,17,3.4,768862e11a280fd0, outer,5040,8,1490379365.0, no, outer,5,6, , , , , , , , , , yes
game711064fc6f8c3ef4.log,16,0,0,1,0,0,0,1,0,0,0,0,1,0,0,0,0,0,1,1,0,0,0,0,0,0,2,0,0,0,0,1,0,0,0,0,0,0,0,0,1,0,0,1,0,0,0,0,0,0,0,0,2,2,1,0,14,2.8,3,0,1,0,1,11,2.2,19dbddedf07994e2, intentional,1375,10,1489703925.0, no, outer,3,8, 30s, 4, yes, 4, 4, 4, 5, 3, 3, yes
game71409923f642a3c2.log,9,0,0,0,0,0,1,0,0,0,0,0,0,0,0,0,1,0,1,0,0,1,0,0,1,0,0,0,1,0,1,0,0,0,0,0,1,0,0,0,0,0,0,0,0,0,0,1,1,0,0,3,0,1,1,0,10,2.0,1,1,2,0,1,14,2.8,e3f99bfa4535678e, intentional,8200,13,1490338989.0, no, outer,5,4, 20s, 4, yes, 2, 4, 1, 2, 2, 3, yes
game71cb7110fabb8382.log,12,1,0,0,0,0,0,0,0,1,0,1,0,0,0,0,1,0,0,0,0,0,0,0,0,1,1,0,0,0,0,1,0,0,0,0,1,0,0,0,0,0,0,0,1,0,1,0,0,0,0,3,0,0,1,1,12,2.4,4,0,0,1,0,8,1.6,ca0922b34e670338, full,7849,16,1492713676.0, no, outer,1,13, 40s, 4, yes, 3, 4, 2, 3, 3, 3, yes
game71e94cffb24c8e10.log,17,0,0,0,0,0,1,1,1,1,0,0,0,0,0,0,0,0,0,0,0,0,0,0,1,0,0,0,0,0,0,0,0,0,0,0,0,0,1,0,0,0,1,0,1,0,1,0,0,0,1,1,1,1,2,0,14,2.8,1,1,1,1,1,15,3.0,ca0922b34e670338, outer,5383,19,1491933206.0, no, outer,1,13, 40s, 4, yes, 3, 4, 2, 3, 3, 3, yes
game71f2572cf71c4cd4.log,5,0,1,0,0,0,0,0,0,0,0,0,0,1,0,0,0,1,0,1,0,0,0,0,1,0,0,0,0,0,1,1,0,0,0,0,0,0,1,0,0,0,0,0,1,0,0,0,1,0,0,0,2,1,2,0,15,3.0,1,0,2,1,1,16,3.2,2c99b217faca51f8, outer,412,16,1490113436.0, no, outer,3,10, 20s, 4, yes, 4, 4, 4, 4, 2, 4, yes
game725abf7db482e731.log,16,0,0,0,0,0,0,0,0,0,0,1,0,0,0,0,2,1,0,0,0,1,0,0,0,0,0,0,0,0,0,0,1,1,1,0,0,0,0,1,0,0,0,0,0,0,0,0,1,0,0,4,1,0,0,0,6,1.2,0,1,2,2,0,16,3.2,ca0922b34e670338, full,5572,17,1491846851.0, no, outer,1,13, 40s, 4, yes, 3, 4, 2, 3, 3, 3, yes
game72cc5588c1a785f9.log,17,0,0,0,1,1,0,0,0,0,0,0,0,1,0,0,0,0,0,1,1,0,0,0,0,0,1,0,0,0,0,0,1,0,0,0,0,0,0,0,0,0,1,0,0,0,1,1,0,0,0,0,0,1,2,2,21,4.2,2,3,0,0,0,8,1.6,ca0922b34e670338, intentional,1364,17,1491905102.0, no, outer,1,13, 40s, 4, yes, 3, 4, 2, 3, 3, 3, yes
game72f983d830a00e1e.log,11,0,1,0,1,0,0,0,0,1,0,0,0,0,1,0,0,0,0,0,1,0,0,0,0,0,1,0,0,0,0,1,0,0,0,0,0,0,0,0,0,0,0,0,0,0,1,0,0,1,1,0,1,0,3,1,19,3.8,3,0,0,1,1,12,2.4,ca0922b34e670338, intentional,938,14,1491938932.0, no, outer,1,13, 40s, 4, yes, 3, 4, 2, 3, 3, 3, yes
game7315617fbe3da288.log,16,1,0,0,0,0,0,0,0,0,0,1,1,0,0,0,0,0,0,0,1,0,0,0,1,0,1,0,0,0,0,0,0,0,0,0,2,0,1,0,0,0,0,1,0,0,0,0,0,0,0,2,1,0,1,1,13,2.6,3,0,2,0,0,9,1.8,ca0922b34e670338, intentional,102,17,1491797033.0, no, outer,1,13, 40s, 4, yes, 3, 4, 2, 3, 3, 3, yes
game736ab2ba57e77bfc.log,6,0,1,0,0,0,2,0,0,0,0,0,0,0,0,0,0,0,0,0,1,1,0,0,0,0,0,0,0,0,0,0,0,1,1,0,0,0,0,0,0,0,1,0,0,0,0,2,0,0,0,3,1,0,0,1,10,2.0,0,3,1,1,0,13,2.6,768862e11a280fd0, full,4433,19,1490374842.0, no, outer,5,6, , , , , , , , , , yes
game737c732daba4aa7c.log,8,1,0,0,0,0,0,0,1,0,0,0,0,0,0,0,0,1,0,0,0,1,0,1,0,0,0,0,0,0,0,0,0,0,0,0,0,1,1,1,0,0,0,0,0,0,0,0,0,1,1,2,1,2,0,0,10,2.0,0,1,1,2,1,18,3.6,19dbddedf07994e2, outer,7234,1,1490133223.0, no, outer,3,8, 30s, 4, yes, 4, 4, 4, 5, 3, 3, yes
game7393a486d2e0a4a4.log,8,0,0,0,2,0,0,0,0,0,0,1,1,0,0,0,0,0,0,0,0,1,0,0,0,0,1,0,1,0,0,1,0,0,1,0,1,0,0,0,0,0,0,0,0,0,0,0,0,0,0,2,1,0,2,0,12,2.4,3,0,1,1,0,10,2.0,1b17ab93ed1184b4, outer,302,3,1491750494.0, no, full,3,8, 40s, 4, yes, 2, 2, 1, 4, 4, 3, yes
game739d2dec11b5e572.log,19,0,0,0,0,0,1,0,0,0,1,0,0,0,1,0,1,0,0,0,0,0,0,1,0,0,0,0,0,0,0,0,1,0,0,0,0,0,0,0,0,0,1,1,0,1,0,0,0,1,0,2,0,1,1,1,14,2.8,0,2,1,1,1,16,3.2,ca0922b34e670338, outer,3337,4,1491844624.0, no, outer,1,13, 40s, 4, yes, 3, 4, 2, 3, 3, 3, yes
game73d0b15dbf4b2512.log,11,1,0,0,1,0,0,0,1,0,0,0,0,0,0,0,0,1,0,0,0,0,1,0,0,0,0,0,0,1,0,0,0,0,0,0,0,0,1,0,0,0,0,0,0,1,1,0,0,0,1,1,2,1,1,0,12,2.4,1,0,1,1,2,18,3.6,5e4df7c55124f176, outer,3,1,1493060844.0, yes, outer,3,1, 20s, 3, no, 1, 1, 1, 4, 3, 4, yes
game73e80fe41328a5f4.log,16,1,0,0,0,0,0,1,0,0,1,0,1,0,0,0,0,0,0,1,0,0,0,0,0,0,0,0,0,1,0,1,1,0,0,0,0,0,0,1,0,1,0,0,0,0,0,0,0,0,0,1,2,0,1,1,14,2.8,2,1,0,2,0,12,2.4,ca0922b34e670338, intentional,1558,19,1491843119.0, no, outer,1,13, 40s, 4, yes, 3, 4, 2, 3, 3, 3, yes
game73f8ede14870a57b.log,11,0,0,0,0,1,1,0,0,0,0,0,1,0,0,0,0,1,0,0,0,0,0,0,0,1,0,1,0,0,0,0,1,1,0,0,0,0,0,1,0,0,0,0,0,0,0,0,1,0,0,1,2,0,0,2,15,3.0,0,2,2,1,0,14,2.8,13b659b1ef159332, full,2,17,1490326492.0, yes, full,2,17, 30s, 4, yes, 3, 4, 3, 3, 2, 3, yes
game740f6fc2ec0242a3.log,17,1,0,0,0,0,1,0,0,0,0,0,0,0,0,0,1,0,0,1,0,0,1,0,0,0,0,0,0,0,0,1,0,0,0,0,0,0,1,0,0,0,1,0,1,0,0,0,0,1,0,3,1,0,1,0,9,1.8,1,1,1,2,0,14,2.8,2119fe68a204e42a, full,349,13,1490310170.0, no, outer,2,4, 20s, 4, yes, 4, 4, 4, 3, 2, 4, yes
game7414fff44d399018.log,5,0,0,0,0,0,0,0,0,0,1,1,0,1,0,0,1,0,0,0,0,0,0,1,0,0,0,1,0,0,0,0,1,0,0,0,0,0,0,1,1,0,0,0,0,0,1,0,0,0,0,2,0,2,0,1,13,2.6,1,2,0,1,1,14,2.8,19dbddedf07994e2, intentional,6984,8,1490730661.0, no, outer,3,8, 30s, 4, yes, 4, 4, 4, 5, 3, 3, yes
game741c2e12e02ea29b.log,12,1,0,0,0,0,1,1,0,0,0,0,0,0,1,0,1,0,0,0,0,0,0,0,0,0,0,0,1,1,0,0,1,0,1,0,0,0,1,0,0,0,0,0,0,0,0,0,0,0,0,3,1,0,1,0,9,1.8,0,1,2,2,0,16,3.2,1b17ab93ed1184b4, intentional,1451,15,1491704149.0, no, full,3,8, 40s, 4, yes, 2, 2, 1, 4, 4, 3, yes
game74390b4e7ebdb6ec.log,8,0,0,0,0,0,0,0,0,1,1,1,0,1,0,0,0,0,0,0,0,0,0,0,1,0,0,0,0,0,1,0,0,1,1,0,0,0,1,0,0,0,0,0,0,0,0,0,1,0,0,1,0,1,2,1,17,3.4,0,0,3,1,1,18,3.6,ca0922b34e670338, intentional,7343,18,1491752509.0, no, outer,1,13, 40s, 4, yes, 3, 4, 2, 3, 3, 3, yes
game743af433af829ae2.log,5,0,1,0,0,0,0,0,0,0,0,0,0,0,0,0,1,0,0,1,0,0,2,0,0,0,0,0,0,0,1,1,0,1,0,0,0,0,1,0,0,0,0,0,0,0,0,0,0,1,0,1,3,0,1,0,11,2.2,1,0,2,1,1,16,3.2,e55525e0b2004294, outer,1867,2,1490339474.0, no, intentional,5,19, 20s, 4, yes, 4, 4, 4, 3, 3, 3, yes
game743ca17f324401da.log,17,1,0,0,0,0,1,0,0,1,0,1,0,1,0,0,0,0,0,0,0,0,0,0,0,0,0,0,0,0,0,0,1,0,0,0,0,1,0,0,0,1,1,0,0,0,0,0,0,1,0,3,0,1,1,0,10,2.0,1,3,0,1,0,11,2.2,1b17ab93ed1184b4, intentional,5969,12,1491679605.0, no, full,3,8, 40s, 4, yes, 2, 2, 1, 4, 4, 3, yes
game74893764f39ed788.log,20,1,0,0,0,0,1,0,0,1,0,0,0,0,0,0,1,0,0,0,0,0,1,0,0,0,0,0,0,0,0,0,1,0,0,0,1,0,0,1,0,0,0,1,0,0,1,0,0,0,0,3,1,0,1,0,9,1.8,2,1,1,1,0,11,2.2,a992a1fd533fcd43, outer,728,15,1490802149.0, no, full,4,9, 30s, 4, yes, 4, 4, 3, 5, 1, 2, yes
game7495834e1aa6ad42.log,13,0,0,1,0,0,0,1,0,0,0,0,1,0,0,0,0,1,0,0,1,0,0,0,0,0,0,1,0,0,0,0,0,1,0,0,0,0,1,1,0,0,0,0,0,0,1,0,0,0,0,0,3,1,0,1,14,2.8,1,1,2,1,0,13,2.6,3e8f905982a0ce47, intentional,298,16,1490142005.0, no, full,2,11, 40s, 4, yes, 4, 4, 4, 3, 1, 1, yes
game74c69ea074e2c969.log,20,1,1,0,0,0,0,0,1,0,0,2,0,0,0,0,0,0,0,0,0,0,0,0,0,0,0,0,1,0,0,0,0,0,0,0,0,0,0,0,0,1,1,0,0,0,0,0,1,1,0,3,1,1,0,0,8,1.6,1,1,2,1,0,13,2.6,b0241aa48c88bd1b, outer,9141,15,1490431734.0, no, full,3,11, 20s, 4, yes, 3, 3, 3, 3, 1, 1, yes
game750840cbbc46233c.log,17,0,0,0,1,0,0,0,1,0,0,0,0,0,0,0,0,1,1,0,0,1,0,0,0,0,1,0,0,0,0,0,0,0,0,0,0,0,0,0,0,1,0,0,1,0,0,1,0,1,0,1,1,2,1,0,13,2.6,2,1,0,2,0,12,2.4,19dbddedf07994e2, outer,8806,6,1489921858.0, no, outer,3,8, 30s, 4, yes, 4, 4, 4, 5, 3, 3, yes
game752bbb6971401f0a.log,7,1,0,1,0,0,0,0,1,0,0,0,0,0,0,0,0,1,0,0,0,1,0,0,0,0,0,0,0,0,0,1,0,0,1,0,2,0,0,0,0,0,0,0,0,0,1,0,0,0,0,2,1,2,0,0,10,2.0,4,0,0,1,0,8,1.6,e5bf83d96f9751cf, outer,9184,12,1490373943.0, no, full,5,16, , , , , , , 2, 2, 2, yes
game7582a67f88fb6c18.log,19,0,0,1,0,0,0,0,0,0,0,0,0,0,0,0,1,0,0,0,1,2,0,0,0,0,0,0,0,0,0,1,0,0,0,0,1,0,0,0,0,0,2,0,0,0,0,0,0,0,1,3,0,1,0,1,11,2.2,2,2,0,0,1,11,2.2,46e8a5186d238bc1, intentional,9239,20,1490371428.0, no, full,4,12, 20s, 4, yes, 2, 4, 2, 3, 4, 4, yes
game758cdab2dc6c043a.log,21,0,1,1,0,0,1,0,0,1,0,1,0,0,0,0,0,0,0,0,0,0,0,0,0,0,0,0,0,0,0,0,0,0,0,0,0,0,1,1,0,1,0,0,0,0,0,1,1,0,0,2,1,1,1,0,11,2.2,1,1,2,1,0,13,2.6,ca0922b34e670338, outer,3403,13,1492549914.0, no, outer,1,13, 40s, 4, yes, 3, 4, 2, 3, 3, 3, yes
game75a76825c9eafb69.log,13,0,0,0,1,0,0,0,0,1,0,0,0,0,0,0,1,0,0,1,1,0,0,0,0,0,0,0,1,0,0,0,0,0,0,0,0,1,1,1,0,0,0,1,0,0,0,0,0,0,0,1,0,0,3,1,18,3.6,0,1,3,1,0,15,3.0,4884f857be239a22, full,1,18,1489698681.0, yes, full,1,18, 20s, 1, no, 1, , 1, 3, 4, 5, yes
game75a774e9a3885eb2.log,15,0,0,0,0,1,0,0,1,1,0,0,0,0,1,0,0,0,0,1,0,0,0,0,0,0,0,1,1,0,0,0,1,0,0,0,0,0,0,0,0,1,0,0,0,0,1,0,0,0,0,0,0,1,3,1,20,4.0,2,2,1,0,0,9,1.8,e3f99bfa4535678e, outer,7837,12,1490339263.0, no, outer,5,4, 20s, 4, yes, 2, 4, 1, 2, 2, 3, yes
game75c225c2c2d059ec.log,9,1,0,0,1,0,1,0,0,0,0,0,1,0,0,0,0,0,0,0,0,1,0,0,0,0,0,1,0,1,0,1,0,0,0,0,0,0,0,0,0,0,0,1,0,0,0,1,0,0,0,3,1,0,1,0,9,1.8,1,2,1,1,0,12,2.4,b42f6b3c826e14ff, intentional,3522,16,1490365988.0, no, outer,3,5, 30s, 4, yes, 3, 3, 3, 3, 2, 2, yes
game75c3e4087e4930d5.log,13,1,0,0,0,0,0,0,0,0,0,0,0,0,0,1,1,1,0,0,0,0,1,0,0,0,0,0,1,1,0,1,0,1,0,0,0,0,0,1,0,0,0,0,0,0,0,0,0,0,0,2,2,0,0,1,11,2.2,1,0,2,2,0,15,3.0,ab363adc4024ff3c, outer,704,13,1490349934.0, no, full,1,8, , , , , , , , , , yes
game75d923b4d8808101.log,20,1,0,0,1,0,0,0,0,0,0,0,0,1,0,0,1,0,0,0,0,1,0,0,0,0,0,0,0,0,0,1,0,0,1,0,1,0,1,0,0,0,0,0,0,0,1,0,0,0,0,3,0,1,1,0,10,2.0,3,0,1,1,0,10,2.0,19dbddedf07994e2, outer,7281,7,1489701443.0, no, outer,3,8, 30s, 4, yes, 4, 4, 4, 5, 3, 3, yes
game75ea6568494b4f36.log,6,0,0,0,0,0,0,0,1,1,0,0,1,0,0,0,1,0,0,0,0,1,0,0,0,0,0,0,0,0,0,0,0,0,0,0,0,0,0,1,1,1,0,0,1,0,1,0,0,0,0,2,1,1,1,0,11,2.2,2,0,0,2,1,15,3.0,19dbddedf07994e2, full,8002,5,1490729646.0, no, outer,3,8, 30s, 4, yes, 4, 4, 4, 5, 3, 3, yes
game7632fd1431ee4189.log,2,2,0,0,0,0,0,0,1,0,0,0,0,1,0,0,0,0,1,0,0,0,0,0,0,0,0,0,1,0,0,0,1,0,0,0,0,1,0,1,0,0,0,0,0,0,1,0,0,0,0,2,0,3,0,0,11,2.2,1,2,1,1,0,12,2.4,ca0922b34e670338, outer,3151,18,1491855215.0, no, outer,1,13, 40s, 4, yes, 3, 4, 2, 3, 3, 3, yes
game7667ab6146684b2e.log,15,0,1,0,0,0,1,0,0,0,0,1,0,0,0,0,0,1,0,0,0,1,0,0,0,0,0,1,0,0,0,0,1,0,1,0,0,0,0,1,0,0,1,0,0,0,0,0,0,0,0,3,2,0,0,0,7,1.4,0,3,0,2,0,14,2.8,19dbddedf07994e2, full,3,15,1489962418.0, no, outer,3,8, 30s, 4, yes, 4, 4, 4, 5, 3, 3, yes
game769e2a07962fd01b.log,18,0,0,0,0,0,0,0,0,0,1,0,0,1,1,0,0,0,0,0,0,1,1,0,0,0,0,0,0,0,0,1,0,0,1,0,0,0,1,0,0,0,0,1,0,0,0,1,0,0,0,1,1,1,1,1,15,3.0,1,1,2,1,0,13,2.6,b2855bce0b5908c6, full,7141,17,1490320874.0, no, intentional,3,16, 30s, 4, yes, 3, 4, 3, 4, 3, 4, yes
game76a8db48a736e10d.log,14,0,0,0,0,0,0,0,1,0,1,1,0,0,0,0,1,0,0,0,0,1,0,0,0,0,0,1,0,0,1,0,0,0,0,0,0,1,0,0,0,0,0,0,0,0,0,0,1,0,1,3,0,1,0,1,11,2.2,0,2,1,0,2,17,3.4,fcb0678812970909, outer,312,7,1490307702.0, no, outer,1,16, 30s, 4, yes, 1, 1, 1, 4, 4, 4, yes
game76ac66f4334160a0.log,4,1,1,0,1,0,0,0,0,1,0,0,1,0,0,0,0,0,0,0,0,0,0,0,0,0,0,0,0,0,0,0,0,0,0,0,1,0,0,0,0,0,0,1,1,0,0,1,0,1,0,1,2,0,2,0,13,2.6,1,1,1,2,0,14,2.8,ca0922b34e670338, outer,8795,6,1491876088.0, no, outer,1,13, 40s, 4, yes, 3, 4, 2, 3, 3, 3, yes
game770e9425156722df.log,12,0,0,0,1,0,1,0,0,0,0,1,0,1,0,0,0,0,0,0,1,0,0,0,0,0,0,0,0,0,0,0,0,0,0,0,0,1,0,0,0,1,1,0,0,0,0,1,1,0,0,2,0,1,1,1,14,2.8,1,3,1,0,0,10,2.0,ca0922b34e670338, intentional,1028,14,1491755186.0, no, outer,1,13, 40s, 4, yes, 3, 4, 2, 3, 3, 3, yes
game77596efdd319a118.log,19,0,0,1,1,0,0,1,0,0,1,0,0,0,0,0,1,0,0,0,0,0,0,0,0,0,2,0,1,1,0,0,0,0,0,0,0,0,0,0,0,0,0,0,0,0,1,0,0,0,0,1,1,1,1,1,15,3.0,3,0,1,1,0,10,2.0,19dbddedf07994e2, intentional,2795,20,1489920346.0, no, outer,3,8, 30s, 4, yes, 4, 4, 4, 5, 3, 3, yes
game775ba1b871fb8364.log,2,0,0,0,1,0,0,0,0,0,0,0,0,1,1,0,0,1,1,0,0,0,0,0,0,0,1,0,1,0,0,0,0,0,1,0,1,0,1,0,0,0,0,0,0,0,0,0,0,0,0,0,1,2,2,0,16,3.2,2,0,2,1,0,12,2.4,19dbddedf07994e2, outer,274,3,1490731651.0, no, outer,3,8, 30s, 4, yes, 4, 4, 4, 5, 3, 3, yes
game775e3cf6cc596db7.log,17,0,0,1,0,0,1,0,0,0,0,0,0,0,0,0,0,0,0,0,0,1,1,0,0,1,0,0,0,0,0,0,0,0,0,0,1,0,0,0,1,0,1,0,0,0,0,0,0,2,0,2,1,1,0,1,12,2.4,1,1,0,2,1,16,3.2,9e777a71681dfa82, intentional,2387,14,1490124825.0, no, outer,2,13, 40s, 4, yes, 3, 4, 1, 3, 2, 4, yes
game77606011b049c5b3.log,9,0,0,0,0,0,0,0,0,0,0,0,1,0,1,0,1,1,0,0,0,0,0,0,1,0,0,0,0,1,0,0,0,1,0,0,0,0,1,0,0,0,0,0,0,0,2,0,0,0,0,1,2,0,2,0,13,2.6,2,0,2,1,0,12,2.4,7b2ffac3269afaa0, outer,4513,9,1490921535.0, no, outer,4,9, 50s, 3, yes, 3, 4, 1, 3, 2, 4, yes
game77659f1674f06440.log,19,0,0,0,0,0,1,0,0,0,0,0,1,1,0,0,1,0,0,0,1,0,0,0,0,0,0,0,0,0,0,1,0,0,0,0,0,0,0,0,0,0,1,0,0,0,0,1,1,1,0,2,1,1,0,1,12,2.4,1,2,1,1,0,12,2.4,ca0922b34e670338, full,4066,19,1492563553.0, no, outer,1,13, 40s, 4, yes, 3, 4, 2, 3, 3, 3, yes
game77c581ea53c23f23.log,17,1,0,0,0,0,1,0,0,0,0,0,0,0,1,0,0,0,0,1,0,1,0,0,0,0,0,0,0,0,1,0,1,0,0,0,0,1,1,0,0,0,0,0,0,0,0,0,0,0,1,3,0,0,2,0,11,2.2,0,2,1,0,2,17,3.4,19dbddedf07994e2, intentional,4308,18,1490729596.0, no, outer,3,8, 30s, 4, yes, 4, 4, 4, 5, 3, 3, yes
game77cfeabe565226f7.log,17,0,0,0,0,0,0,0,0,1,0,0,0,0,0,0,0,1,0,0,0,0,1,1,1,0,0,0,0,0,0,1,0,0,0,0,0,0,1,0,0,1,1,0,0,0,1,0,0,0,0,0,2,1,2,0,15,3.0,3,1,1,0,0,8,1.6,19dbddedf07994e2, full,959,5,1490310928.0, no, outer,3,8, 30s, 4, yes, 4, 4, 4, 5, 3, 3, yes
game77e8a9eff09f12f5.log,3,0,0,0,0,0,1,0,0,1,0,0,0,0,1,0,0,0,0,0,0,0,0,1,0,1,0,0,0,0,1,0,0,0,0,1,0,0,2,0,0,1,0,0,0,0,0,0,0,0,0,1,0,1,2,1,17,3.4,1,0,2,0,2,17,3.4,46e8a5186d238bc1, full,4,12,1490369832.0, yes, full,4,12, 20s, 4, yes, 2, 4, 2, 3, 4, 4, yes
game780d72f13a03e8dd.log,18,0,1,0,0,0,2,0,0,1,0,0,0,0,0,0,0,0,0,0,0,1,0,0,0,0,1,0,0,1,0,0,0,0,1,0,0,0,1,0,0,0,0,1,0,0,0,0,0,0,0,3,1,0,1,0,9,1.8,1,0,2,2,0,15,3.0,ca0922b34e670338, outer,6294,2,1491934337.0, no, outer,1,13, 40s, 4, yes, 3, 4, 2, 3, 3, 3, yes
game7823d3f99499d8d4.log,9,0,0,1,0,0,0,0,0,0,0,0,0,1,0,0,0,1,0,0,0,1,1,0,0,0,0,1,0,0,0,0,0,0,1,0,0,0,0,0,0,1,0,1,0,0,0,0,0,1,0,1,2,2,0,0,11,2.2,1,1,1,2,0,14,2.8,19dbddedf07994e2, outer,6985,8,1489964607.0, no, outer,3,8, 30s, 4, yes, 4, 4, 4, 5, 3, 3, yes
game7866f5ceb50ff826.log,1,1,0,1,1,0,0,0,0,0,0,0,0,0,0,0,1,0,0,1,0,0,0,0,0,0,0,0,0,0,0,1,0,0,1,0,0,0,0,1,1,0,0,0,0,0,1,0,0,0,0,2,0,1,2,0,13,2.6,2,0,0,2,1,15,3.0,ca0922b34e670338, full,9850,18,1492726295.0, no, outer,1,13, 40s, 4, yes, 3, 4, 2, 3, 3, 3, yes
game7869f10acbcb486e.log,5,0,1,1,1,0,0,1,0,0,0,0,0,0,0,1,0,0,0,0,0,0,0,0,0,0,1,0,0,0,0,0,1,0,1,0,0,0,0,0,0,1,0,0,0,0,1,0,0,0,0,0,2,1,1,1,16,3.2,3,1,0,1,0,9,1.8,90c7b3288d046c3a, full,6683,8,1492732044.0, no, outer,1,5, 20s, 3, no, 1, 1, 1, 3, 3, 4, yes
game78e8cda1bd18d6b8.log,14,0,1,1,0,0,2,0,0,0,0,0,0,0,0,0,0,0,0,0,0,0,1,0,0,0,0,0,0,1,0,0,1,0,0,0,1,0,0,0,0,0,0,0,0,0,0,0,1,1,0,2,2,1,0,0,9,1.8,1,1,1,2,0,14,2.8,19dbddedf07994e2, outer,6104,2,1489737860.0, no, outer,3,8, 30s, 4, yes, 4, 4, 4, 5, 3, 3, yes
game790fc5e1f9f57b65.log,8,1,0,0,0,0,0,0,0,0,0,0,0,0,2,0,0,0,1,0,0,0,0,0,1,0,0,0,0,1,0,1,1,1,0,0,0,0,0,0,0,1,0,0,0,0,0,0,0,0,0,1,0,1,3,0,16,3.2,2,1,1,1,0,11,2.2,250d650b8522d958, intentional,1215,5,1490364770.0, no, full,4,8, 20s, 4, yes, 2, 4, 2, 3, 2, 2, yes
game79101be8f06aec11.log,16,0,0,0,0,1,0,0,0,1,0,1,0,0,0,1,0,0,0,0,0,0,0,0,0,1,0,1,0,0,0,1,0,1,0,0,0,0,0,0,0,0,0,1,1,0,0,0,0,0,0,1,0,0,1,3,20,4.0,1,1,2,1,0,13,2.6,ab363adc4024ff3c, full,1,8,1490349254.0, yes, full,1,8, , , , , , , , , , yes
game79181b762a22e794.log,8,0,0,1,0,0,0,1,0,0,0,0,0,0,0,0,0,0,0,1,0,1,0,1,0,0,0,0,0,0,0,0,0,0,1,0,0,0,0,1,0,0,1,1,0,0,0,0,1,0,0,1,1,2,1,0,13,2.6,0,1,2,2,0,16,3.2,ca0922b34e670338, outer,2064,20,1492706014.0, no, outer,1,13, 40s, 4, yes, 3, 4, 2, 3, 3, 3, yes
game793153978a8699c5.log,2,0,0,1,0,0,0,0,0,0,0,1,0,0,0,0,1,1,1,0,0,0,0,0,0,0,0,0,0,1,0,0,0,0,1,0,0,0,1,0,0,0,0,0,0,0,1,0,0,1,0,2,1,2,0,0,10,2.0,1,0,1,3,0,16,3.2,ca0922b34e670338, outer,8174,8,1492564375.0, no, outer,1,13, 40s, 4, yes, 3, 4, 2, 3, 3, 3, yes
game79846f323e293a21.log,10,0,0,0,0,0,0,1,0,0,0,0,0,0,0,0,1,1,0,1,0,0,0,1,0,0,0,0,0,1,0,1,0,0,0,0,1,0,0,1,0,0,0,0,0,0,1,0,0,0,0,1,2,1,1,0,12,2.4,3,0,0,2,0,11,2.2,ca0922b34e670338, intentional,1846,16,1492710794.0, no, outer,1,13, 40s, 4, yes, 3, 4, 2, 3, 3, 3, yes
game79d95e4f445ed5bc.log,6,0,1,0,1,0,0,0,0,1,0,0,0,0,0,0,0,0,1,0,0,0,0,0,1,0,1,0,0,0,0,1,0,0,1,0,1,0,0,0,0,0,0,0,0,0,0,0,0,1,0,0,1,1,3,0,17,3.4,3,0,0,2,0,11,2.2,19dbddedf07994e2, full,1864,14,1489919128.0, no, outer,3,8, 30s, 4, yes, 4, 4, 4, 5, 3, 3, yes
game79fc66a1c8fe1cd2.log,3,0,0,0,0,0,1,0,0,0,1,0,0,0,0,1,0,1,0,1,0,0,0,0,0,0,0,1,0,1,0,0,0,0,0,0,2,0,0,0,0,0,0,0,0,0,0,0,1,0,0,1,1,0,1,2,17,3.4,2,1,1,1,0,11,2.2,19dbddedf07994e2, intentional,1591,13,1489701017.0, no, outer,3,8, 30s, 4, yes, 4, 4, 4, 5, 3, 3, yes
game7a3c3ba8bfb2fb97.log,2,1,0,0,0,0,0,0,0,0,0,0,0,0,0,1,0,0,1,1,0,0,1,0,0,0,0,0,0,1,0,0,0,0,0,0,1,0,0,1,0,0,0,0,1,0,0,0,1,0,0,1,1,1,1,1,15,3.0,1,0,1,3,0,16,3.2,ca0922b34e670338, intentional,5209,21,1491766570.0, no, outer,1,13, 40s, 4, yes, 3, 4, 2, 3, 3, 3, yes
game7a3d499740a3ec9d.log,15,0,0,0,1,0,0,0,0,0,1,0,0,0,1,0,0,0,0,0,0,1,1,0,0,0,0,0,0,0,0,0,0,0,1,0,0,2,1,0,0,1,0,0,0,0,0,0,0,0,0,1,1,0,2,1,16,3.2,1,2,1,1,0,12,2.4,ca0922b34e670338, outer,9868,7,1491938717.0, no, outer,1,13, 40s, 4, yes, 3, 4, 2, 3, 3, 3, yes
game7a9e4769a29a24f8.log,2,0,0,0,1,0,0,1,0,0,0,0,0,0,0,0,0,0,0,0,0,1,0,1,1,0,0,0,0,0,0,0,0,0,2,0,0,0,0,1,0,0,0,0,1,0,1,0,0,0,0,1,1,1,2,0,14,2.8,1,0,0,4,0,17,3.4,2119fe68a204e42a, outer,4518,17,1490309293.0, no, outer,2,4, 20s, 4, yes, 4, 4, 4, 3, 2, 4, yes
game7aaef3306dab0b3f.log,21,1,0,0,0,1,0,0,0,0,0,0,1,0,1,0,1,0,0,0,0,0,0,0,0,0,0,1,1,0,0,0,0,0,0,0,1,0,0,0,0,0,0,1,0,0,0,1,0,0,0,2,1,0,1,1,13,2.6,1,2,2,0,0,11,2.2,1b17ab93ed1184b4, full,7740,14,1491727156.0, no, full,3,8, 40s, 4, yes, 2, 2, 1, 4, 4, 3, yes
game7b26a897aef83d5f.log,15,0,1,0,0,0,0,0,0,0,0,0,0,0,0,0,0,1,0,0,0,1,1,1,0,0,1,0,0,1,0,0,0,0,0,0,1,0,0,0,1,0,0,0,0,0,0,0,0,1,0,1,3,1,0,0,10,2.0,2,0,0,2,1,15,3.0,95d41a301cf5e2b3, full,7547,6,1490313757.0, no, intentional,1,17, 30s, 4, yes, 3, 4, 1, 3, 2, 2, yes
game7b47aef75ae466f0.log,12,0,0,1,1,0,0,0,0,0,0,1,0,0,1,0,0,0,0,0,0,0,1,0,0,0,0,1,0,0,1,0,1,0,1,0,0,0,0,0,0,0,0,0,0,0,1,0,0,0,0,1,1,1,2,0,14,2.8,1,2,0,1,1,14,2.8,f17c71b6d21b5f4f, outer,3315,4,1489700122.0, no, intentional,5,5, 20s, 4, yes, 1, 1, 1, 3, 3, 3, yes
game7bec384b616207ac.log,14,0,0,0,1,1,0,0,1,0,0,0,0,0,1,0,0,0,0,0,0,0,0,1,0,0,0,0,0,0,0,1,0,0,0,0,0,1,0,1,0,0,2,0,0,0,0,0,0,0,0,0,0,2,2,1,19,3.8,1,3,0,1,0,11,2.2,8a6febcf85c544d4, full,9910,9,1489998829.0, no, intentional,5,20, , , , , , , , , , yes
game7bf176d2868f0594.log,2,0,0,0,0,1,0,0,0,0,0,1,0,1,1,0,1,0,0,0,0,0,0,0,0,0,0,0,0,0,0,1,0,0,0,1,0,0,0,0,0,0,1,0,0,0,0,0,1,1,0,2,0,1,1,1,14,2.8,1,1,1,1,1,15,3.0,ca0922b34e670338, outer,3345,11,1491798129.0, no, outer,1,13, 40s, 4, yes, 3, 4, 2, 3, 3, 3, yes
game7c37941694a09e08.log,14,0,0,0,0,0,0,0,1,0,0,1,0,0,0,0,0,1,1,0,0,0,1,0,0,0,0,0,0,0,0,0,0,0,1,0,0,0,0,0,0,0,0,0,0,0,1,1,0,1,1,1,2,2,0,0,11,2.2,1,1,0,2,1,16,3.2,19dbddedf07994e2, outer,8345,8,1489706823.0, no, outer,3,8, 30s, 4, yes, 4, 4, 4, 5, 3, 3, yes
game7c53759dcf140fc5.log,18,0,0,1,0,0,0,0,0,0,0,1,1,0,0,0,0,0,0,1,0,0,0,0,1,0,0,0,1,1,0,0,0,1,0,0,0,0,0,1,0,0,0,0,0,0,1,0,0,0,0,1,1,1,2,0,14,2.8,1,0,2,2,0,15,3.0,ca0922b34e670338, full,5850,16,1492571113.0, no, outer,1,13, 40s, 4, yes, 3, 4, 2, 3, 3, 3, yes
game7c8864e35427a3a9.log,19,0,1,1,0,0,0,0,1,0,0,0,0,0,0,0,2,0,0,0,0,0,0,0,0,0,1,0,0,0,0,0,2,0,1,0,1,0,0,0,0,0,0,0,0,0,0,0,0,0,0,2,1,2,0,0,10,2.0,2,2,0,1,0,10,2.0,5f60b9ee05cf73cc, full,6120,16,1490318936.0, no, full,2,18, 20s, 4, yes, 3, 3, 1, 4, 4, 4, yes
game7c937b5850d0cba3.log,11,0,0,0,0,0,1,0,0,0,0,0,1,0,0,0,0,0,1,0,1,0,1,0,0,0,0,0,0,0,0,0,0,0,1,1,1,0,0,0,0,1,0,0,0,0,0,0,1,0,0,1,2,1,0,1,13,2.6,2,0,1,1,1,14,2.8,90c7b3288d046c3a, intentional,1055,18,1492730923.0, no, outer,1,5, 20s, 3, no, 1, 1, 1, 3, 3, 4, yes
game7d363db01af1316b.log,11,1,0,0,0,0,0,0,1,0,0,0,1,0,0,0,1,0,0,0,0,1,0,0,0,0,0,0,1,0,0,1,1,0,0,1,0,0,0,0,0,0,1,0,0,0,0,0,0,0,0,3,1,1,0,0,8,1.6,1,2,1,0,1,13,2.6,f58284d424b04728, full,2,4,1491256935.0, yes, full,2,4, 20s, 4, yes, 3, 4, 1, 2, 1, 1, yes
game7d4d41609594b460.log,12,0,1,0,0,0,0,0,1,0,0,0,0,1,0,1,0,0,0,0,0,0,0,0,1,0,1,0,1,0,0,0,0,0,0,0,0,0,0,0,0,1,0,0,0,0,1,0,0,1,0,0,1,2,1,1,17,3.4,3,0,1,1,0,10,2.0,6ccededecee01838, full,3181,13,1490075484.0, no, intentional,2,18, , , , , , , , , , yes
game7d5461ab7d7250a3.log,19,0,1,0,0,0,1,0,0,0,0,0,0,1,0,0,1,1,0,0,0,0,0,0,0,0,0,0,0,0,0,0,1,0,0,0,2,1,0,0,0,0,0,0,0,0,0,1,0,0,0,2,2,1,0,0,9,1.8,2,3,0,0,0,8,1.6,19dbddedf07994e2, outer,7740,5,1490730310.0, no, outer,3,8, 30s, 4, yes, 4, 4, 4, 5, 3, 3, yes
game7d8df5fc6cfb0e45.log,9,1,0,0,1,0,1,0,0,0,0,0,0,1,0,0,0,1,0,0,0,0,0,0,0,0,0,0,1,0,0,0,0,0,0,0,0,0,0,1,0,0,0,0,0,0,2,0,0,1,0,2,1,1,1,0,11,2.2,2,0,1,2,0,13,2.6,ca0922b34e670338, outer,9705,14,1491932684.0, no, outer,1,13, 40s, 4, yes, 3, 4, 2, 3, 3, 3, yes
game7d99447a5c2ca6a2.log,6,1,1,0,0,0,0,0,0,0,0,1,0,1,0,0,0,0,0,0,0,1,0,0,0,0,0,0,1,0,1,0,0,0,0,0,0,0,0,1,0,1,0,1,0,0,0,0,0,0,0,3,1,1,0,0,8,1.6,1,0,2,1,1,16,3.2,ca0922b34e670338, outer,3827,5,1491876262.0, no, outer,1,13, 40s, 4, yes, 3, 4, 2, 3, 3, 3, yes
game7ddae608fafa1acb.log,12,0,0,0,0,0,0,0,1,0,0,1,1,0,0,1,0,1,0,0,0,0,0,0,0,0,0,0,0,0,0,0,0,0,1,1,1,0,0,1,0,0,0,0,0,0,0,0,0,0,1,1,2,1,0,1,13,2.6,1,0,0,2,2,19,3.8,8ccaf453a0801482, intentional,4785,18,1490523417.0, no, intentional,3,15, 20s, 4, yes, 4, 4, 2, 3, 2, 2, yes
game7ddde7817adaec0e.log,19,0,0,0,0,0,0,0,2,1,0,0,0,0,0,0,1,0,0,0,0,0,1,0,0,0,1,0,0,0,0,0,1,0,0,0,1,0,1,0,0,0,0,0,1,0,0,0,0,0,0,1,1,2,1,0,13,2.6,2,1,1,1,0,11,2.2,19dbddedf07994e2, intentional,670,5,1489735791.0, no, outer,3,8, 30s, 4, yes, 4, 4, 4, 5, 3, 3, yes
game7df7ef7b68c95a53.log,13,0,0,0,0,0,1,0,0,1,0,0,1,0,0,0,0,1,0,0,1,0,0,0,0,0,1,0,0,0,0,1,0,0,0,0,0,0,0,1,0,1,0,0,0,0,1,0,0,0,0,1,2,0,1,1,14,2.8,4,0,0,1,0,8,1.6,19dbddedf07994e2, full,299,13,1490731409.0, no, outer,3,8, 30s, 4, yes, 4, 4, 4, 5, 3, 3, yes
game7dfd299ffe6b526d.log,11,1,0,2,0,0,0,0,0,0,0,0,1,0,0,0,1,0,0,0,0,0,0,0,0,0,0,0,0,0,0,1,0,0,0,0,0,0,1,0,0,0,1,0,1,0,1,0,0,0,0,2,1,2,0,0,10,2.0,2,1,1,1,0,11,2.2,90c7b3288d046c3a, outer,5911,3,1492730016.0, no, outer,1,5, 20s, 3, no, 1, 1, 1, 3, 3, 4, yes
game7e23294e7b677793.log,3,0,1,0,0,0,0,0,1,0,0,0,0,1,1,1,0,0,0,0,0,0,0,0,0,0,0,0,0,0,0,0,2,1,0,0,1,0,1,0,0,0,0,0,0,0,0,0,0,0,0,0,1,2,1,1,17,3.4,1,2,2,0,0,11,2.2,ca0922b34e670338, outer,9061,7,1491852823.0, no, outer,1,13, 40s, 4, yes, 3, 4, 2, 3, 3, 3, yes
game7e52f828fc448870.log,11,1,0,0,0,0,0,1,0,0,0,1,0,0,0,0,0,0,0,1,0,0,0,1,0,0,1,0,0,1,0,0,0,1,0,0,0,0,0,1,0,0,1,0,0,0,0,0,0,0,0,2,1,1,1,0,11,2.2,1,1,1,2,0,14,2.8,1b17ab93ed1184b4, full,3337,18,1491725636.0, no, full,3,8, 40s, 4, yes, 2, 2, 1, 4, 4, 3, yes
game7e5ef8a2a656d064.log,7,0,0,0,0,0,0,0,0,0,1,0,1,0,0,0,0,0,0,0,0,0,1,1,1,0,0,1,0,0,0,0,1,0,0,0,0,0,0,0,0,1,0,0,0,0,1,1,0,0,0,0,2,1,1,1,16,3.2,2,3,0,0,0,8,1.6,0b1a2a0acb3dbf7d, full,8953,10,1490377298.0, no, outer,4,16, 50s, 3, yes, 2, 4, 1, 3, 3, 4, yes
game7e6386b86b5c1c29.log,0,0,0,0,1,0,0,0,0,0,0,1,1,0,0,0,0,0,0,0,0,1,0,0,0,1,0,0,0,0,0,0,1,0,0,0,0,0,0,0,0,0,0,0,1,0,0,0,1,2,0,2,1,0,1,1,13,2.6,0,1,1,3,0,17,3.4,ca0922b34e670338, full,8849,16,1492594179.0, no, outer,1,13, 40s, 4, yes, 3, 4, 2, 3, 3, 3, yes
game7e77c714733657cf.log,6,0,0,0,0,0,1,0,1,0,0,0,0,0,1,0,1,0,0,1,0,0,0,0,0,0,0,0,0,0,0,0,2,0,0,0,0,0,0,1,0,1,0,1,0,0,0,0,0,0,0,2,0,1,2,0,13,2.6,1,2,1,1,0,12,2.4,ca0922b34e670338, full,3596,9,1492714058.0, no, outer,1,13, 40s, 4, yes, 3, 4, 2, 3, 3, 3, yes
game7e7f103f97645bf6.log,7,0,0,1,0,0,0,0,0,1,0,1,0,0,0,0,1,0,0,0,0,1,0,0,0,0,0,0,0,0,0,0,0,0,0,0,0,0,1,1,1,0,0,0,0,1,0,0,0,1,0,3,0,1,1,0,10,2.0,0,0,1,2,2,21,4.2,b2855bce0b5908c6, intentional,3,16,1490320091.0, yes, intentional,3,16, 30s, 4, yes, 3, 4, 3, 4, 3, 4, yes
game7ed4645c7e9a2e35.log,9,1,0,0,1,0,1,1,0,1,0,0,0,0,0,0,0,0,0,0,0,0,0,0,0,0,0,0,0,0,0,0,0,0,1,0,0,0,0,1,1,0,0,0,1,0,0,1,0,0,0,2,1,0,2,0,12,2.4,0,1,0,3,1,19,3.8,609a6b966c25b4d1, outer,3901,14,1489700642.0, no, intentional,3,18, 30s, 4, no, 4, 4, 4, 3, 3, 3, yes
game7f09df1a9d60c7b5.log,13,0,0,0,0,0,0,0,1,0,0,0,0,0,0,0,0,0,1,0,0,0,1,0,1,1,0,0,0,0,0,1,0,0,0,0,1,1,1,1,0,0,0,0,0,0,0,0,0,0,0,0,1,2,1,1,17,3.4,2,1,1,1,0,11,2.2,19dbddedf07994e2, full,6630,17,1489919374.0, no, outer,3,8, 30s, 4, yes, 4, 4, 4, 5, 3, 3, yes
game7f158f9a47bce04d.log,13,0,0,1,0,1,0,0,1,0,0,1,0,0,1,0,0,0,0,0,0,0,0,0,0,0,1,0,0,0,0,0,0,0,0,0,1,0,0,1,0,0,0,1,0,0,0,0,0,0,1,1,0,2,1,1,16,3.2,2,0,1,1,1,14,2.8,bb36c89153d02b9a, full,3,6,1490636982.0, yes, full,3,6, 20s, 3, no, 3, 4, 2, 4, 3, 4, yes
game7ff31c572149bc1e.log,14,0,1,1,0,0,0,0,0,1,0,0,0,0,0,0,0,0,0,0,0,2,0,0,0,0,1,0,0,0,0,0,1,0,0,0,0,0,0,0,1,0,0,0,1,0,0,0,1,0,0,2,1,1,1,0,11,2.2,1,1,1,1,1,15,3.0,19dbddedf07994e2, outer,1981,6,1490136406.0, no, outer,3,8, 30s, 4, yes, 4, 4, 4, 5, 3, 3, yes
game7ffa53425662c05a.log,7,0,1,0,0,0,0,1,0,1,0,0,0,0,0,0,0,0,0,0,0,1,0,0,0,1,0,0,0,1,0,0,0,0,0,0,1,1,0,0,1,1,0,0,0,0,0,0,0,0,0,1,2,0,1,1,14,2.8,2,1,0,1,1,13,2.6,ca0922b34e670338, outer,7071,7,1492587491.0, no, outer,1,13, 40s, 4, yes, 3, 4, 2, 3, 3, 3, yes
game80061823602de349.log,17,0,0,0,0,0,0,0,0,1,0,1,0,0,0,0,0,0,0,0,1,1,0,0,0,1,0,0,0,0,1,0,0,0,0,1,0,0,0,1,0,1,0,0,1,0,0,0,0,0,0,2,0,0,1,2,16,3.2,1,0,0,2,2,19,3.8,ca0922b34e670338, full,9094,15,1491754756.0, no, outer,1,13, 40s, 4, yes, 3, 4, 2, 3, 3, 3, yes
game802e700236cc955f.log,4,0,0,0,0,0,0,1,0,0,0,1,0,0,0,0,0,1,0,0,0,0,1,0,1,0,0,0,0,0,0,0,0,0,0,0,0,0,1,0,0,1,0,1,0,1,0,1,0,0,0,1,3,0,1,0,11,2.2,1,1,2,0,1,14,2.8,ca0922b34e670338, outer,9726,13,1492549319.0, no, outer,1,13, 40s, 4, yes, 3, 4, 2, 3, 3, 3, yes
game803dbec30eb2b176.log,5,0,0,0,0,0,0,0,1,0,0,0,0,0,0,0,1,0,0,0,0,0,0,1,1,1,0,1,0,0,0,1,1,0,0,0,0,1,0,0,0,0,0,1,0,0,0,0,0,0,0,1,0,2,1,1,16,3.2,1,3,1,0,0,10,2.0,19dbddedf07994e2, intentional,1308,3,1490722910.0, no, outer,3,8, 30s, 4, yes, 4, 4, 4, 5, 3, 3, yes
game804d100dd15106c1.log,1,0,0,0,0,0,0,1,0,0,0,1,0,0,0,1,0,0,1,0,0,0,0,0,1,0,1,0,0,0,0,0,0,0,0,0,1,0,0,0,0,0,1,0,0,0,0,0,1,1,0,1,1,1,1,1,15,3.0,2,1,1,1,0,11,2.2,19dbddedf07994e2, intentional,5163,6,1490733798.0, no, outer,3,8, 30s, 4, yes, 4, 4, 4, 5, 3, 3, yes
game807b88b4ed80b841.log,5,1,0,0,0,0,0,0,0,0,0,0,1,0,0,0,0,0,0,0,0,1,1,0,1,0,0,0,0,1,1,1,0,1,0,0,0,0,0,0,0,0,0,0,0,0,0,0,1,0,0,2,2,0,1,0,10,2.0,1,0,2,1,1,16,3.2,19dbddedf07994e2, intentional,8658,3,1490291189.0, no, outer,3,8, 30s, 4, yes, 4, 4, 4, 5, 3, 3, yes
game8091ba3736a451ef.log,12,0,0,0,0,0,1,0,0,0,0,0,1,0,0,0,0,1,1,0,0,1,0,0,0,0,0,0,0,0,0,0,1,1,0,0,0,0,1,0,0,0,0,0,0,1,0,0,0,1,0,2,2,1,0,0,9,1.8,0,1,2,1,1,17,3.4,ca0922b34e670338, intentional,2909,18,1491932929.0, no, outer,1,13, 40s, 4, yes, 3, 4, 2, 3, 3, 3, yes
game80dd71ee5d5e1221.log,15,0,1,0,0,1,0,0,0,0,1,0,0,0,0,0,0,1,0,0,0,0,0,1,0,0,0,0,0,0,0,0,0,0,0,0,0,0,0,1,1,0,1,0,0,1,0,0,0,0,1,0,2,1,0,2,17,3.4,0,1,0,1,3,21,4.2,e94bf9e6daf555e4, full,6950,12,1490310492.0, no, intentional,1,14, , , , , , , , , , yes
game80ff7286f2ea02c2.log,2,0,0,1,0,0,0,0,0,0,0,0,1,0,0,1,0,0,0,0,0,1,1,0,0,0,0,0,0,0,0,0,0,0,0,0,0,0,1,1,0,1,0,0,0,0,1,0,0,1,0,1,2,1,0,1,13,2.6,2,0,1,2,0,13,2.6,19dbddedf07994e2, intentional,7398,14,1489918046.0, no, outer,3,8, 30s, 4, yes, 4, 4, 4, 5, 3, 3, yes
game813a896574b23a63.log,19,0,1,0,0,0,1,1,0,0,0,0,0,0,0,0,0,0,0,1,0,0,0,0,1,0,1,0,0,1,0,1,0,0,0,0,1,1,0,0,0,0,0,0,0,0,0,0,0,0,0,1,2,0,2,0,13,2.6,3,1,0,1,0,9,1.8,ca0922b34e670338, intentional,2742,17,1491793836.0, no, outer,1,13, 40s, 4, yes, 3, 4, 2, 3, 3, 3, yes
game818095007870966a.log,16,0,0,0,0,0,1,0,0,1,0,0,0,0,0,0,0,0,1,0,0,1,0,0,0,1,0,0,0,0,0,1,0,1,0,0,0,1,1,0,0,0,0,0,0,0,0,0,0,1,0,2,0,1,1,1,14,2.8,1,1,2,1,0,13,2.6,ca0922b34e670338, full,9113,18,1491757165.0, no, outer,1,13, 40s, 4, yes, 3, 4, 2, 3, 3, 3, yes
game818d450d0bb9b751.log,15,0,0,0,1,0,1,0,0,1,0,2,0,0,0,0,0,0,0,0,0,0,0,0,0,0,0,0,0,0,0,0,1,0,0,0,0,0,0,0,0,0,0,1,0,0,1,0,1,1,0,3,0,0,2,0,11,2.2,1,1,2,1,0,13,2.6,1593ac699e340f60, full,6156,21,1490327841.0, no, intentional,2,16, 30s, 4, yes, 1, 1, 1, 2, 2, 2, yes
game819d5a3abef57cb3.log,6,0,0,0,1,0,0,0,0,0,0,0,0,0,1,0,1,1,0,1,0,0,0,0,0,0,0,0,0,0,1,1,0,0,0,0,1,0,0,0,0,0,0,0,0,0,0,1,0,1,0,1,1,0,3,0,15,3.0,2,1,0,1,1,13,2.6,2119fe68a204e42a, full,7695,9,1490308999.0, no, outer,2,4, 20s, 4, yes, 4, 4, 4, 3, 2, 4, yes
game81a138b77dcc94f0.log,20,0,0,0,0,0,0,1,0,0,1,0,0,0,0,0,0,1,1,0,0,0,1,0,0,0,0,1,0,0,0,0,0,1,0,0,0,1,0,0,0,0,0,0,0,0,1,0,1,0,0,0,3,1,0,1,14,2.8,1,2,2,0,0,11,2.2,ca0922b34e670338, outer,9969,15,1492587386.0, no, outer,1,13, 40s, 4, yes, 3, 4, 2, 3, 3, 3, yes
game81bf32034d17f798.log,16,1,1,0,0,0,0,2,0,1,0,0,0,0,0,0,0,0,0,0,0,0,0,0,0,0,0,0,0,0,0,0,0,0,0,0,0,1,0,1,0,0,0,0,0,0,2,0,0,1,0,1,3,0,1,0,11,2.2,2,1,0,2,0,12,2.4,ca0922b34e670338, full,907,7,1491909729.0, no, outer,1,13, 40s, 4, yes, 3, 4, 2, 3, 3, 3, yes
game81f0eb68d08c4101.log,11,1,0,0,0,0,0,0,0,1,0,1,0,0,0,0,0,0,0,1,0,1,0,0,0,0,0,0,1,0,0,0,0,1,0,0,1,1,0,1,0,0,0,0,0,0,0,0,0,0,0,3,0,0,2,0,11,2.2,1,1,2,1,0,13,2.6,f87d30729e499d72, full,2,9,1491409312.0, yes, full,2,9, 30s, 3, yes, 1, 1, 1, 4, 3, 4, yes
game8223c52fe962127e.log,14,0,0,0,0,1,0,0,0,0,0,0,0,0,0,0,0,0,1,0,0,1,1,0,1,0,0,0,0,0,0,0,0,0,0,0,0,0,0,2,0,0,0,0,0,0,1,0,1,0,1,1,1,1,1,1,15,3.0,1,0,1,2,1,17,3.4,cfae3ca2f65f0b94, intentional,2436,17,1490366322.0, no, intentional,1,15, , , , , , , , , , yes
game82566ac149885141.log,8,0,0,0,0,0,1,0,0,0,0,1,1,0,0,0,0,0,0,1,1,0,0,0,0,0,0,0,0,0,0,1,0,1,0,0,0,0,0,1,0,0,1,0,0,0,0,0,0,1,0,2,1,0,1,1,13,2.6,1,1,1,2,0,14,2.8,9e777a71681dfa82, outer,2,13,1490124006.0, yes, outer,2,13, 40s, 4, yes, 3, 4, 1, 3, 2, 4, yes
game82b651ad40164d2f.log,4,0,1,0,0,0,1,0,0,1,0,0,0,0,0,0,0,0,0,0,0,0,1,0,1,0,0,1,1,0,0,1,0,0,0,0,0,0,0,0,0,1,0,0,0,0,0,0,1,0,0,1,2,0,2,0,13,2.6,2,1,2,0,0,10,2.0,2119fe68a204e42a, outer,5248,12,1490316106.0, no, outer,2,4, 20s, 4, yes, 4, 4, 4, 3, 2, 4, yes
game82c5f7dabf473542.log,12,0,0,0,0,1,0,0,1,1,0,0,0,0,0,0,0,0,0,0,0,2,0,0,0,0,0,0,0,0,0,0,0,0,0,0,0,1,0,0,0,0,1,0,0,1,1,0,0,1,0,2,0,1,1,1,14,2.8,1,2,0,1,1,14,2.8,19dbddedf07994e2, outer,8864,7,1490135597.0, no, outer,3,8, 30s, 4, yes, 4, 4, 4, 5, 3, 3, yes
game82f207000378c5dc.log,9,0,0,1,0,0,0,0,0,0,1,1,0,0,0,0,0,0,0,0,0,0,1,0,1,0,0,0,0,0,0,1,0,0,1,0,1,0,0,0,0,0,0,0,0,0,0,1,1,0,0,1,1,1,1,1,15,3.0,2,1,1,1,0,11,2.2,19dbddedf07994e2, intentional,2102,5,1490291112.0, no, outer,3,8, 30s, 4, yes, 4, 4, 4, 5, 3, 3, yes
game830ba246b7b5b436.log,16,0,0,0,0,0,1,1,1,0,0,0,0,0,0,0,0,0,1,0,0,0,0,1,0,0,0,1,0,0,0,0,0,0,0,0,1,0,0,0,0,0,0,0,1,0,0,0,0,2,0,1,1,3,0,0,12,2.4,1,1,0,3,0,15,3.0,77b66a0509916d51, intentional,2,16,1490370859.0, yes, intentional,2,16, 50s, 3, yes, 2, 4, 1, 3, 3, 4, yes
game83118f8a03440d18.log,17,0,0,0,1,0,0,0,0,0,0,1,0,0,0,0,1,0,1,0,0,0,1,0,0,0,0,0,0,0,0,1,1,0,0,0,1,0,0,0,0,0,0,0,0,0,1,0,1,0,0,2,1,1,1,0,11,2.2,3,1,1,0,0,8,1.6,ca0922b34e670338, intentional,2740,12,1491845479.0, no, outer,1,13, 40s, 4, yes, 3, 4, 2, 3, 3, 3, yes
game8320755158be7dd1.log,2,0,0,0,0,0,1,0,0,0,0,0,0,0,0,0,0,1,0,0,0,0,1,1,1,0,1,0,0,1,1,0,0,1,0,0,0,0,1,0,0,0,0,0,0,0,0,0,0,0,0,1,2,1,1,0,12,2.4,1,0,2,1,1,16,3.2,19dbddedf07994e2, outer,4,17,1490722278.0, no, outer,3,8, 30s, 4, yes, 4, 4, 4, 5, 3, 3, yes
game83240fa4e3e829c4.log,17,0,0,0,0,0,1,0,0,1,0,1,0,0,0,0,1,0,1,0,0,0,0,0,0,0,1,0,1,1,0,1,0,0,0,0,0,0,0,0,0,0,0,0,0,0,1,0,0,0,0,3,0,1,1,0,10,2.0,3,0,1,1,0,10,2.0,5d82cb8a155dbd34, outer,7906,2,1490300703.0, no, full,5,21, 20s, 4, yes, 3, 4, 3, 4, 5, 5, yes
game833388c4ae1988de.log,18,1,0,0,0,0,1,0,0,1,0,1,0,0,0,1,0,0,0,0,0,0,0,0,0,0,0,0,0,0,0,1,0,0,0,0,0,1,1,1,0,0,1,0,0,0,0,0,0,0,0,3,0,0,1,1,12,2.4,1,2,1,1,0,12,2.4,ca0922b34e670338, outer,6580,14,1491853396.0, no, outer,1,13, 40s, 4, yes, 3, 4, 2, 3, 3, 3, yes
game836ad2b9b26bbc3f.log,10,0,1,0,0,0,1,1,0,0,0,0,0,0,1,0,0,0,0,0,0,1,0,0,0,0,0,0,0,0,0,0,0,1,0,1,0,0,0,0,0,0,0,1,0,0,0,0,0,2,0,2,2,0,1,0,10,2.0,0,0,2,2,1,19,3.8,ca0922b34e670338, outer,5977,16,1492561425.0, no, outer,1,13, 40s, 4, yes, 3, 4, 2, 3, 3, 3, yes
game83aac174f03162b2.log,18,0,0,1,0,0,0,0,0,0,0,0,0,1,0,0,1,0,0,1,0,1,0,0,0,0,0,0,0,1,1,0,0,0,0,0,0,0,0,0,1,0,0,0,0,1,0,1,0,0,0,2,0,2,1,0,12,2.4,0,1,0,1,3,21,4.2,19dbddedf07994e2, intentional,3672,16,1490311324.0, no, outer,3,8, 30s, 4, yes, 4, 4, 4, 5, 3, 3, yes
game83d1bccedd2e7987.log,14,0,0,0,0,0,1,0,1,0,0,0,0,0,0,1,0,0,0,0,0,1,0,0,1,0,0,0,0,0,0,0,0,0,1,1,0,0,0,1,0,0,1,0,0,0,0,0,0,1,0,2,0,1,1,1,14,2.8,0,1,0,3,1,19,3.8,ca0922b34e670338, full,1539,12,1491758099.0, no, outer,1,13, 40s, 4, yes, 3, 4, 2, 3, 3, 3, yes
game83e549ae25af3c06.log,20,2,0,0,0,0,0,0,0,0,0,0,0,0,0,0,1,0,1,0,0,1,0,0,0,0,0,1,1,0,1,0,0,0,0,0,0,0,0,0,0,0,0,0,1,0,0,0,1,0,0,4,0,1,0,0,7,1.4,0,1,2,1,1,17,3.4,0313454f0e513527, full,3094,12,1490326949.0, no, outer,2,7, , , , , , , 3, 2, 4, yes
game83f525db7ff1a2a1.log,16,1,0,0,0,0,1,1,0,0,0,0,0,0,0,0,0,1,0,0,0,0,1,0,0,0,0,0,0,0,0,0,0,0,1,0,1,0,0,0,0,0,0,1,1,0,0,0,0,0,1,2,3,0,0,0,8,1.6,1,0,1,2,1,17,3.4,ae75dd4c2c8dc843, intentional,3896,7,1489699421.0, no, full,1,1, 50s, 3, no, 1, 1, 1, 4, 3, 4, yes
game840a51ff9dda5b42.log,5,0,0,1,1,0,0,0,0,1,0,0,0,0,1,0,0,0,0,0,0,0,0,1,0,0,0,0,0,0,0,1,0,0,0,0,1,1,0,0,0,0,1,0,0,0,1,0,0,0,0,0,0,2,3,0,18,3.6,3,2,0,0,0,7,1.4,ca0922b34e670338, intentional,7282,16,1492564151.0, no, outer,1,13, 40s, 4, yes, 3, 4, 2, 3, 3, 3, yes
game84134044d65a3ac0.log,5,1,0,0,0,0,0,0,1,1,0,0,0,0,0,0,0,0,1,0,0,0,0,0,0,1,0,0,0,1,0,1,0,0,1,0,0,0,1,0,0,0,0,0,0,0,0,0,0,1,0,1,0,2,1,1,16,3.2,1,0,1,3,0,16,3.2,19dbddedf07994e2, full,7242,7,1490533380.0, no, outer,3,8, 30s, 4, yes, 4, 4, 4, 5, 3, 3, yes
game8416ee361bb2c8e2.log,12,1,0,0,1,0,0,0,0,0,0,0,0,0,0,0,0,1,1,0,0,0,1,0,0,0,1,1,0,0,1,0,0,0,0,0,0,0,0,0,0,0,0,0,1,0,0,0,1,0,0,1,2,1,1,0,12,2.4,1,1,1,1,1,15,3.0,ca0922b34e670338, outer,1941,14,1492585145.0, no, outer,1,13, 40s, 4, yes, 3, 4, 2, 3, 3, 3, yes
game8455e9f1f67caa9e.log,7,1,0,0,1,0,1,0,0,0,0,1,0,0,0,0,0,0,0,0,1,0,0,0,0,0,0,0,1,0,0,0,0,1,0,0,0,1,0,0,0,0,0,0,0,0,0,1,1,0,0,3,0,0,1,1,12,2.4,0,2,3,0,0,13,2.6,e55525e0b2004294, outer,2379,13,1490336183.0, no, intentional,5,19, 20s, 4, yes, 4, 4, 4, 3, 3, 3, yes
game84a464d17c2d8b2c.log,18,1,0,0,0,0,0,1,0,0,0,1,0,1,0,0,0,1,0,0,0,0,0,0,0,0,0,1,0,0,0,2,0,0,0,0,0,1,1,0,0,0,0,0,0,0,0,0,0,0,0,2,2,1,0,0,9,1.8,2,2,1,0,0,9,1.8,8fef31f6e130d228, intentional,4586,19,1490092609.0, no, intentional,2,16, 30s, 4, yes, 4, 4, 3, 2, 2, 2, yes
game84c8bd4b5788ff42.log,16,0,0,0,0,0,0,0,0,0,0,1,0,0,0,0,0,0,0,0,1,0,1,0,1,1,1,1,0,0,1,0,1,0,0,0,0,0,0,0,0,0,1,0,0,0,0,0,0,0,0,1,1,0,1,2,17,3.4,1,3,0,0,1,12,2.4,ca0922b34e670338, intentional,7652,14,1492588012.0, no, outer,1,13, 40s, 4, yes, 3, 4, 2, 3, 3, 3, yes
game84f7fa767ccc68aa.log,17,0,0,1,0,0,0,1,0,0,0,2,0,0,1,0,0,0,0,0,0,0,0,0,0,0,1,1,0,1,0,0,0,0,0,0,0,0,0,0,0,0,0,0,0,0,0,0,0,1,1,2,1,1,1,0,11,2.2,1,1,0,2,1,16,3.2,ca0922b34e670338, outer,4984,7,1491909345.0, no, outer,1,13, 40s, 4, yes, 3, 4, 2, 3, 3, 3, yes
game850226d74a18c20a.log,17,1,2,0,0,0,0,0,0,0,0,1,0,0,0,0,0,0,0,0,0,0,0,0,1,0,1,0,1,1,0,0,1,0,0,0,0,0,0,0,0,1,0,0,0,0,0,0,0,0,0,2,2,0,1,0,10,2.0,2,1,1,1,0,11,2.2,19dbddedf07994e2, full,2503,16,1489737535.0, no, outer,3,8, 30s, 4, yes, 4, 4, 4, 5, 3, 3, yes
game8507833a4a869773.log,14,0,0,0,0,0,0,0,0,0,0,0,0,1,0,0,0,1,1,0,0,1,1,0,0,0,0,0,0,0,0,1,0,1,0,0,0,0,0,1,0,0,0,0,0,0,1,0,1,0,0,1,2,2,0,0,11,2.2,2,0,2,1,0,12,2.4,b42f6b3c826e14ff, full,281,7,1490366862.0, no, outer,3,5, 30s, 4, yes, 3, 3, 3, 3, 2, 2, yes
game8512e7886aa014d4.log,10,1,0,0,0,0,0,0,0,0,0,1,0,0,0,0,1,0,1,0,0,1,0,0,0,0,0,0,0,0,0,0,0,0,1,0,0,2,0,1,0,0,0,1,0,0,0,0,0,0,0,4,0,1,0,0,7,1.4,0,2,1,2,0,15,3.0,ca0922b34e670338, full,5059,6,1491938348.0, no, outer,1,13, 40s, 4, yes, 3, 4, 2, 3, 3, 3, yes
game852a0424bb41f496.log,15,0,1,0,1,0,0,0,0,0,0,0,0,1,0,0,0,0,1,0,0,0,0,1,0,0,0,0,0,0,0,0,0,0,1,0,0,0,0,0,0,0,1,0,1,1,1,0,0,0,0,0,1,3,1,0,15,3.0,1,1,0,2,1,16,3.2,90c7b3288d046c3a, outer,8605,3,1492732839.0, no, outer,1,5, 20s, 3, no, 1, 1, 1, 3, 3, 4, yes
game8567b9c929859f29.log,5,0,0,0,0,0,1,0,0,0,0,1,0,0,0,0,1,0,0,0,0,1,0,1,0,0,0,0,0,0,0,0,0,0,1,0,0,0,0,0,0,0,0,2,1,0,0,0,0,1,0,4,0,1,0,0,7,1.4,0,0,2,3,0,18,3.6,19dbddedf07994e2, intentional,5773,14,1489702724.0, no, outer,3,8, 30s, 4, yes, 4, 4, 4, 5, 3, 3, yes
game8587344eb7bea408.log,6,1,0,1,0,0,0,0,0,0,0,0,1,0,0,0,0,0,0,0,0,0,0,1,1,0,0,0,0,0,0,0,1,2,0,0,0,1,0,0,0,0,0,0,0,0,0,0,1,0,0,1,1,2,1,0,13,2.6,0,2,3,0,0,13,2.6,5f60b9ee05cf73cc, intentional,4822,10,1490317012.0, no, full,2,18, 20s, 4, yes, 3, 3, 1, 4, 4, 4, yes
game85984dfc4a691427.log,6,0,0,0,1,0,0,1,0,1,0,0,0,0,1,0,0,0,0,0,0,1,0,0,0,0,1,0,0,0,0,0,0,0,0,0,1,0,0,0,0,0,0,1,1,0,0,0,1,0,0,1,1,0,3,0,15,3.0,2,0,2,1,0,12,2.4,ca0922b34e670338, full,514,9,1491906314.0, no, outer,1,13, 40s, 4, yes, 3, 4, 2, 3, 3, 3, yes
game85a430d92e16157c.log,19,0,0,0,0,1,0,0,0,0,0,1,0,0,0,0,0,0,0,0,0,0,2,1,0,0,0,0,0,0,0,1,0,1,0,0,1,0,0,0,0,0,0,1,1,0,0,0,0,0,0,1,2,1,0,1,13,2.6,2,0,2,1,0,12,2.4,7d60c2f6cdea2895, intentional,621,18,1490020158.0, no, full,4,2, 30s, 3, yes, 2, 4, 1, 2, 2, 2, yes
game85d03e9020b2c4ad.log,16,0,0,0,1,0,0,0,0,1,0,0,1,0,1,0,0,0,0,0,0,0,0,0,0,1,1,1,0,0,0,0,0,0,0,0,0,0,0,0,0,1,0,0,1,0,1,0,0,0,0,0,1,0,3,1,19,3.8,3,1,0,1,0,9,1.8,ca0922b34e670338, full,5878,18,1491937058.0, no, outer,1,13, 40s, 4, yes, 3, 4, 2, 3, 3, 3, yes
game85e0c2ec7c68c4e4.log,7,0,1,0,0,0,0,0,0,0,0,0,0,1,0,0,0,0,0,1,1,1,0,0,0,0,0,0,0,0,0,1,0,0,0,0,0,0,1,0,0,1,0,0,0,0,1,0,0,1,0,1,1,1,1,1,15,3.0,3,0,1,1,0,10,2.0,ca0922b34e670338, full,8247,15,1491770479.0, no, outer,1,13, 40s, 4, yes, 3, 4, 2, 3, 3, 3, yes
game85f4f610ab20f4bd.log,5,0,0,0,1,0,0,0,0,0,0,0,0,0,0,0,1,1,0,0,1,0,0,1,0,0,0,0,1,0,0,1,0,0,1,0,0,1,0,0,0,0,0,0,0,0,1,0,0,0,0,1,1,1,1,1,15,3.0,2,1,1,1,0,11,2.2,cf2a5d42843b7397, intentional,789,15,1490410578.0, no, intentional,4,17, 30s, 4, yes, 3, 4, 1, 3, 3, 2, yes
game8624ccd649236b37.log,5,0,1,0,0,0,1,0,1,0,0,0,0,0,0,0,0,0,0,1,0,0,0,1,0,0,0,0,0,0,0,0,0,0,1,0,1,0,0,1,0,0,0,0,0,0,1,0,0,1,0,1,1,2,1,0,13,2.6,2,0,0,3,0,14,2.8,ca0922b34e670338, full,986,19,1492713491.0, no, outer,1,13, 40s, 4, yes, 3, 4, 2, 3, 3, 3, yes
game862d5bbad4ecf8fa.log,18,0,0,1,0,1,1,0,0,0,0,1,0,0,0,0,0,0,0,1,0,0,0,0,0,0,0,0,0,0,0,0,0,0,0,0,0,1,0,1,1,1,0,0,0,0,0,0,0,0,1,2,0,1,1,1,14,2.8,1,1,0,1,2,17,3.4,b413fa2ae9b71b8f, full,4,2,1490371916.0, yes, full,4,2, 20s, 4, yes, 3, 4, 3, 1, 1, 1, yes
game865058b15880d944.log,12,0,1,0,0,0,1,0,0,0,0,1,0,0,0,0,1,0,0,0,0,0,1,0,0,0,0,0,0,0,0,1,0,0,0,0,0,1,0,0,0,0,0,1,0,0,0,1,0,0,1,3,2,0,0,0,7,1.4,1,2,1,0,1,13,2.6,ca0922b34e670338, full,2652,20,1491930871.0, no, outer,1,13, 40s, 4, yes, 3, 4, 2, 3, 3, 3, yes
game8666f81174608177.log,16,0,0,1,0,0,1,0,0,0,0,1,1,0,1,0,0,0,0,0,0,0,0,0,0,0,0,0,0,0,0,0,1,0,0,1,1,0,0,0,0,0,0,1,0,0,0,0,0,0,1,2,1,1,1,0,11,2.2,1,1,1,0,2,16,3.2,4884f857be239a22, full,8196,21,1489700527.0, no, full,1,18, 20s, 1, no, 1, , 1, 3, 4, 5, yes
game86898c1b1a418459.log,19,1,0,0,0,0,0,0,0,0,0,0,0,2,0,0,1,0,1,0,0,0,0,0,0,0,0,0,1,0,0,1,0,1,1,0,0,0,0,0,0,0,0,0,0,1,0,0,0,0,0,2,0,3,0,0,11,2.2,1,0,2,1,1,16,3.2,ca0922b34e670338, full,6282,21,1491943142.0, no, outer,1,13, 40s, 4, yes, 3, 4, 2, 3, 3, 3, yes
game86a126c50fd2b462.log,4,0,0,0,1,0,0,0,0,0,0,0,0,1,0,0,1,0,0,1,0,0,0,0,1,0,0,0,0,0,0,0,0,1,1,0,0,0,1,0,0,1,0,0,0,0,0,1,0,0,0,1,0,1,3,0,16,3.2,1,1,2,1,0,13,2.6,19dbddedf07994e2, full,9046,19,1490733431.0, no, outer,3,8, 30s, 4, yes, 4, 4, 4, 5, 3, 3, yes
game86f17ac44dc7e324.log,9,0,1,1,0,0,0,0,0,0,0,0,1,0,1,0,0,0,0,0,0,0,0,0,0,1,0,1,0,1,0,0,0,0,0,0,0,0,0,0,0,1,1,0,0,0,1,0,0,0,0,0,2,1,1,1,16,3.2,2,2,0,1,0,10,2.0,ca0922b34e670338, outer,4108,7,1491931251.0, no, outer,1,13, 40s, 4, yes, 3, 4, 2, 3, 3, 3, yes
game86f2f2a72520185e.log,3,1,0,0,0,0,0,0,0,0,0,0,0,0,0,0,0,0,0,0,0,1,1,1,1,0,0,0,1,0,0,0,0,0,0,0,0,0,1,1,0,0,0,1,1,0,0,0,0,0,0,2,1,1,1,0,11,2.2,0,0,3,2,0,17,3.4,19dbddedf07994e2, full,7326,9,1489740326.0, no, outer,3,8, 30s, 4, yes, 4, 4, 4, 5, 3, 3, yes
game86f78bf7d5758562.log,6,0,1,1,0,0,0,0,0,0,1,0,0,0,1,0,1,0,0,0,0,0,0,0,0,0,1,0,0,0,0,0,0,1,0,0,0,0,0,0,0,1,1,0,0,0,0,0,1,0,0,1,1,1,1,1,15,3.0,2,1,2,0,0,10,2.0,2d784fe60bc13843, intentional,9502,18,1490327708.0, no, intentional,4,12, 30s, 4, yes, 1, 1, 1, 3, 2, 4, yes
game86f839e308ec2ee7.log,17,0,1,0,0,0,1,0,0,1,0,0,1,0,0,0,0,0,0,0,0,0,0,1,0,0,0,0,0,1,0,0,0,0,0,0,0,0,0,0,1,1,0,1,0,0,0,0,0,1,0,1,2,1,1,0,12,2.4,1,0,1,2,1,17,3.4,b42f6b3c826e14ff, intentional,3649,10,1490366747.0, no, outer,3,5, 30s, 4, yes, 3, 3, 3, 3, 2, 2, yes
game86f8702bf14dc7bd.log,21,0,1,0,0,0,0,0,1,0,0,0,0,0,0,0,1,1,0,0,1,0,0,0,0,0,1,0,1,0,0,0,0,0,0,0,1,1,0,1,0,0,0,0,0,0,0,0,0,0,0,1,2,1,0,1,13,2.6,2,1,1,1,0,11,2.2,ca0922b34e670338, full,5184,9,1491756761.0, no, outer,1,13, 40s, 4, yes, 3, 4, 2, 3, 3, 3, yes
game870b80d33036bace.log,16,0,0,0,1,0,1,0,0,0,0,0,1,0,0,0,0,0,1,1,0,0,0,0,0,0,1,0,1,0,0,0,0,0,0,0,0,0,0,0,0,1,0,0,0,1,1,0,0,0,0,1,1,1,2,0,14,2.8,3,0,1,0,1,11,2.2,4884f857be239a22, outer,1871,13,1489699008.0, no, full,1,18, 20s, 1, no, 1, , 1, 3, 4, 5, yes
game8760121d0bf624cd.log,16,0,0,1,0,0,0,0,0,0,0,0,0,1,1,1,0,1,0,0,0,0,0,0,0,0,1,0,1,0,0,0,0,0,0,0,0,0,0,0,0,0,0,0,0,0,0,0,1,1,1,0,1,2,1,1,17,3.4,1,0,2,1,1,16,3.2,ca0922b34e670338, outer,6987,3,1492727379.0, no, outer,1,13, 40s, 4, yes, 3, 4, 2, 3, 3, 3, yes
game876eb44aafbc1562.log,19,0,0,0,0,0,1,0,1,0,0,0,0,0,0,0,0,1,0,0,0,0,1,0,0,1,0,0,0,0,1,0,0,0,1,0,1,0,0,0,0,1,0,1,0,0,0,0,0,0,0,1,2,1,0,1,13,2.6,2,0,1,1,1,14,2.8,19dbddedf07994e2, outer,1280,5,1489920806.0, no, outer,3,8, 30s, 4, yes, 4, 4, 4, 5, 3, 3, yes
game87b5a8ed46a54b2b.log,10,0,0,0,1,0,0,1,0,1,1,0,0,0,0,0,1,0,0,0,0,0,0,0,0,0,0,0,1,0,0,0,0,0,0,0,0,1,0,0,0,0,0,1,1,0,1,0,0,0,0,1,1,0,2,1,16,3.2,1,1,2,1,0,13,2.6,ca0922b34e670338, outer,2299,16,1491753938.0, no, outer,1,13, 40s, 4, yes, 3, 4, 2, 3, 3, 3, yes
game87cac4e316cf4bf6.log,17,0,0,1,0,0,0,0,1,0,1,0,0,0,0,0,0,1,0,0,0,0,1,0,0,0,0,0,0,1,0,0,0,0,0,0,0,1,0,0,0,1,0,0,0,0,1,0,0,0,1,0,2,2,0,1,15,3.0,2,1,0,1,1,13,2.6,ca0922b34e670338, outer,7845,16,1492582976.0, no, outer,1,13, 40s, 4, yes, 3, 4, 2, 3, 3, 3, yes
game87d6ee3c82aafa99.log,8,0,1,0,1,0,0,1,0,1,0,0,0,0,0,0,0,0,1,0,0,0,0,0,0,0,0,0,0,0,0,0,0,0,0,0,1,0,0,0,0,0,1,0,1,0,0,0,0,1,1,0,2,1,2,0,15,3.0,1,1,0,2,1,16,3.2,ca0922b34e670338, full,2133,15,1491925796.0, no, outer,1,13, 40s, 4, yes, 3, 4, 2, 3, 3, 3, yes
game87e6bda9c22ef804.log,14,0,0,1,0,0,0,0,1,0,0,0,0,1,0,0,0,0,0,1,0,0,0,0,0,1,0,0,0,0,1,1,0,0,0,1,0,0,0,0,0,1,0,0,0,0,0,0,0,1,0,0,0,3,1,1,18,3.6,2,0,0,1,2,16,3.2,19dbddedf07994e2, outer,848,6,1490290851.0, no, outer,3,8, 30s, 4, yes, 4, 4, 4, 5, 3, 3, yes
game8802d08cce99f335.log,11,0,0,0,0,1,1,0,0,1,0,1,0,0,0,0,0,0,0,0,0,0,1,0,0,0,0,1,0,0,0,0,0,0,1,0,0,0,0,0,0,2,0,0,0,0,0,0,0,1,0,2,1,0,1,1,13,2.6,2,1,0,2,0,12,2.4,4884f857be239a22, full,4976,10,1489701142.0, no, full,1,18, 20s, 1, no, 1, , 1, 3, 4, 5, yes
game8813712622e5c3eb.log,14,0,0,0,0,0,1,0,0,1,0,1,0,0,0,1,0,1,0,0,0,0,0,0,0,0,1,1,0,0,0,0,0,0,0,0,0,1,0,0,0,0,0,0,0,1,1,0,0,0,0,2,1,0,1,1,13,2.6,2,2,0,0,1,11,2.2,53b26ce8a91654ea, full,1,15,1490111877.0, yes, full,1,15, 30s, 4, yes, 4, 4, 4, 5, 2, 3, yes
game8821c7be54f3397c.log,6,0,0,0,0,0,0,0,1,0,0,0,1,1,0,0,0,0,1,1,0,0,0,0,0,0,0,0,1,0,0,0,0,0,0,1,0,0,0,1,0,0,0,0,0,0,1,1,0,0,0,0,1,3,1,0,15,3.0,1,1,1,1,1,15,3.0,cf2a5d42843b7397, full,5798,11,1490409977.0, no, intentional,4,17, 30s, 4, yes, 3, 4, 1, 3, 3, 2, yes
game88246f21c64ef020.log,11,0,1,0,0,0,0,0,1,0,0,0,0,0,0,0,0,0,0,0,0,0,0,2,1,0,1,0,0,1,0,0,0,0,0,0,0,0,1,0,1,0,1,0,0,0,0,0,0,0,0,0,1,3,1,0,15,3.0,1,1,1,1,1,15,3.0,ca0922b34e670338, full,7757,6,1491788076.0, no, outer,1,13, 40s, 4, yes, 3, 4, 2, 3, 3, 3, yes
game884730f97761d2e1.log,16,0,0,0,1,0,0,1,1,0,0,0,0,0,0,0,0,1,0,1,0,0,0,0,0,0,0,0,0,0,0,1,0,0,0,0,0,0,1,0,1,0,1,0,0,0,1,0,0,0,0,0,2,1,2,0,15,3.0,2,1,1,0,1,12,2.4,1b17ab93ed1184b4, intentional,7914,17,1491684241.0, no, full,3,8, 40s, 4, yes, 2, 2, 1, 4, 4, 3, yes
game8870b0891415a90e.log,7,0,0,0,0,0,0,0,0,1,0,0,0,2,0,0,1,0,0,0,0,0,0,1,0,0,0,1,0,1,0,0,1,0,1,0,0,0,0,0,0,0,1,0,0,0,0,0,0,0,0,1,0,3,1,0,14,2.8,0,3,0,2,0,14,2.8,19dbddedf07994e2, outer,8016,5,1489735257.0, no, outer,3,8, 30s, 4, yes, 4, 4, 4, 5, 3, 3, yes
game88806743404b633a.log,5,1,0,0,0,0,0,0,0,1,0,0,1,0,0,0,0,1,0,0,0,0,1,0,0,0,0,0,0,0,0,0,0,1,0,0,0,0,0,1,0,0,1,0,0,0,1,1,0,0,0,1,3,0,1,0,11,2.2,1,2,1,1,0,12,2.4,11b4d243a5de3777, full,1639,9,1490334259.0, no, outer,3,3, 20s, 4, yes, 3, 4, 3, 5, 1, 1, yes
game88830c7fa344b1bd.log,20,0,0,0,0,1,0,0,0,0,1,1,0,0,0,0,0,0,0,0,0,0,1,0,1,0,0,0,0,0,0,2,0,0,0,0,0,1,0,1,0,0,0,0,0,1,0,0,0,0,0,1,1,0,1,2,17,3.4,2,1,0,1,1,13,2.6,1b17ab93ed1184b4, full,8972,11,1491706624.0, no, full,3,8, 40s, 4, yes, 2, 2, 1, 4, 4, 3, yes
game889477811c7b9a01.log,16,0,0,0,0,0,1,0,1,0,1,0,0,0,0,0,0,0,2,0,0,0,0,0,0,0,0,0,0,0,0,0,0,0,0,0,1,1,0,0,0,0,0,0,0,1,0,1,0,0,1,1,0,3,0,1,15,3.0,1,2,0,0,2,15,3.0,3c9aaeb0d04b438d, outer,1,10,1490306954.0, yes, outer,1,10, 20s, 4, yes, 3, 4, 2, 3, 1, 2, yes
game88c738397fc3edc7.log,15,1,0,0,0,0,0,0,0,0,0,0,1,0,1,1,0,0,1,0,0,0,0,0,0,0,0,0,0,0,0,0,0,0,0,0,1,0,1,1,0,0,0,0,1,0,1,0,0,0,0,1,1,1,1,1,15,3.0,2,0,1,2,0,13,2.6,5f60b9ee05cf73cc, intentional,5656,17,1490316042.0, no, full,2,18, 20s, 4, yes, 3, 3, 1, 4, 4, 4, yes
game88d5d83f411325c8.log,17,0,0,0,0,0,0,0,0,1,1,0,0,1,1,0,0,1,0,0,0,0,0,0,0,0,0,1,1,0,0,0,1,0,0,0,0,0,0,0,0,2,0,0,0,0,0,0,0,0,0,0,1,1,2,1,18,3.6,2,2,1,0,0,9,1.8,225448dc520d9fde, outer,3560,11,1490140219.0, no, outer,5,13, 30s, 4, yes, 4, 4, 3, 2, 2, 2, yes
game88f3ada471586b5b.log,7,0,0,1,0,0,1,1,0,0,0,0,0,0,0,0,0,1,1,0,0,0,0,0,0,0,1,0,0,0,0,0,1,1,0,0,0,2,0,0,0,0,0,0,0,0,0,0,0,0,0,1,2,2,0,0,11,2.2,1,3,1,0,0,10,2.0,2119fe68a204e42a, full,3398,22,1490316687.0, no, outer,2,4, 20s, 4, yes, 4, 4, 4, 3, 2, 4, yes
game8927470fa8d538a3.log,17,0,1,0,0,0,0,1,0,1,0,0,0,0,1,0,0,0,0,1,0,0,0,0,0,0,0,1,1,0,0,0,0,0,1,0,0,1,0,0,0,0,0,0,0,0,0,1,0,0,0,0,2,0,3,0,16,3.2,0,3,1,1,0,13,2.6,ca0922b34e670338, outer,455,15,1492563060.0, no, outer,1,13, 40s, 4, yes, 3, 4, 2, 3, 3, 3, yes
game8957be9657eceb0a.log,18,0,0,0,1,0,2,0,0,0,0,0,0,0,0,1,0,0,0,0,0,1,0,0,0,0,1,0,0,0,0,0,1,0,0,0,0,0,0,0,0,1,0,0,1,1,0,0,0,0,0,3,0,0,1,1,12,2.4,2,1,0,1,1,13,2.6,19dbddedf07994e2, full,3945,17,1489704227.0, no, outer,3,8, 30s, 4, yes, 4, 4, 4, 5, 3, 3, yes
game89ad0c9c2c0d4caa.log,4,0,0,0,0,0,0,0,0,0,0,0,1,1,0,0,1,0,1,0,0,0,0,0,1,0,0,0,0,0,1,0,0,0,0,0,0,0,0,2,0,0,0,0,1,0,0,1,0,0,0,1,1,2,1,0,13,2.6,0,1,0,3,1,19,3.8,7c410fab0792a1a6, full,3453,18,1490319798.0, no, full,5,4, 20s, 4, yes, 3, 3, 3, 3, 1, 1, yes
game89c2c75c5c6093c6.log,17,1,0,1,0,0,0,0,0,1,0,0,0,1,1,0,0,0,0,0,0,0,0,0,0,0,0,0,1,0,0,0,0,0,1,0,0,1,0,1,0,0,0,1,0,0,0,0,0,0,0,1,0,2,2,0,15,3.0,0,1,2,2,0,16,3.2,19dbddedf07994e2, outer,1114,7,1490134348.0, no, outer,3,8, 30s, 4, yes, 4, 4, 4, 5, 3, 3, yes
game89c4548e292ee9ac.log,9,1,0,0,0,0,0,0,1,1,0,0,1,0,0,0,0,0,1,0,0,0,0,0,0,0,0,0,0,0,0,0,0,0,0,1,0,0,0,0,0,1,1,0,0,0,1,0,0,1,0,1,1,2,1,0,13,2.6,2,1,0,1,1,13,2.6,00abb0a354af727f, intentional,3,9,1492716097.0, yes, intentional,3,9, 20s, 3, no, 1, 1, 2, 3, 2, 4, yes
game89c4c268ef31fab2.log,7,0,0,0,0,1,0,0,0,0,0,0,1,1,0,0,1,0,1,0,0,0,0,0,0,0,1,0,0,0,0,0,1,0,0,0,0,0,0,0,0,1,0,0,0,0,1,0,1,0,0,1,1,2,0,1,14,2.8,3,1,1,0,0,8,1.6,0b1a2a0acb3dbf7d, outer,4,16,1490376797.0, yes, outer,4,16, 50s, 3, yes, 2, 4, 1, 3, 3, 4, yes
game89c84b41142d48ed.log,14,0,0,0,1,0,2,0,0,0,0,0,0,0,0,0,0,0,1,0,0,0,0,0,1,0,0,0,1,1,0,0,0,0,0,1,0,1,0,0,0,0,0,0,0,0,0,0,0,1,0,2,0,1,2,0,13,2.6,0,1,1,2,1,18,3.6,19dbddedf07994e2, outer,8426,10,1489922625.0, no, outer,3,8, 30s, 4, yes, 4, 4, 4, 5, 3, 3, yes
game89e42584d0b9897f.log,1,0,0,0,0,0,0,0,0,0,1,0,1,0,0,1,0,1,0,0,0,1,0,0,0,0,0,1,2,1,0,0,0,0,0,0,0,0,0,0,0,0,0,0,0,0,0,1,0,0,0,1,2,0,0,2,15,3.0,0,2,2,1,0,14,2.8,19dbddedf07994e2, outer,6128,8,1490134727.0, no, outer,3,8, 30s, 4, yes, 4, 4, 4, 5, 3, 3, yes
game8a1a14c8673cd042.log,22,1,0,0,0,0,1,0,0,0,0,1,0,0,0,1,0,0,0,0,0,1,0,0,0,0,0,1,0,1,0,1,0,1,0,0,0,1,0,0,0,0,0,0,0,0,0,0,0,0,0,4,0,0,0,1,9,1.8,1,2,1,1,0,12,2.4,ca0922b34e670338, full,3580,19,1491937836.0, no, outer,1,13, 40s, 4, yes, 3, 4, 2, 3, 3, 3, yes
game8a257cb8f3849316.log,15,0,0,0,1,0,0,0,0,0,1,0,0,0,0,1,0,1,0,0,0,0,0,0,1,0,0,0,0,0,0,1,1,0,1,0,0,0,0,0,0,0,0,0,0,1,0,0,0,0,1,0,1,0,2,2,20,4.0,1,1,0,1,2,17,3.4,ca0922b34e670338, intentional,762,14,1491843944.0, no, outer,1,13, 40s, 4, yes, 3, 4, 2, 3, 3, 3, yes
game8a361491c17ce0f2.log,7,0,0,0,1,0,0,0,0,0,0,0,0,1,1,0,0,0,1,0,0,0,0,1,0,0,0,0,0,0,0,1,1,0,1,0,1,0,0,0,0,0,0,1,0,0,0,0,0,0,0,0,0,3,2,0,17,3.4,2,1,1,1,0,11,2.2,ca0922b34e670338, outer,3632,15,1491940589.0, no, outer,1,13, 40s, 4, yes, 3, 4, 2, 3, 3, 3, yes
game8a36fa7b28df6c74.log,1,1,0,0,0,1,0,0,1,0,0,0,0,0,0,0,0,0,1,1,0,0,0,0,0,0,1,0,0,2,0,0,0,0,0,0,0,1,0,0,0,0,0,0,0,0,0,1,0,0,0,1,0,2,1,1,16,3.2,1,2,0,2,0,13,2.6,92859eb517ad4608, intentional,616,20,1489876991.0, no, outer,3,8, 20s, 4, yes, 3, 4, 2, 4, 2, 2, yes
game8a868c8db22264b8.log,20,0,0,0,0,0,1,0,2,0,0,0,0,0,0,0,0,0,0,0,0,1,0,1,0,0,0,0,0,0,0,0,1,0,0,0,0,0,0,1,0,1,0,0,0,0,0,1,0,1,0,2,0,3,0,0,11,2.2,1,2,0,2,0,13,2.6,5d82cb8a155dbd34, full,4226,15,1490302868.0, no, full,5,21, 20s, 4, yes, 3, 4, 3, 4, 5, 5, yes
game8ad919f84d53bf64.log,16,0,0,0,0,0,0,1,0,0,0,1,0,0,0,0,1,0,0,0,0,1,0,0,0,1,0,0,0,0,0,0,0,0,0,0,1,0,1,0,0,0,0,1,1,0,0,0,1,0,0,3,1,0,0,1,10,2.0,1,0,3,1,0,14,2.8,768862e11a280fd0, full,1356,19,1490370938.0, no, outer,5,6, , , , , , , , , , yes
game8afbe909a77314bd.log,1,0,0,1,0,0,0,0,0,0,0,0,0,0,0,0,1,0,0,1,0,1,1,0,0,0,0,0,0,0,0,0,1,0,1,1,0,0,0,1,0,0,0,0,0,0,0,0,0,0,1,2,1,1,1,0,11,2.2,0,1,0,2,2,20,4.0,ca0922b34e670338, full,3901,13,1492704874.0, no, outer,1,13, 40s, 4, yes, 3, 4, 2, 3, 3, 3, yes
game8b01df6393374df2.log,6,0,0,1,0,1,0,0,0,0,0,0,0,0,1,0,1,0,0,0,0,0,1,0,0,0,0,1,0,0,0,0,1,0,0,0,0,0,1,0,0,1,0,0,1,0,0,0,0,0,0,1,1,1,1,1,15,3.0,1,2,1,1,0,12,2.4,ca0922b34e670338, intentional,4857,13,1492586609.0, no, outer,1,13, 40s, 4, yes, 3, 4, 2, 3, 3, 3, yes
game8b03720d8d0e62ba.log,16,0,0,1,0,0,0,1,0,0,0,0,0,0,0,0,0,1,0,1,0,0,0,1,0,0,1,0,0,0,0,0,0,0,0,0,0,0,0,0,0,1,1,0,0,0,1,1,0,0,0,0,2,2,1,0,14,2.8,3,2,0,0,0,7,1.4,ca0922b34e670338, intentional,8906,9,1491788780.0, no, outer,1,13, 40s, 4, yes, 3, 4, 2, 3, 3, 3, yes
game8b10f904ec1af181.log,2,0,1,1,1,0,1,0,0,0,0,0,0,0,0,0,0,0,0,0,0,0,0,1,0,0,1,1,0,1,0,0,1,0,0,0,0,0,0,0,0,0,0,0,0,0,0,1,0,0,0,1,1,2,1,0,13,2.6,1,3,0,1,0,11,2.2,ca0922b34e670338, full,7232,18,1491936754.0, no, outer,1,13, 40s, 4, yes, 3, 4, 2, 3, 3, 3, yes
game8b1b296731a4caef.log,5,1,1,0,0,0,1,0,0,0,1,0,0,0,0,0,0,0,1,0,0,0,0,0,0,0,2,0,0,0,0,0,0,0,0,0,0,0,0,0,1,1,0,0,0,1,0,0,0,0,0,2,1,1,0,1,12,2.4,3,0,0,0,2,13,2.6,ca0922b34e670338, outer,5917,8,1491934465.0, no, outer,1,13, 40s, 4, yes, 3, 4, 2, 3, 3, 3, yes
game8b45c563bddba998.log,4,2,0,0,0,0,0,0,0,0,0,0,1,0,0,0,0,0,0,0,0,2,0,0,0,0,0,0,0,0,0,0,0,0,1,0,0,1,0,0,0,0,0,0,0,1,0,0,2,0,0,4,1,0,0,0,6,1.2,0,1,2,1,1,17,3.4,33ba844cbb15fecd, outer,2259,20,1493052982.0, no, full,3,5, 20s, 3, no, 1, 1, 1, 4, 3, 4, yes
game8b7d71f3a397d08b.log,6,0,0,0,1,0,0,0,1,1,0,0,0,0,1,0,1,0,0,0,0,0,0,0,0,0,0,0,0,0,0,2,0,1,0,0,0,0,0,0,0,0,0,0,1,0,0,0,1,0,0,1,0,1,3,0,16,3.2,2,0,2,1,0,12,2.4,7007a1f9c84cefe6, outer,6368,13,1490312137.0, no, outer,3,11, 40s, 4, yes, 3, 4, 1, 3, 2, 2, yes
game8b7edbd70d3c0ffb.log,16,0,0,0,0,0,1,0,0,1,0,0,1,1,0,0,0,0,0,0,1,0,0,0,0,0,1,0,0,0,0,1,0,0,0,0,0,0,0,0,0,1,2,0,0,0,0,0,0,0,0,1,1,1,1,1,15,3.0,3,2,0,0,0,7,1.4,ebcd1390ce4a6193, intentional,6912,17,1490363552.0, no, outer,1,15, 30s, 4, yes, 2, 2, 2, 4, 3, 4, yes
game8b8dabb2466f4668.log,6,0,1,0,0,0,0,0,1,0,1,0,0,0,0,0,0,0,0,0,0,1,0,0,0,1,1,1,0,0,0,0,0,0,0,0,0,0,1,0,0,0,0,0,0,0,0,0,1,1,0,1,1,1,0,2,16,3.2,1,1,2,1,0,13,2.6,19dbddedf07994e2, outer,7524,20,1489795153.0, no, outer,3,8, 30s, 4, yes, 4, 4, 4, 5, 3, 3, yes
game8bb16d3fd8a3df8d.log,21,0,2,0,0,0,0,0,0,0,0,0,0,0,0,0,1,0,0,0,0,1,0,0,1,0,0,0,0,0,0,0,0,0,0,0,1,1,2,0,0,0,0,0,1,0,0,0,0,0,0,2,2,0,1,0,10,2.0,1,1,2,1,0,13,2.6,5d82cb8a155dbd34, full,2531,14,1490307797.0, no, full,5,21, 20s, 4, yes, 3, 4, 3, 4, 5, 5, yes
game8bb94a316bc876a5.log,20,1,2,0,0,0,1,0,0,0,0,0,0,0,0,0,0,0,0,0,0,0,0,1,0,0,0,0,0,0,0,0,0,0,0,0,1,0,0,2,0,0,0,1,0,0,1,0,0,0,0,2,2,1,0,0,9,1.8,2,0,1,2,0,13,2.6,19dbddedf07994e2, outer,5784,7,1489691985.0, no, outer,3,8, 30s, 4, yes, 4, 4, 4, 5, 3, 3, yes
game8bc23a04f2a3d05e.log,13,1,0,0,0,0,1,0,0,0,0,1,0,0,1,0,0,0,0,0,0,0,0,0,1,0,1,0,0,0,0,1,1,1,0,0,0,1,0,0,0,0,0,0,0,0,0,0,0,0,0,3,0,0,2,0,11,2.2,2,2,1,0,0,9,1.8,e9402a9ba7d42b70, full,2,17,1490386583.0, yes, full,2,17, 40s, 4, yes, 3, 4, 1, 3, 2, 2, yes
game8c145671bf50500e.log,6,0,0,0,0,0,0,1,1,0,0,1,1,0,0,0,0,0,0,0,0,0,0,1,0,0,0,0,0,0,0,0,1,1,0,0,0,0,1,0,0,1,0,0,0,0,1,0,0,0,0,1,2,2,0,0,11,2.2,2,1,2,0,0,10,2.0,e3f99bfa4535678e, full,3420,16,1490342376.0, no, outer,5,4, 20s, 4, yes, 2, 4, 1, 2, 2, 3, yes
game8c3d70bcc7983adf.log,19,1,0,0,0,0,0,0,1,0,0,0,0,0,1,0,1,0,0,0,0,1,0,0,0,0,0,1,1,0,0,0,0,0,0,0,0,1,0,0,0,0,0,0,0,0,0,0,2,0,0,3,0,1,1,0,10,2.0,0,2,3,0,0,13,2.6,e5bf83d96f9751cf, outer,7782,14,1490373563.0, no, full,5,16, , , , , , , 2, 2, 2, yes
game8c43286a75850c96.log,8,0,0,0,1,0,0,0,0,0,1,0,0,1,0,0,1,0,0,0,0,0,1,0,0,0,0,0,0,0,0,0,0,0,1,0,0,0,0,0,1,0,0,0,1,0,1,0,0,0,1,1,1,1,1,1,15,3.0,1,0,0,2,2,19,3.8,ca0922b34e670338, outer,482,11,1492704206.0, no, outer,1,13, 40s, 4, yes, 3, 4, 2, 3, 3, 3, yes
game8c53d319977d9ed2.log,17,0,0,1,0,0,1,0,0,0,0,0,0,0,0,0,1,1,0,1,0,0,0,0,0,0,1,0,0,1,0,0,0,0,0,0,1,1,0,0,0,0,0,0,0,0,0,1,0,0,0,2,1,1,1,0,11,2.2,2,2,0,1,0,10,2.0,ca0922b34e670338, full,6220,17,1492560125.0, no, outer,1,13, 40s, 4, yes, 3, 4, 2, 3, 3, 3, yes
game8c71dee3668525c3.log,10,0,0,0,0,0,0,0,0,0,0,0,0,0,0,0,1,0,1,0,0,0,1,1,0,1,0,1,0,0,0,0,0,1,0,1,0,1,0,0,0,0,0,0,0,0,1,0,0,0,0,1,1,2,0,1,14,2.8,1,2,1,0,1,13,2.6,6ccededecee01838, full,3428,17,1490075687.0, no, intentional,2,18, , , , , , , , , , yes
game8cb0ff6f41b5c3e6.log,4,0,0,0,0,0,0,1,0,0,0,0,0,0,1,0,1,0,0,0,0,1,0,1,0,0,1,1,0,0,0,0,0,1,0,0,0,1,0,0,0,0,0,0,0,0,1,0,0,0,0,2,1,1,1,0,11,2.2,2,2,1,0,0,9,1.8,7a3c06db23768808, full,4154,18,1491249969.0, no, full,4,12, 50s, 3, yes, 3, 4, 1, 3, 2, 3, yes
game8ceb7bd630349ab3.log,13,0,0,1,0,0,0,0,1,0,0,1,0,0,0,0,0,1,0,0,0,0,0,1,0,0,1,0,0,0,0,0,0,0,0,0,0,0,1,0,0,0,0,0,1,0,0,1,0,0,1,1,1,3,0,0,12,2.4,1,1,1,1,1,15,3.0,5a86ce944e7078c1, intentional,2940,14,1490286875.0, no, outer,5,11, 20s, 4, yes, 3, 4, 3, 2, 1, 1, yes
game8d6b05356193f8ef.log,17,1,0,0,0,0,0,0,1,0,0,1,0,0,0,0,0,1,0,1,0,0,0,0,0,0,0,1,0,0,0,0,1,0,0,0,0,0,0,0,0,0,0,2,0,0,0,1,0,0,0,2,1,1,1,0,11,2.2,0,3,2,0,0,12,2.4,92859eb517ad4608, intentional,224,11,1489882025.0, no, outer,3,8, 20s, 4, yes, 3, 4, 2, 4, 2, 2, yes
game8d77145b5598d529.log,2,0,0,0,0,0,0,0,1,1,0,0,1,0,0,0,1,0,0,1,0,0,0,0,0,0,0,1,0,0,1,0,0,0,0,0,0,0,0,1,0,0,1,0,0,0,0,0,1,0,0,1,1,1,2,0,14,2.8,0,2,1,1,1,16,3.2,d50a5784d54f4c76, full,6656,17,1490299864.0, no, outer,1,11, 20s, 4, yes, 3, 3, 2, 4, 2, 2, yes
game8d7d98800fd3d8a6.log,2,0,2,0,0,0,2,0,0,0,0,0,0,0,0,0,0,0,0,0,0,1,0,0,0,0,0,0,0,1,0,0,0,0,0,0,0,0,0,1,0,0,1,0,0,0,0,0,1,0,1,3,2,0,0,0,7,1.4,0,1,1,2,1,18,3.6,19dbddedf07994e2, intentional,6112,8,1489963116.0, no, outer,3,8, 30s, 4, yes, 4, 4, 4, 5, 3, 3, yes
game8d956d7fcd1acf15.log,12,0,0,1,0,0,2,0,0,0,0,0,0,0,0,0,1,0,0,0,0,0,0,0,1,0,0,0,0,1,0,0,0,1,0,0,0,0,0,0,0,0,0,1,0,0,1,0,0,0,1,3,0,1,1,0,10,2.0,1,0,2,1,1,16,3.2,1b17ab93ed1184b4, outer,4144,9,1491726075.0, no, full,3,8, 40s, 4, yes, 2, 2, 1, 4, 4, 3, yes
game8d95df13b1b8f0a0.log,16,0,0,0,0,1,0,1,0,0,0,0,1,0,0,0,1,0,0,0,0,0,0,0,1,0,0,0,0,2,0,0,0,0,0,0,0,0,0,0,0,1,0,1,0,0,1,0,0,0,0,1,2,0,1,1,14,2.8,2,0,1,2,0,13,2.6,19dbddedf07994e2, intentional,7174,19,1489795757.0, no, outer,3,8, 30s, 4, yes, 4, 4, 4, 5, 3, 3, yes
game8dd3c0d974c4dc80.log,18,0,1,0,0,0,0,0,0,0,1,0,0,0,0,0,1,0,1,0,0,0,0,0,1,0,2,0,0,0,0,0,0,0,0,0,0,2,1,0,0,0,0,0,0,0,0,0,0,0,0,1,1,1,1,1,15,3.0,2,2,1,0,0,9,1.8,ca0922b34e670338, outer,2822,4,1491787781.0, no, outer,1,13, 40s, 4, yes, 3, 4, 2, 3, 3, 3, yes
game8e0f9b1aa27f3ab3.log,16,0,0,1,0,0,0,0,0,0,0,0,0,1,0,0,0,0,0,1,0,1,1,0,0,0,0,0,0,0,0,0,0,0,0,0,0,1,1,1,0,1,1,0,0,0,0,0,0,0,0,1,1,2,1,0,13,2.6,1,2,1,1,0,12,2.4,6ccededecee01838, intentional,3485,17,1490074500.0, no, intentional,2,18, , , , , , , , , , yes
game8e11e69472b96081.log,10,0,0,0,2,0,0,0,0,0,0,0,1,1,0,1,0,0,0,0,0,0,0,0,0,0,1,0,0,0,0,0,0,1,1,0,0,0,0,0,0,0,1,1,0,0,0,0,0,0,0,0,1,1,2,1,18,3.6,1,1,2,1,0,13,2.6,a031765c4ab49edb, intentional,4,7,1490122573.0, yes, intentional,4,7, 50s, 4, yes, 4, 4, 4, 3, 1, 4, yes
game8e43131604b8ff34.log,17,0,0,0,1,0,1,0,0,0,0,0,0,1,0,1,0,0,0,0,0,0,0,0,0,1,1,0,2,0,0,0,0,1,0,0,0,0,0,0,0,0,1,0,0,0,0,0,0,0,0,1,0,1,1,2,18,3.6,1,1,3,0,0,12,2.4,19dbddedf07994e2, outer,2792,6,1489828933.0, no, outer,3,8, 30s, 4, yes, 4, 4, 4, 5, 3, 3, yes
game8e73e1ada0345b0d.log,20,1,0,0,1,0,1,0,0,0,0,0,0,0,0,0,1,0,0,1,0,0,0,0,0,0,0,0,0,0,0,0,0,1,0,0,1,1,0,0,0,0,0,0,0,0,1,0,0,1,0,3,0,0,2,0,11,2.2,2,1,1,1,0,11,2.2,ca0922b34e670338, outer,1736,13,1491853014.0, no, outer,1,13, 40s, 4, yes, 3, 4, 2, 3, 3, 3, yes
game8e75b32f19492913.log,23,0,0,0,0,0,0,0,1,0,0,0,0,0,1,0,1,0,1,1,0,0,0,0,0,0,2,0,0,0,0,0,1,1,0,0,1,0,0,0,0,0,0,0,0,0,0,0,0,0,0,1,0,2,2,0,15,3.0,3,1,1,0,0,8,1.6,ca0922b34e670338, intentional,3033,19,1491842755.0, no, outer,1,13, 40s, 4, yes, 3, 4, 2, 3, 3, 3, yes
game8e9f2941411aa94b.log,10,0,0,0,0,1,0,0,0,0,0,0,0,0,1,0,0,0,1,0,0,1,0,0,1,0,2,0,0,0,0,0,2,0,1,0,0,0,0,0,0,0,0,0,0,0,0,0,0,0,0,1,0,1,2,1,17,3.4,2,2,0,1,0,10,2.0,c03bd0cac4c60891, outer,1469,16,1492711087.0, no, intentional,3,16, , 3, no, 1, 1, 2, 5, 3, 4, yes
game8f250b54659080af.log,3,0,0,0,0,1,1,0,0,0,0,0,0,0,1,0,0,0,0,0,0,0,1,0,1,0,0,0,0,0,0,0,0,0,1,0,2,0,0,0,0,0,0,1,0,0,1,0,0,0,0,1,1,0,2,1,16,3.2,3,0,1,1,0,10,2.0,19dbddedf07994e2, intentional,2109,16,1489702071.0, no, outer,3,8, 30s, 4, yes, 4, 4, 4, 5, 3, 3, yes
game8f60d16f31322826.log,7,0,1,0,0,1,0,0,0,0,0,0,1,0,0,0,1,0,0,0,0,1,0,0,0,0,0,0,1,0,0,0,0,1,0,0,0,0,0,0,0,0,1,1,0,0,1,0,0,0,0,2,2,0,0,1,11,2.2,1,1,3,0,0,12,2.4,19dbddedf07994e2, intentional,2287,16,1489703357.0, no, outer,3,8, 30s, 4, yes, 4, 4, 4, 5, 3, 3, yes
game8f8163a61fdc10cc.log,19,0,0,1,0,0,0,0,0,1,0,0,0,1,0,0,1,0,0,0,0,0,0,0,0,1,0,0,0,0,0,0,0,0,0,0,0,1,0,0,1,0,0,1,0,1,1,0,0,0,0,1,0,2,1,1,16,3.2,1,1,1,0,2,16,3.2,ca0922b34e670338, full,7455,14,1491786663.0, no, outer,1,13, 40s, 4, yes, 3, 4, 2, 3, 3, 3, yes
game8f8908450c0c3803.log,4,0,0,0,0,0,0,1,0,1,0,1,1,0,0,0,0,0,1,0,0,0,0,0,0,0,0,0,0,0,0,0,0,1,0,0,0,0,0,0,0,1,0,1,0,1,0,0,0,1,0,1,2,1,1,0,12,2.4,1,0,2,1,1,16,3.2,ca0922b34e670338, outer,157,14,1492580752.0, no, outer,1,13, 40s, 4, yes, 3, 4, 2, 3, 3, 3, yes
game8f956dd44b1023d8.log,4,0,0,0,0,0,0,1,0,1,0,0,0,0,1,0,1,0,0,0,1,0,0,0,0,0,1,1,1,0,0,0,0,0,1,0,0,0,0,1,0,0,0,0,0,0,0,0,0,0,0,1,1,0,2,1,16,3.2,1,1,1,2,0,14,2.8,05342ea0a157f2f6, full,4826,10,1490313032.0, no, outer,2,8, 40s, 4, yes, 3, 2, 2, 2, 1, 3, yes
game8fab974e9004f2ac.log,15,0,0,0,0,0,0,1,0,0,0,0,0,1,0,1,0,0,0,2,0,0,0,0,0,0,0,1,0,1,0,0,0,0,0,0,0,0,0,1,0,1,0,0,0,0,1,0,0,0,0,0,1,1,2,1,18,3.6,2,1,0,2,0,12,2.4,19dbddedf07994e2, intentional,7023,2,1489964561.0, no, outer,3,8, 30s, 4, yes, 4, 4, 4, 5, 3, 3, yes
game8fcaa62476ea7c26.log,17,0,0,1,0,0,0,0,0,0,0,0,1,0,1,0,1,0,0,1,0,0,0,0,0,0,0,0,0,0,0,1,1,0,0,0,0,1,0,0,0,0,0,0,0,0,0,1,1,0,0,1,1,1,2,0,14,2.8,1,3,1,0,0,10,2.0,ca0922b34e670338, full,9727,19,1492726071.0, no, outer,1,13, 40s, 4, yes, 3, 4, 2, 3, 3, 3, yes
game8fdcc9bd67db0eb1.log,9,1,0,0,0,0,0,0,0,0,0,0,0,0,0,0,0,0,0,0,0,2,1,1,0,0,0,0,0,0,0,1,0,0,0,0,1,0,0,0,0,1,0,1,0,0,1,0,0,0,0,3,1,1,0,0,8,1.6,4,0,1,0,0,7,1.4,74713c9049904ddf, outer,4541,11,1490335989.0, no, outer,4,7, 30s, 4, yes, 3, 4, 1, 3, 3, 4, yes
game8ff6ff4d96e7ad4f.log,7,1,0,0,1,0,0,0,1,0,0,0,0,0,0,0,0,0,1,0,0,1,0,0,0,0,0,0,0,0,0,0,0,0,0,0,0,0,0,1,0,0,0,0,1,0,1,0,1,0,1,2,0,2,1,0,12,2.4,1,0,1,2,1,17,3.4,19dbddedf07994e2, outer,2815,2,1489702359.0, no, outer,3,8, 30s, 4, yes, 4, 4, 4, 5, 3, 3, yes
game8ff9fb9568d1cf69.log,18,0,0,0,0,0,0,1,0,0,0,1,0,0,1,0,0,0,0,2,0,0,0,0,0,0,0,1,0,0,0,0,0,0,0,0,1,0,0,0,0,1,0,0,0,0,0,0,1,0,1,1,1,0,3,0,15,3.0,2,1,1,0,1,12,2.4,10ff61d3893e0196, full,2,9,1490299953.0, yes, full,2,9, 20s, 4, yes, 3, 3, 2, 3, 2, 2, yes
game9016c761ac9afe27.log,16,0,0,0,0,1,0,1,0,0,0,0,0,0,0,0,0,0,1,0,0,1,0,0,1,0,0,0,0,0,0,0,0,0,0,1,0,1,1,1,0,1,0,0,0,0,0,0,0,0,0,1,1,1,1,1,15,3.0,1,1,1,1,1,15,3.0,5d82cb8a155dbd34, full,6727,6,1490303363.0, no, full,5,21, 20s, 4, yes, 3, 4, 3, 4, 5, 5, yes
game901d446fd55debfb.log,8,0,0,0,0,0,0,0,1,1,0,0,0,1,0,0,1,0,0,0,0,0,0,0,1,0,1,1,1,0,0,0,0,0,0,0,0,0,0,0,0,1,0,0,0,0,1,0,0,0,0,1,0,2,2,0,15,3.0,3,1,1,0,0,8,1.6,19dbddedf07994e2, full,4018,10,1490533141.0, no, outer,3,8, 30s, 4, yes, 4, 4, 4, 5, 3, 3, yes
game909e1191cd282a62.log,1,1,0,0,0,0,0,0,0,0,0,1,0,0,0,0,0,0,0,1,1,0,1,0,0,0,0,0,0,0,0,0,1,0,1,0,0,1,0,1,0,0,0,0,0,0,0,0,0,0,1,2,1,0,1,1,13,2.6,0,2,0,2,1,17,3.4,19dbddedf07994e2, full,3030,5,1490732703.0, no, outer,3,8, 30s, 4, yes, 4, 4, 4, 5, 3, 3, yes
game90ef1539754e6d11.log,7,0,1,0,0,0,0,0,0,0,0,0,0,0,1,0,1,1,1,0,0,0,0,0,0,0,0,0,0,1,0,0,0,1,0,1,0,1,0,0,0,0,0,0,0,0,1,0,0,0,0,1,2,1,1,0,12,2.4,1,1,1,1,1,15,3.0,dca779aad57531f1, full,4067,6,1490321628.0, no, outer,4,10, 20s, 4, yes, 3, 4, 1, 3, 3, 5, yes
game90f9b29fb2333cec.log,20,0,0,0,1,0,0,0,0,0,1,0,1,0,1,0,0,0,0,0,0,0,0,1,0,0,0,0,0,0,1,1,0,0,0,0,0,0,0,0,0,1,0,0,0,0,1,0,0,1,0,0,1,1,2,1,18,3.6,3,0,0,1,1,12,2.4,19dbddedf07994e2, outer,3661,9,1489794438.0, no, outer,3,8, 30s, 4, yes, 4, 4, 4, 5, 3, 3, yes
game918a415393d9ff6b.log,3,0,0,0,1,0,0,0,0,1,0,0,1,0,0,0,0,0,1,0,0,1,0,0,0,0,1,0,0,0,0,0,0,0,0,0,1,0,1,0,0,0,0,0,1,0,0,0,0,1,0,1,1,1,2,0,14,2.8,2,0,1,2,0,13,2.6,2119fe68a204e42a, intentional,628,20,1490307681.0, no, outer,2,4, 20s, 4, yes, 4, 4, 4, 3, 2, 4, yes
game918b408f988f5b8f.log,13,0,0,0,1,0,1,1,0,0,0,0,0,0,0,0,0,0,1,0,0,0,1,0,0,0,0,0,2,0,0,0,0,0,0,0,1,0,0,1,0,0,0,0,0,0,0,0,0,1,0,1,2,1,1,0,12,2.4,1,0,2,2,0,15,3.0,e3f99bfa4535678e, intentional,7491,15,1490343614.0, no, outer,5,4, 20s, 4, yes, 2, 4, 1, 2, 2, 3, yes
game919abcc11c52c2c3.log,5,0,1,1,1,0,0,0,0,0,0,0,1,0,0,0,0,0,0,0,0,1,0,0,0,0,1,0,1,0,1,0,0,0,0,0,0,0,0,0,0,0,0,0,2,0,0,0,0,0,0,1,2,1,1,0,12,2.4,1,0,1,2,1,17,3.4,ca0922b34e670338, intentional,223,17,1492709265.0, no, outer,1,13, 40s, 4, yes, 3, 4, 2, 3, 3, 3, yes
game9228197613741455.log,5,0,0,1,0,0,0,0,0,0,0,1,0,0,1,0,0,0,0,1,0,0,0,1,0,0,0,0,0,0,1,0,0,0,0,0,0,1,1,0,0,1,0,0,0,0,0,0,0,1,0,1,0,2,2,0,15,3.0,1,1,1,1,1,15,3.0,ca0922b34e670338, outer,4342,5,1492711929.0, no, outer,1,13, 40s, 4, yes, 3, 4, 2, 3, 3, 3, yes
game9236a1f0a9794418.log,9,0,0,0,0,0,0,1,0,0,0,1,0,0,1,0,0,0,0,2,0,0,0,0,0,0,0,1,0,0,0,0,0,0,0,0,1,0,0,0,0,1,0,0,0,0,0,0,1,0,1,1,1,0,3,0,15,3.0,2,1,1,0,1,12,2.4,19dbddedf07994e2, full,4466,15,1490311573.0, no, outer,3,8, 30s, 4, yes, 4, 4, 4, 5, 3, 3, yes
game925de803c3e9d64c.log,9,1,0,0,0,0,0,0,1,0,0,0,1,0,0,0,1,0,0,0,1,0,0,0,0,0,0,1,0,0,0,0,0,0,1,0,0,0,0,0,0,1,0,1,0,0,0,1,0,0,0,2,1,1,0,1,12,2.4,1,2,1,1,0,12,2.4,ca0922b34e670338, intentional,7013,16,1491762624.0, no, outer,1,13, 40s, 4, yes, 3, 4, 2, 3, 3, 3, yes
game92ee9e5cd5f3217e.log,9,0,0,1,0,0,0,0,0,1,0,0,0,0,0,0,0,0,0,0,0,1,1,1,0,0,0,0,0,0,0,0,0,0,0,0,0,1,0,0,0,1,0,0,1,0,1,0,0,0,1,1,1,2,1,0,13,2.6,2,1,0,1,1,13,2.6,1b17ab93ed1184b4, intentional,8217,14,1491705245.0, no, full,3,8, 40s, 4, yes, 2, 2, 1, 4, 4, 3, yes
game930466ed5543a1e4.log,2,0,1,0,0,0,0,0,0,1,0,0,0,1,0,0,0,0,1,0,0,0,0,0,1,0,0,1,0,0,0,0,0,0,0,0,0,1,0,0,0,1,0,0,1,0,0,0,0,1,0,0,1,2,2,0,16,3.2,1,2,0,2,0,13,2.6,19dbddedf07994e2, full,5828,7,1490733144.0, no, outer,3,8, 30s, 4, yes, 4, 4, 4, 5, 3, 3, yes
game930e3011be626af2.log,11,0,0,0,0,0,0,1,0,1,0,0,0,0,1,0,1,0,0,0,0,0,1,0,0,0,1,0,0,0,0,0,0,1,0,0,1,0,0,0,0,0,1,0,1,0,0,0,0,0,0,1,2,0,2,0,13,2.6,2,1,1,1,0,11,2.2,20122752d1b9cd72, full,1,18,1489710057.0, yes, full,1,18, 20s, 4, yes, 3, 3, 2, 4, 3, 4, yes
game932c0c2e7d8f8883.log,9,0,0,0,0,0,0,0,2,0,0,0,0,0,1,0,0,0,0,0,0,1,1,0,0,0,0,0,0,1,0,0,1,0,0,0,1,0,0,0,0,0,0,0,1,0,1,0,0,0,0,1,1,2,1,0,13,2.6,2,1,0,2,0,12,2.4,19dbddedf07994e2, outer,1822,13,1489921298.0, no, outer,3,8, 30s, 4, yes, 4, 4, 4, 5, 3, 3, yes
game934c16517a9df535.log,17,1,0,0,0,0,0,0,0,1,0,0,0,0,0,0,0,0,0,1,0,1,1,0,0,0,0,1,1,0,0,0,1,0,0,0,0,0,0,0,0,0,0,0,0,1,1,0,0,0,0,2,1,0,2,0,12,2.4,1,2,1,0,1,13,2.6,19dbddedf07994e2, full,6299,8,1489965005.0, no, outer,3,8, 30s, 4, yes, 4, 4, 4, 5, 3, 3, yes
game935eca7dd443342e.log,14,0,0,1,0,1,1,0,0,0,0,1,0,0,0,0,0,0,0,1,0,0,0,0,0,0,0,0,0,0,0,0,0,0,0,0,0,1,0,1,1,1,0,0,0,0,0,0,0,0,1,2,0,1,1,1,14,2.8,1,1,0,1,2,17,3.4,5d82cb8a155dbd34, intentional,6109,17,1490303961.0, no, full,5,21, 20s, 4, yes, 3, 4, 3, 4, 5, 5, yes
game93e37ce9e1722379.log,9,0,0,1,0,0,0,0,0,0,0,1,0,0,0,0,1,0,0,1,0,1,0,0,0,0,0,0,0,0,0,1,0,1,0,0,0,0,0,0,0,1,0,0,0,0,2,0,0,0,0,3,0,1,1,0,10,2.0,4,0,1,0,0,7,1.4,344c73764f8f87f2, full,8032,8,1490491697.0, no, full,5,12, 30s, 4, yes, 2, 3, 2, 4, 2, 2, yes
game940433ff621487a6.log,3,0,0,0,1,0,0,0,0,0,0,0,0,1,0,0,1,1,0,0,0,0,1,0,0,0,0,0,0,0,0,2,0,0,1,0,0,0,0,0,0,0,0,0,0,1,0,0,0,0,1,1,2,1,1,0,12,2.4,2,0,0,1,2,16,3.2,ca0922b34e670338, full,3501,18,1492564635.0, no, outer,1,13, 40s, 4, yes, 3, 4, 2, 3, 3, 3, yes
game94289869d39e1c77.log,17,0,1,1,0,0,0,0,0,1,0,0,0,0,0,0,1,0,0,0,0,1,0,0,0,0,0,1,0,0,0,0,0,0,1,0,0,0,0,1,0,0,1,0,1,0,0,0,0,0,0,2,1,1,1,0,11,2.2,0,2,0,3,0,16,3.2,19dbddedf07994e2, outer,3373,1,1489919720.0, no, outer,3,8, 30s, 4, yes, 4, 4, 4, 5, 3, 3, yes
game943ebe69bb2371bc.log,14,0,0,1,0,0,0,1,0,0,0,0,1,1,0,0,0,0,0,0,0,1,0,0,0,0,1,0,0,0,0,0,0,0,0,0,0,0,0,0,0,1,1,1,0,0,0,1,0,0,0,1,2,2,0,0,11,2.2,2,2,1,0,0,9,1.8,a23bfbc1788ea3a2, outer,1,9,1490134510.0, yes, outer,1,9, 40s, 4, yes, 3, 4, 3, 2, 2, 3, yes
game944b21da0db5b2c0.log,13,0,0,1,1,0,0,0,1,0,0,0,1,1,0,0,0,0,0,0,0,0,0,0,0,0,1,0,0,0,0,0,0,0,2,0,1,0,0,0,0,1,0,0,0,0,0,0,0,0,0,0,1,3,1,0,15,3.0,3,0,0,2,0,11,2.2,19dbddedf07994e2, outer,6335,2,1490135551.0, no, outer,3,8, 30s, 4, yes, 4, 4, 4, 5, 3, 3, yes
game945edea256320a8f.log,5,0,0,1,0,0,0,0,0,0,0,0,0,0,0,0,0,1,0,0,1,1,0,0,1,0,0,0,0,0,0,0,0,0,1,0,1,0,0,1,0,1,0,0,0,0,0,0,0,1,0,1,1,1,1,1,15,3.0,2,0,0,3,0,14,2.8,a6e782556623dbce, full,2647,16,1490303435.0, no, full,1,15, 20s, 4, yes, 4, 4, 1, 3, 3, 3, yes
game94756eb4b45c2e83.log,10,1,0,0,0,0,1,0,0,0,0,0,0,0,0,0,1,1,1,0,0,0,0,0,0,0,0,1,0,1,0,0,0,1,0,0,1,0,1,0,0,0,0,0,0,0,0,0,0,0,0,3,1,1,0,0,8,1.6,1,1,2,1,0,13,2.6,ca0922b34e670338, full,9997,16,1492582671.0, no, outer,1,13, 40s, 4, yes, 3, 4, 2, 3, 3, 3, yes
game94ef11ebfcbcee7d.log,7,0,0,0,0,0,0,0,0,0,0,0,0,1,0,0,1,0,0,0,1,0,0,1,1,0,0,0,1,0,0,0,0,1,0,0,1,0,0,0,0,0,0,1,1,0,0,0,0,0,0,1,0,2,1,1,16,3.2,1,0,3,1,0,14,2.8,19dbddedf07994e2, outer,9090,8,1490290815.0, no, outer,3,8, 30s, 4, yes, 4, 4, 4, 5, 3, 3, yes
game951ba95e46a2d400.log,15,0,0,0,1,0,1,0,0,0,0,1,0,0,1,0,0,0,1,0,0,0,0,0,0,0,0,1,0,0,0,0,1,0,0,0,1,1,0,0,0,1,0,0,0,0,0,0,0,0,0,2,0,1,2,0,13,2.6,2,3,0,0,0,8,1.6,19dbddedf07994e2, outer,1876,4,1490290998.0, no, outer,3,8, 30s, 4, yes, 4, 4, 4, 5, 3, 3, yes
game951e1057868171d3.log,7,0,1,1,0,0,0,0,2,0,0,0,0,0,0,0,1,0,0,0,0,0,0,0,0,0,0,0,0,0,0,1,0,0,0,0,0,0,0,0,0,0,0,0,0,0,1,2,1,0,0,1,1,3,0,0,12,2.4,2,2,1,0,0,9,1.8,ca0922b34e670338, outer,3775,15,1492721361.0, no, outer,1,13, 40s, 4, yes, 3, 4, 2, 3, 3, 3, yes
game9571e133514a569c.log,6,0,0,0,0,0,0,1,0,1,0,0,0,0,0,0,1,0,0,0,0,0,0,1,1,0,0,0,0,0,0,0,0,0,0,1,0,0,0,1,1,0,1,0,1,0,0,0,0,0,0,1,1,1,2,0,14,2.8,0,1,0,2,2,20,4.0,ca0922b34e670338, intentional,9725,19,1491925124.0, no, outer,1,13, 40s, 4, yes, 3, 4, 2, 3, 3, 3, yes
game957b891749207610.log,19,1,0,0,0,0,1,1,0,0,0,0,0,0,0,1,0,0,0,0,0,1,0,0,0,0,0,0,0,0,0,0,1,0,0,0,1,0,0,0,0,0,0,0,1,1,0,0,1,0,0,3,1,0,0,1,10,2.0,1,1,1,1,1,15,3.0,19dbddedf07994e2, intentional,9840,12,1490133993.0, no, outer,3,8, 30s, 4, yes, 4, 4, 4, 5, 3, 3, yes
game9592e8a9416fed3e.log,16,0,0,1,0,0,1,1,0,0,0,0,0,0,0,0,0,1,0,0,1,0,0,0,0,0,1,0,0,0,1,0,0,0,0,0,0,0,0,0,0,1,0,1,1,0,0,0,0,0,0,1,2,1,0,1,13,2.6,2,0,1,1,1,14,2.8,23062825a1bc28fc, intentional,1882,21,1490114430.0, no, intentional,2,17, 40s, 4, yes, 4, 4, 4, 3, 1, 1, yes
game95dc699be499393f.log,5,0,0,0,0,0,1,0,1,0,0,0,0,0,1,1,0,0,0,0,0,0,1,0,0,0,0,0,0,0,0,0,0,0,0,0,2,1,0,1,0,0,0,0,0,0,0,0,0,1,0,1,1,1,1,1,15,3.0,2,1,0,2,0,12,2.4,ca0922b34e670338, intentional,6967,14,1491905516.0, no, outer,1,13, 40s, 4, yes, 3, 4, 2, 3, 3, 3, yes
game95e8d2c6eb0c93a3.log,14,1,1,1,0,0,0,1,0,0,0,0,0,0,0,0,0,0,0,1,0,0,0,0,0,0,0,0,1,0,0,1,0,1,0,0,0,0,1,0,0,0,0,0,0,0,1,0,0,0,0,1,2,1,1,0,12,2.4,2,0,3,0,0,11,2.2,80b582ddeb40b2ce, full,757,22,1490322922.0, no, intentional,1,18, 20s, 4, yes, 3, 4, 3, 2, 1, 1, yes
game9612f0242c2ce3e8.log,5,0,0,0,0,0,0,0,1,1,0,0,0,0,0,0,0,1,1,0,0,0,0,0,1,0,1,1,0,0,0,1,0,0,0,0,0,0,0,0,0,0,0,0,0,0,1,0,1,0,0,0,1,2,2,0,16,3.2,3,1,1,0,0,8,1.6,19dbddedf07994e2, intentional,1159,8,1489739512.0, no, outer,3,8, 30s, 4, yes, 4, 4, 4, 5, 3, 3, yes
game96241c22bab03a61.log,18,1,0,0,0,0,0,1,0,1,0,0,0,0,0,1,0,1,0,0,0,0,0,0,0,0,1,0,0,0,0,0,0,0,0,0,0,0,1,0,0,0,1,0,1,0,0,1,0,0,0,1,2,0,1,1,14,2.8,1,2,1,1,0,12,2.4,ca0922b34e670338, outer,2762,10,1491785143.0, no, outer,1,13, 40s, 4, yes, 3, 4, 2, 3, 3, 3, yes
game963834f3b553ec2c.log,21,0,0,0,0,1,1,0,0,0,0,0,0,0,0,0,0,0,0,0,0,2,0,0,1,0,0,1,0,0,0,0,0,0,0,0,0,1,0,0,0,0,0,0,1,0,0,0,1,0,1,3,0,0,1,1,12,2.4,0,2,1,1,1,16,3.2,19dbddedf07994e2, full,8244,1,1489965215.0, no, outer,3,8, 30s, 4, yes, 4, 4, 4, 5, 3, 3, yes
game96552903cd8ec072.log,2,1,0,0,1,0,0,0,1,0,0,0,0,0,1,0,0,0,0,0,0,0,0,0,1,0,1,1,1,0,0,0,0,0,1,0,0,1,0,0,0,0,0,0,0,0,0,0,0,0,0,1,0,1,3,0,16,3.2,1,2,1,1,0,12,2.4,cf2a5d42843b7397, outer,6988,5,1490410182.0, no, intentional,4,17, 30s, 4, yes, 3, 4, 1, 3, 3, 2, yes
game96654947651596e1.log,5,0,0,0,0,0,0,0,0,1,0,0,0,1,0,0,2,0,0,0,0,0,1,0,0,0,0,0,1,0,1,0,0,0,0,1,0,0,0,1,0,0,0,0,0,0,0,0,1,0,0,2,1,1,1,0,11,2.2,0,0,2,1,2,20,4.0,fcb0678812970909, full,288,14,1490308174.0, no, outer,1,16, 30s, 4, yes, 1, 1, 1, 4, 4, 4, yes
game96799b739705cdc1.log,15,0,0,0,0,0,0,1,0,0,0,0,0,0,1,0,1,0,1,0,0,1,0,0,0,0,0,0,1,0,0,0,0,1,0,0,1,0,0,0,0,2,0,0,0,0,0,0,0,0,0,2,1,1,1,0,11,2.2,3,0,2,0,0,9,1.8,ca0922b34e670338, intentional,2394,18,1491908693.0, no, outer,1,13, 40s, 4, yes, 3, 4, 2, 3, 3, 3, yes
game9694ddd54c5bd14b.log,7,0,0,1,0,1,0,1,0,0,0,1,0,0,0,0,0,0,0,0,0,0,1,0,0,0,0,0,0,0,0,0,0,0,0,0,0,0,0,1,0,0,0,2,0,1,0,1,0,0,0,1,2,1,0,1,13,2.6,0,1,2,1,1,17,3.4,2f270b280fb2598d, outer,6684,12,1490878393.0, no, outer,5,4, , , , , , , , , , yes
game96da0bad83b38f9e.log,11,0,0,0,0,0,0,0,0,1,1,0,0,0,0,0,0,0,0,1,0,0,1,0,0,1,0,1,0,0,0,1,0,0,0,0,0,0,0,1,0,0,0,1,0,0,0,0,1,0,0,0,1,0,2,2,20,4.0,1,1,2,1,0,13,2.6,19dbddedf07994e2, intentional,9579,4,1489965838.0, no, outer,3,8, 30s, 4, yes, 4, 4, 4, 5, 3, 3, yes
game96db0442dbb8b06c.log,5,0,0,0,0,0,0,1,0,0,0,0,0,0,0,1,1,1,1,0,0,0,0,0,0,0,0,1,0,0,0,0,0,1,0,1,0,0,1,0,0,1,0,0,0,0,0,0,0,0,0,1,2,1,0,1,13,2.6,1,1,2,0,1,14,2.8,9abbfce66b016fef, outer,4,18,1490126325.0, yes, outer,4,18, 40s, 4, yes, 4, 4, 2, 3, 2, 2, yes
game9763941ae8d511a5.log,18,0,0,0,0,0,0,1,0,1,0,0,0,0,1,0,1,0,0,0,1,0,0,0,0,0,1,1,1,0,0,0,0,0,1,0,0,0,0,1,0,0,0,0,0,0,0,0,0,0,0,1,1,0,2,1,16,3.2,1,1,1,2,0,14,2.8,efda2105fce657a8, full,1,18,1490303843.0, yes, full,1,18, 30s, 4, yes, 4, 4, 2, , 4, 2, yes
game976efa0e48045922.log,8,1,0,0,0,0,0,0,0,0,0,0,0,1,0,0,0,0,0,1,0,0,1,1,0,0,0,0,0,1,0,1,0,0,1,0,1,0,0,0,0,0,0,0,0,0,0,0,1,0,0,1,1,2,1,0,13,2.6,2,0,1,2,0,13,2.6,19dbddedf07994e2, full,3797,21,1489920738.0, no, outer,3,8, 30s, 4, yes, 4, 4, 4, 5, 3, 3, yes
game97e72604a00a404b.log,16,0,0,0,0,0,1,1,0,0,0,0,0,0,0,0,0,0,1,0,0,0,0,0,1,1,0,0,0,0,0,0,1,0,0,0,0,0,0,1,0,0,0,0,0,0,1,1,0,1,0,1,1,1,1,1,15,3.0,1,2,0,2,0,13,2.6,ca0922b34e670338, full,8481,18,1492560336.0, no, outer,1,13, 40s, 4, yes, 3, 4, 2, 3, 3, 3, yes
game97ee54c2e2baec26.log,7,0,0,1,0,0,0,0,0,0,0,1,0,1,0,0,0,0,0,0,1,1,0,0,0,0,0,2,0,0,0,0,0,0,0,0,1,0,0,1,0,0,0,0,0,0,0,0,0,1,0,2,0,2,0,1,13,2.6,1,2,0,2,0,13,2.6,0313454f0e513527, full,662,20,1490324559.0, no, outer,2,7, , , , , , , 3, 2, 4, yes
game9815dae1c02c4202.log,2,1,1,0,0,1,0,0,1,0,0,0,0,0,0,0,1,0,0,0,0,0,0,0,0,0,0,0,0,0,0,0,0,0,1,0,0,0,0,0,0,0,1,0,1,1,1,0,0,0,0,2,1,1,0,1,12,2.4,1,1,0,2,1,16,3.2,19dbddedf07994e2, intentional,7388,12,1489917907.0, no, outer,3,8, 30s, 4, yes, 4, 4, 4, 5, 3, 3, yes
game9819ab39715fd6be.log,17,0,0,0,0,0,0,1,1,1,0,0,0,0,0,0,0,1,0,1,0,0,0,0,0,0,0,0,0,1,0,0,0,0,0,1,0,0,0,1,0,0,1,0,1,0,0,0,0,0,0,0,2,1,2,0,15,3.0,0,1,0,3,1,19,3.8,19dbddedf07994e2, outer,2373,11,1489963347.0, no, outer,3,8, 30s, 4, yes, 4, 4, 4, 5, 3, 3, yes
game985cc5b1de071602.log,7,0,0,1,0,0,1,0,0,0,0,0,0,1,1,0,0,0,0,0,0,1,0,0,0,0,0,0,0,0,0,0,0,0,0,0,0,1,0,0,0,1,1,0,1,0,0,1,0,0,0,2,0,2,1,0,12,2.4,1,3,0,1,0,11,2.2,19dbddedf07994e2, intentional,3400,17,1489828476.0, no, outer,3,8, 30s, 4, yes, 4, 4, 4, 5, 3, 3, yes
game98722b93c5cd5713.log,20,0,0,0,0,0,1,0,0,0,0,0,0,1,1,0,0,0,0,0,0,0,1,0,0,1,0,0,0,0,0,0,0,1,0,0,1,0,0,0,0,0,0,1,1,0,1,0,0,0,0,1,1,1,1,1,15,3.0,2,0,2,1,0,12,2.4,5d82cb8a155dbd34, full,8611,19,1490299520.0, no, full,5,21, 20s, 4, yes, 3, 4, 3, 4, 5, 5, yes
game98923864ef473f5d.log,0,1,0,1,0,0,0,0,0,0,0,0,0,0,1,0,0,1,0,1,0,0,0,0,0,0,0,0,1,0,0,0,0,0,0,0,0,1,1,0,0,0,0,0,0,1,0,1,0,0,0,1,1,1,2,0,14,2.8,0,2,2,0,1,15,3.0,90c7b3288d046c3a, outer,9935,10,1492729295.0, no, outer,1,5, 20s, 3, no, 1, 1, 1, 3, 3, 4, yes
game98985dde2214baf5.log,9,0,0,1,0,0,1,0,0,0,0,1,0,1,0,0,0,0,0,0,0,0,1,0,0,0,0,0,0,0,0,0,0,0,0,0,1,2,0,0,0,0,0,0,0,0,1,0,0,0,1,2,1,2,0,0,10,2.0,2,2,0,0,1,11,2.2,19dbddedf07994e2, intentional,5865,15,1489829988.0, no, outer,3,8, 30s, 4, yes, 4, 4, 4, 5, 3, 3, yes
game98ad476e04a454c0.log,15,1,0,0,0,0,0,1,1,0,0,0,0,0,0,0,1,1,0,0,0,0,0,0,0,0,0,0,0,1,0,0,0,0,0,0,1,0,1,0,0,0,0,0,0,0,2,0,0,0,0,2,2,1,0,0,9,1.8,3,0,1,1,0,10,2.0,5a86ce944e7078c1, outer,5,11,1490285923.0, yes, outer,5,11, 20s, 4, yes, 3, 4, 3, 2, 1, 1, yes
game98b694ee30dcc4d8.log,20,1,1,0,0,0,0,1,0,0,0,1,0,0,0,0,0,0,0,0,0,1,0,0,0,0,0,0,0,1,0,0,1,0,0,0,0,0,1,0,0,2,0,0,0,0,0,0,0,0,0,3,2,0,0,0,7,1.4,2,1,1,1,0,11,2.2,bc724ee788735357, intentional,4,3,1492485154.0, yes, intentional,4,3, 20s, 4, yes, 1, 1, 1, 4, 4, 4, yes
game98c2dd502d6785fc.log,10,0,0,0,0,0,0,1,0,0,0,0,2,0,0,0,0,1,0,0,0,0,0,1,0,0,1,0,0,0,0,1,0,0,0,0,1,0,0,0,0,0,0,1,0,0,1,0,0,0,0,0,4,1,0,0,11,2.2,4,0,1,0,0,7,1.4,19dbddedf07994e2, intentional,1024,19,1489740216.0, no, outer,3,8, 30s, 4, yes, 4, 4, 4, 5, 3, 3, yes
game98ff64bb39d6d997.log,17,0,0,1,0,0,0,0,0,0,0,0,0,0,0,0,0,2,1,0,0,1,0,0,0,0,1,0,0,1,0,0,0,0,1,0,0,0,0,0,0,0,0,1,0,0,1,0,0,0,0,1,2,2,0,0,11,2.2,2,0,1,2,0,13,2.6,8a6febcf85c544d4, intentional,5,20,1489997978.0, yes, intentional,5,20, , , , , , , , , , yes
game995cb04a6c06fb51.log,11,0,1,1,0,0,0,0,0,0,0,0,1,0,0,1,0,0,0,0,0,0,0,0,1,0,0,0,0,0,0,0,0,0,0,0,1,0,0,0,0,1,1,0,0,0,0,2,0,0,0,0,2,1,1,1,16,3.2,2,3,0,0,0,8,1.6,71032e877b57a188, full,1,19,1490298901.0, yes, full,1,19, 20s, 4, yes, 3, 4, 4, 3, 2, 3, yes
game996dfa18c11dca54.log,8,1,0,0,0,0,0,0,2,0,0,1,0,0,0,0,0,1,0,0,0,0,0,0,0,0,1,0,0,0,0,0,1,0,1,0,0,0,0,0,0,0,0,0,0,0,1,0,1,0,0,2,1,2,0,0,10,2.0,2,1,1,1,0,11,2.2,12e78e390a573b38, full,5,13,1490310654.0, yes, full,5,13, 30s, 4, yes, 3, 3, 4, 4, 2, 4, yes
game99a4239953879bde.log,17,0,0,1,0,0,1,0,0,0,1,0,0,1,0,0,0,0,0,1,0,0,0,0,0,0,0,0,0,0,0,0,1,0,1,0,1,0,0,0,0,0,0,0,1,0,0,1,0,0,0,1,0,2,1,1,16,3.2,1,2,0,2,0,13,2.6,19dbddedf07994e2, outer,5197,6,1490290750.0, no, outer,3,8, 30s, 4, yes, 4, 4, 4, 5, 3, 3, yes
game99add3cd57778733.log,13,0,1,0,1,0,0,0,0,0,0,0,0,1,0,0,0,0,0,1,1,0,0,0,0,0,0,0,0,0,0,0,0,0,0,0,1,0,0,0,0,0,1,1,0,0,0,1,0,1,0,0,1,1,2,1,18,3.6,1,2,1,1,0,12,2.4,ca0922b34e670338, intentional,743,16,1491846000.0, no, outer,1,13, 40s, 4, yes, 3, 4, 2, 3, 3, 3, yes
game99de59209393eae5.log,18,0,0,0,0,0,2,0,0,0,0,0,0,1,0,0,1,0,0,0,0,1,0,0,0,0,0,0,0,1,0,0,0,1,1,0,1,0,0,0,0,0,0,1,0,0,0,0,0,0,0,4,0,1,0,0,7,1.4,1,0,2,2,0,15,3.0,e3f99bfa4535678e, outer,5,4,1490337654.0, yes, outer,5,4, 20s, 4, yes, 2, 4, 1, 2, 2, 3, yes
game9a221c4cda038b76.log,18,0,0,0,1,0,0,1,0,1,0,0,0,1,0,0,0,0,1,0,0,0,0,0,0,0,0,1,0,0,0,2,0,0,0,0,0,0,1,0,0,0,0,0,0,0,0,0,1,0,0,0,1,2,2,0,16,3.2,2,1,2,0,0,10,2.0,a1d2c591b99c359a, full,8444,11,1490974536.0, no, full,3,15, 50s, 3, yes, 3, 4, 1, 3, 3, 4, yes
game9accb0c1db8952ca.log,4,1,0,0,1,0,0,0,0,0,0,0,0,0,1,0,0,0,1,0,0,1,0,0,0,0,1,0,0,0,0,0,1,0,0,0,0,1,0,0,1,1,0,0,0,0,0,0,0,0,0,2,0,1,2,0,13,2.6,2,2,0,0,1,11,2.2,19dbddedf07994e2, intentional,4242,1,1490135204.0, no, outer,3,8, 30s, 4, yes, 4, 4, 4, 5, 3, 3, yes
game9adc85695370f6e0.log,11,0,0,0,0,0,0,0,1,0,1,0,0,0,0,0,2,0,0,0,0,0,1,0,0,0,0,0,0,0,0,0,1,0,0,0,0,0,0,0,0,0,0,0,0,0,1,0,1,2,0,2,1,1,0,1,12,2.4,1,1,1,2,0,14,2.8,ca0922b34e670338, outer,3374,21,1492712411.0, no, outer,1,13, 40s, 4, yes, 3, 4, 2, 3, 3, 3, yes
game9ae8315bef58ba79.log,17,0,1,0,1,0,0,0,0,0,1,0,0,0,0,0,1,0,0,0,0,0,1,0,0,0,0,0,1,0,0,0,1,1,0,0,1,0,0,0,0,0,0,0,0,0,1,0,0,0,0,1,2,0,1,1,14,2.8,2,1,2,0,0,10,2.0,5d82cb8a155dbd34, outer,3124,7,1490306834.0, no, full,5,21, 20s, 4, yes, 3, 4, 3, 4, 5, 5, yes
game9aee6f23b53267c6.log,7,0,0,0,0,0,1,0,0,0,0,0,0,1,0,0,1,0,0,1,1,0,0,0,0,0,1,0,0,0,0,0,0,1,1,0,0,0,0,1,0,0,0,0,0,0,0,0,0,0,1,2,0,1,1,1,14,2.8,1,0,1,2,1,17,3.4,90c7b3288d046c3a, intentional,3563,16,1492733075.0, no, outer,1,5, 20s, 3, no, 1, 1, 1, 3, 3, 4, yes
game9afb0cf48c0142aa.log,19,1,0,0,0,0,0,0,0,0,0,0,0,0,1,0,2,0,0,1,0,0,0,0,0,0,1,0,0,0,0,0,1,0,0,0,0,0,0,0,0,0,0,0,0,0,0,2,0,0,1,3,0,0,2,0,11,2.2,1,3,0,0,1,12,2.4,ca0922b34e670338, full,9094,17,1492589114.0, no, outer,1,13, 40s, 4, yes, 3, 4, 2, 3, 3, 3, yes
game9b0d5abd360ac2fe.log,12,0,0,0,0,0,0,0,0,0,1,0,1,0,0,1,0,0,0,0,0,0,2,0,0,0,0,0,0,1,0,1,0,0,0,0,1,0,0,0,0,0,0,0,0,0,1,0,1,0,0,0,3,0,0,2,16,3.2,3,0,1,1,0,10,2.0,0313454f0e513527, outer,2810,11,1490326541.0, no, outer,2,7, , , , , , , 3, 2, 4, yes
game9c0ee90a845b37ed.log,10,0,0,1,0,0,0,2,1,0,0,0,0,0,0,0,1,0,0,0,0,0,0,0,0,0,0,0,0,1,0,0,0,0,0,1,1,0,0,0,0,0,1,1,0,0,0,0,0,0,0,1,2,2,0,0,11,2.2,1,1,1,1,1,15,3.0,19dbddedf07994e2, full,8686,11,1489737095.0, no, outer,3,8, 30s, 4, yes, 4, 4, 4, 5, 3, 3, yes
game9c71019705435bad.log,19,1,1,0,0,0,0,0,0,0,0,1,0,0,0,0,0,0,0,0,0,1,0,1,0,0,0,0,0,0,0,1,0,0,1,0,0,0,0,0,1,1,0,0,0,1,0,0,0,0,0,3,1,1,0,0,8,1.6,2,0,0,1,2,16,3.2,b2855bce0b5908c6, intentional,5842,15,1490320624.0, no, intentional,3,16, 30s, 4, yes, 3, 4, 3, 4, 3, 4, yes
game9c929f963fd319ca.log,14,0,0,0,0,0,0,1,0,0,0,0,0,0,0,1,1,0,1,1,0,0,0,0,0,0,0,0,0,1,0,1,0,1,0,0,0,0,0,0,0,0,1,0,1,0,0,0,0,0,0,1,1,1,1,1,15,3.0,1,1,1,2,0,14,2.8,19dbddedf07994e2, outer,5383,13,1489735955.0, no, outer,3,8, 30s, 4, yes, 4, 4, 4, 5, 3, 3, yes
game9c9d23019cca8127.log,2,0,0,0,0,0,0,1,0,1,0,0,0,0,0,0,0,0,0,1,0,0,0,1,1,0,0,0,0,1,0,0,1,0,0,0,1,0,0,0,0,0,1,0,0,1,0,0,0,0,0,0,1,1,3,0,17,3.4,1,2,0,1,1,14,2.8,b61b6ba65fc547f3, outer,1162,17,1490378835.0, no, full,5,14, 30s, 4, yes, 2, 4, 1, 3, 3, 4, yes
game9cd462e430d4e739.log,1,0,0,1,0,0,0,0,1,0,0,0,0,1,0,0,0,0,0,1,0,0,0,1,0,0,0,1,0,0,0,0,0,0,1,0,0,0,0,0,0,2,0,0,0,0,0,0,0,1,0,0,0,4,1,0,16,3.2,2,1,0,2,0,12,2.4,4884f857be239a22, outer,4614,3,1489700742.0, no, full,1,18, 20s, 1, no, 1, , 1, 3, 4, 5, yes
game9cdc94b235179297.log,16,0,1,0,0,0,0,0,0,1,0,0,1,0,0,0,0,0,1,0,0,1,0,0,0,0,1,0,1,0,0,0,0,0,0,1,0,0,0,0,0,0,0,0,0,0,0,1,1,0,0,1,2,1,1,0,12,2.4,1,1,2,0,1,14,2.8,73d45ec644828e1a, full,2,20,1490316208.0, yes, full,2,20, 30s, 4, yes, 3, 2, 3, 3, 2, 2, yes
game9cebc2bd1cbc4fb4.log,7,0,1,0,0,0,0,0,0,1,0,0,1,0,0,0,0,0,0,2,0,0,0,0,0,0,0,1,0,1,0,0,0,0,0,0,1,0,0,0,1,0,0,0,0,0,1,0,0,0,0,0,2,0,3,0,16,3.2,2,1,0,1,1,13,2.6,92859eb517ad4608, outer,3,8,1489876098.0, yes, outer,3,8, 20s, 4, yes, 3, 4, 2, 4, 2, 2, yes
game9d2765e309103b43.log,20,1,0,0,1,0,0,0,0,0,1,0,0,0,0,0,1,0,0,1,0,0,0,0,0,0,0,1,0,0,1,0,1,1,0,0,0,1,0,0,0,0,0,0,0,0,0,0,0,0,0,2,0,0,2,1,15,3.0,0,3,1,0,1,14,2.8,19dbddedf07994e2, intentional,1507,13,1490310999.0, no, outer,3,8, 30s, 4, yes, 4, 4, 4, 5, 3, 3, yes
game9d8ab84434af23e5.log,18,1,0,0,0,0,0,1,0,1,0,0,0,0,0,0,0,0,0,0,0,2,0,0,0,0,0,0,0,0,0,1,0,0,0,0,1,0,0,0,0,1,0,0,1,0,0,0,0,0,1,3,1,0,1,0,9,1.8,3,0,0,1,1,12,2.4,4e23b5c2b01c6e8c, intentional,884,16,1490790033.0, no, intentional,4,18, 50s, 3, yes, 3, 4, 1, 4, 4, 4, yes
game9d903ba2b35c4e1a.log,17,0,1,0,1,0,1,0,0,0,1,0,0,0,0,0,0,0,0,0,0,0,0,0,0,1,1,1,0,0,0,1,0,0,0,0,0,0,0,0,0,1,1,0,0,0,0,0,0,0,0,1,1,0,1,2,17,3.4,3,2,0,0,0,7,1.4,2119fe68a204e42a, intentional,733,15,1490308674.0, no, outer,2,4, 20s, 4, yes, 4, 4, 4, 3, 2, 4, yes
game9db55a0c087819ff.log,5,1,1,0,1,0,0,0,1,1,0,0,0,0,0,0,0,0,0,0,0,0,0,0,0,0,0,1,0,0,1,0,0,1,0,0,0,0,0,1,0,0,0,0,0,0,1,0,0,0,0,1,1,1,2,0,14,2.8,1,1,1,1,1,15,3.0,1b17ab93ed1184b4, intentional,7834,15,1491705562.0, no, full,3,8, 40s, 4, yes, 2, 2, 1, 4, 4, 3, yes
game9db62093d0e5c99c.log,13,0,1,0,1,1,0,0,0,0,0,0,1,0,0,0,0,0,0,0,0,0,0,0,1,0,0,0,0,0,0,1,0,1,1,0,0,0,0,0,0,1,0,0,0,0,1,0,0,0,0,0,2,0,2,1,17,3.4,3,0,1,1,0,10,2.0,ca0922b34e670338, full,6369,20,1492724597.0, no, outer,1,13, 40s, 4, yes, 3, 4, 2, 3, 3, 3, yes
game9dbf0296b18a2579.log,16,0,0,0,0,0,1,0,0,0,0,0,0,1,0,0,0,0,0,1,1,0,1,0,0,0,0,1,0,0,0,0,0,0,1,0,0,0,0,0,0,0,1,1,0,0,0,0,0,1,0,1,1,1,1,1,15,3.0,0,2,1,2,0,15,3.0,ca0922b34e670338, full,1188,19,1492708672.0, no, outer,1,13, 40s, 4, yes, 3, 4, 2, 3, 3, 3, yes
game9df3eb2c98f27576.log,5,0,0,0,1,0,0,0,0,0,0,0,0,1,0,0,1,0,0,0,0,2,0,0,0,0,0,0,0,0,0,0,0,1,0,0,1,0,0,1,0,1,0,0,0,1,0,0,0,0,0,3,0,1,1,0,10,2.0,2,0,1,1,1,14,2.8,8a6febcf85c544d4, outer,4045,2,1489998855.0, no, intentional,5,20, , , , , , , , , , yes
game9e30d607408d8439.log,14,1,0,0,0,0,1,0,0,0,0,1,1,0,0,0,0,0,1,0,0,0,0,0,0,0,0,0,1,0,0,0,1,0,0,0,0,0,1,0,0,0,0,0,0,0,0,0,1,1,0,3,1,1,0,0,8,1.6,0,1,3,1,0,15,3.0,5d82cb8a155dbd34, intentional,4576,19,1490307232.0, no, full,5,21, 20s, 4, yes, 3, 4, 3, 4, 5, 5, yes
game9eb765cfac35623e.log,3,0,0,1,1,0,1,1,0,0,0,0,0,0,0,0,0,0,0,0,0,0,0,0,1,0,0,0,0,0,0,0,0,0,0,1,1,0,0,1,0,1,0,0,0,0,0,0,0,1,0,1,1,1,2,0,14,2.8,2,0,0,2,1,15,3.0,19dbddedf07994e2, full,8052,6,1489965490.0, no, outer,3,8, 30s, 4, yes, 4, 4, 4, 5, 3, 3, yes
game9ec4137c69625c41.log,16,0,0,2,1,0,0,0,0,0,0,0,0,0,0,0,0,0,1,0,0,0,1,0,0,0,0,0,0,0,0,0,0,0,0,0,1,0,0,1,0,0,1,0,0,0,1,0,0,1,0,0,1,3,1,0,15,3.0,2,1,0,2,0,12,2.4,ca0922b34e670338, outer,1512,16,1491924843.0, no, outer,1,13, 40s, 4, yes, 3, 4, 2, 3, 3, 3, yes
game9ed52ecf70c5ae30.log,20,1,0,0,0,0,0,0,1,0,0,1,0,0,1,0,0,0,0,0,0,0,0,1,0,0,0,0,0,1,0,0,0,1,0,0,0,0,0,0,0,0,2,0,0,0,1,0,0,0,0,2,0,2,1,0,12,2.4,1,2,1,1,0,12,2.4,ca0922b34e670338, intentional,2900,16,1491758522.0, no, outer,1,13, 40s, 4, yes, 3, 4, 2, 3, 3, 3, yes
game9ed7af1eddb719e7.log,7,0,1,0,0,0,0,0,0,0,1,0,1,0,0,0,0,1,0,0,0,0,1,0,0,0,0,0,0,0,0,0,0,0,1,0,1,1,0,0,1,1,0,0,0,0,0,0,0,0,0,0,4,0,0,1,13,2.6,2,1,0,1,1,13,2.6,1b17ab93ed1184b4, full,2162,9,1491687581.0, no, full,3,8, 40s, 4, yes, 2, 2, 1, 4, 4, 3, yes
game9ee08258b46a05fd.log,11,0,0,0,0,0,0,1,0,1,0,0,0,0,1,0,0,0,0,0,0,0,1,1,0,0,0,0,0,0,1,1,0,2,0,0,0,0,0,0,0,0,0,0,0,0,1,0,0,0,0,0,2,1,2,0,15,3.0,2,0,2,0,1,13,2.6,19dbddedf07994e2, intentional,2811,5,1489827764.0, no, outer,3,8, 30s, 4, yes, 4, 4, 4, 5, 3, 3, yes
game9ef9626152349082.log,16,0,0,1,0,0,0,1,0,0,0,0,0,0,0,0,0,1,1,1,0,0,0,0,0,0,0,0,0,0,0,1,0,0,0,0,0,0,1,0,0,1,1,0,0,0,0,0,0,1,0,0,2,2,1,0,14,2.8,2,1,1,1,0,11,2.2,ca0922b34e670338, intentional,8922,14,1491854234.0, no, outer,1,13, 40s, 4, yes, 3, 4, 2, 3, 3, 3, yes
game9ef9cee46e9cac7a.log,18,1,0,0,0,0,0,0,0,0,0,0,0,0,1,0,0,0,1,1,0,0,0,1,0,0,0,1,0,0,0,1,0,0,0,0,1,1,0,0,0,0,1,0,0,0,0,0,0,0,0,1,0,2,2,0,15,3.0,2,3,0,0,0,8,1.6,4dacd064a3248f0e, outer,7828,4,1490325507.0, no, full,5,18, , , , , , , , , , yes
game9f0b5b6f9fcdbace.log,18,2,0,0,0,0,0,0,0,0,0,1,0,0,0,0,1,0,0,0,0,0,1,0,0,0,0,0,0,0,0,0,0,1,0,0,1,0,0,0,0,1,1,0,0,0,0,0,1,0,0,4,1,0,0,0,6,1.2,2,1,2,0,0,10,2.0,05342ea0a157f2f6, outer,2,8,1490312658.0, yes, outer,2,8, 40s, 4, yes, 3, 2, 2, 2, 1, 3, yes
game9f60491a64a50dfe.log,16,1,0,0,0,1,1,0,1,0,0,0,0,0,0,0,0,0,0,0,0,0,0,0,0,1,1,0,1,0,0,0,0,1,0,0,0,0,0,0,0,0,0,1,0,0,1,0,0,0,0,2,0,1,0,2,15,3.0,2,0,3,0,0,11,2.2,e94bf9e6daf555e4, intentional,1,14,1490309581.0, yes, intentional,1,14, , , , , , , , , , yes
game9f7e14422b08f20b.log,15,1,0,0,0,0,1,0,0,1,0,0,0,0,1,0,0,1,0,0,0,0,0,0,0,0,1,0,1,0,0,0,0,1,0,0,0,0,0,0,0,0,1,0,0,0,1,0,0,0,0,2,1,0,2,0,12,2.4,2,1,2,0,0,10,2.0,ca0922b34e670338, intentional,6928,17,1492707202.0, no, outer,1,13, 40s, 4, yes, 3, 4, 2, 3, 3, 3, yes
game9fc2605a80b7c216.log,18,1,0,0,1,0,0,0,0,0,0,0,1,0,0,0,0,1,0,0,0,0,0,0,1,0,0,0,0,1,1,0,0,0,0,0,0,0,1,1,0,1,0,0,0,0,0,0,0,0,0,1,2,0,2,0,13,2.6,1,0,1,2,1,17,3.4,ca0922b34e670338, outer,46,14,1492581987.0, no, outer,1,13, 40s, 4, yes, 3, 4, 2, 3, 3, 3, yes
game9fce1380f66fa34a.log,15,0,0,0,0,0,0,0,1,0,0,0,0,0,0,0,0,0,1,1,0,0,1,1,0,0,0,0,0,0,0,0,1,0,1,0,1,0,0,0,0,0,0,0,0,1,1,0,0,0,0,0,1,3,1,0,15,3.0,2,1,0,1,1,13,2.6,4dacd064a3248f0e, full,3183,9,1490323219.0, no, full,5,18, , , , , , , , , , yes
game9ff0d6ac6bd168a8.log,14,0,0,1,0,0,0,0,0,1,0,0,0,0,0,0,1,0,0,0,1,0,0,1,0,0,0,0,1,0,0,0,0,0,0,1,0,0,0,1,1,1,0,0,0,0,0,0,0,0,0,1,0,2,1,1,16,3.2,1,0,1,1,2,18,3.6,ca0922b34e670338, full,1909,10,1492592246.0, no, outer,1,13, 40s, 4, yes, 3, 4, 2, 3, 3, 3, yes
game9ff44b3df36b7222.log,7,0,0,1,0,0,0,1,0,0,1,0,0,0,1,0,0,0,0,0,1,0,0,0,0,0,0,0,0,2,0,0,0,0,0,0,1,1,0,0,0,0,0,0,1,0,0,0,0,0,0,0,1,1,1,2,19,3.8,1,1,0,3,0,15,3.0,ca0922b34e670338, outer,3102,5,1491767651.0, no, outer,1,13, 40s, 4, yes, 3, 4, 2, 3, 3, 3, yes
gamea005d1278bb77832.log,17,0,0,0,0,0,0,0,0,0,0,2,0,0,1,0,0,0,0,0,1,1,0,0,0,0,0,0,0,0,0,0,0,0,0,0,1,2,0,0,0,0,0,1,0,0,0,0,1,0,0,3,0,0,1,1,12,2.4,1,2,2,0,0,11,2.2,19dbddedf07994e2, full,9288,20,1490136179.0, no, outer,3,8, 30s, 4, yes, 4, 4, 4, 5, 3, 3, yes
gamea013183f5e851277.log,12,1,0,1,0,0,0,1,0,0,0,0,1,0,1,0,0,0,0,0,0,0,0,0,0,0,0,0,0,0,0,1,0,0,0,1,0,0,0,0,1,0,0,0,0,1,1,0,0,0,0,1,2,1,1,0,12,2.4,2,0,0,0,3,17,3.4,ca0922b34e670338, full,9746,17,1491887152.0, no, outer,1,13, 40s, 4, yes, 3, 4, 2, 3, 3, 3, yes
gamea020c5c8f89e4090.log,16,0,0,0,0,0,0,1,1,0,0,1,0,1,1,0,0,0,0,0,0,0,0,0,0,0,0,0,0,1,0,1,0,1,0,0,0,0,0,0,0,0,0,0,0,0,0,1,0,1,0,1,1,2,1,0,13,2.6,1,1,1,2,0,14,2.8,e55525e0b2004294, full,2227,4,1490337458.0, no, intentional,5,19, 20s, 4, yes, 4, 4, 4, 3, 3, 3, yes
gamea09484b435bd89e6.log,14,0,1,0,1,0,1,0,0,0,0,1,0,0,0,0,0,0,0,0,0,0,1,0,0,0,0,0,0,0,0,1,0,1,0,0,0,0,0,0,0,0,1,0,0,0,1,0,0,0,1,2,2,0,1,0,10,2.0,2,1,1,0,1,12,2.4,591767f1643bd690, full,1,0,1491849661.0, yes, full,1,0, , , , , , , , 2, , yes
gamea0d790083e412853.log,6,1,0,0,0,0,0,0,0,0,0,0,1,0,1,0,0,0,0,0,0,0,1,0,1,0,0,0,0,1,1,0,0,0,0,1,0,0,0,0,0,0,0,0,0,0,1,1,0,0,0,1,2,0,2,0,13,2.6,1,1,0,1,2,17,3.4,ca0922b34e670338, full,9503,8,1491752777.0, no, outer,1,13, 40s, 4, yes, 3, 4, 2, 3, 3, 3, yes
gamea0de06ca75e36f87.log,14,0,0,0,0,0,0,1,0,0,0,1,1,0,0,0,1,0,0,0,0,0,1,0,0,0,0,0,0,0,1,0,0,1,1,0,0,0,0,0,0,0,0,0,0,0,1,0,0,0,1,2,3,0,0,0,8,1.6,1,0,1,1,2,18,3.6,46d350a033c35853, full,505,16,1490025475.0, no, full,3,17, 40s, 3, no, 2, 4, 2, 5, 4, 5, yes
gamea0f3b02d26578ad1.log,6,0,0,0,1,0,0,0,1,0,0,0,0,0,0,0,0,1,0,0,0,0,0,0,2,0,0,0,0,0,0,1,1,1,0,0,0,1,0,0,0,0,0,0,0,0,0,1,0,0,0,0,1,1,3,0,17,3.4,1,3,1,0,0,10,2.0,19dbddedf07994e2, outer,4249,9,1489703399.0, no, outer,3,8, 30s, 4, yes, 4, 4, 4, 5, 3, 3, yes
gamea120607673d9fe95.log,12,0,0,0,0,0,1,1,1,1,0,1,0,0,0,0,0,0,0,0,0,0,0,0,0,0,1,0,0,0,0,0,0,0,1,0,0,0,0,1,1,0,0,0,0,0,1,0,0,0,0,2,1,1,1,0,11,2.2,2,0,0,2,1,15,3.0,ca0922b34e670338, full,7396,19,1491847818.0, no, outer,1,13, 40s, 4, yes, 3, 4, 2, 3, 3, 3, yes
gamea1a316a26565c6c3.log,17,1,0,0,1,0,0,0,0,0,1,1,0,0,0,0,0,0,1,0,0,0,0,0,0,0,0,0,0,0,0,1,0,0,1,0,0,0,0,1,0,0,0,0,0,1,1,0,0,0,0,2,0,1,1,1,14,2.8,2,0,0,2,1,15,3.0,ca0922b34e670338, intentional,7176,17,1492592450.0, no, outer,1,13, 40s, 4, yes, 3, 4, 2, 3, 3, 3, yes
gamea1a788c134a77ff4.log,16,0,0,0,1,0,0,1,0,0,0,1,0,0,0,0,0,1,0,0,0,0,0,1,0,0,1,0,0,0,0,0,0,0,1,0,0,0,0,0,1,1,0,1,0,0,0,0,0,0,0,1,2,1,1,0,12,2.4,2,0,1,1,1,14,2.8,ca0922b34e670338, intentional,6903,17,1492551840.0, no, outer,1,13, 40s, 4, yes, 3, 4, 2, 3, 3, 3, yes
gamea1a8463c1c262148.log,12,1,1,0,0,0,0,1,0,0,0,0,0,0,1,0,0,0,0,0,0,0,0,0,1,0,2,0,0,0,0,1,0,0,0,0,0,1,0,0,0,0,0,0,0,0,0,1,0,0,0,1,2,0,2,0,13,2.6,3,2,0,0,0,7,1.4,d32d69e3457e91ea, intentional,2,14,1490377940.0, yes, intentional,2,14, 40s, 4, yes, 2, 4, 1, 2, 2, 2, yes
gamea1aa5abadf7d9f23.log,20,0,0,0,1,0,0,0,0,0,0,1,0,0,0,0,0,1,1,0,0,0,0,0,0,1,0,0,1,0,0,1,0,0,0,0,0,0,0,0,0,0,0,1,0,0,0,0,1,1,0,1,1,1,1,1,15,3.0,1,0,3,1,0,14,2.8,19dbddedf07994e2, outer,2675,5,1489962678.0, no, outer,3,8, 30s, 4, yes, 4, 4, 4, 5, 3, 3, yes
gamea1ba86bb2a0efe24.log,2,0,0,0,1,0,1,0,1,1,0,0,0,1,0,0,0,0,0,0,0,0,0,0,0,0,1,0,0,0,0,0,0,0,0,0,0,0,0,1,0,0,0,0,1,0,0,0,1,1,0,1,0,2,2,0,15,3.0,1,0,1,3,0,16,3.2,ca0922b34e670338, intentional,4667,17,1491756000.0, no, outer,1,13, 40s, 4, yes, 3, 4, 2, 3, 3, 3, yes
gamea1d6bc5c5935f059.log,20,0,0,0,0,0,0,0,1,0,0,0,0,1,0,0,0,0,0,0,0,1,0,0,2,0,1,0,0,0,0,0,0,0,0,1,1,0,0,0,0,0,0,0,0,0,2,0,0,0,0,1,0,2,2,0,15,3.0,4,0,0,0,1,9,1.8,3e8f905982a0ce47, full,2,11,1490141483.0, yes, full,2,11, 40s, 4, yes, 4, 4, 4, 3, 1, 1, yes
gamea23d5f4f25e41b83.log,5,0,1,0,0,0,1,0,1,0,0,1,0,0,0,0,0,0,0,0,0,0,0,0,1,0,1,0,0,1,0,0,0,0,0,0,1,0,0,0,1,0,0,0,1,0,0,0,0,0,0,2,1,1,1,0,11,2.2,2,0,0,2,1,15,3.0,b61b6ba65fc547f3, intentional,2083,15,1490379160.0, no, full,5,14, 30s, 4, yes, 2, 4, 1, 3, 3, 4, yes
gamea24fe57de0c105f6.log,22,1,0,0,0,0,0,1,0,0,0,1,0,0,0,1,1,0,0,0,0,0,0,0,0,0,0,0,0,1,0,2,0,0,0,0,0,0,0,2,0,0,0,0,0,0,0,0,0,0,0,3,1,0,0,1,10,2.0,2,0,0,3,0,14,2.8,19dbddedf07994e2, full,1156,9,1489918261.0, no, outer,3,8, 30s, 4, yes, 4, 4, 4, 5, 3, 3, yes
gamea2610d2e11ef9181.log,3,0,0,0,0,0,1,0,0,0,0,0,0,0,0,1,1,0,1,0,0,1,0,0,0,0,2,0,0,1,0,0,0,0,0,1,0,0,0,0,0,0,0,0,1,0,0,0,0,0,0,3,0,1,0,1,11,2.2,2,0,0,2,1,15,3.0,19dbddedf07994e2, full,8693,19,1490289385.0, no, outer,3,8, 30s, 4, yes, 4, 4, 4, 5, 3, 3, yes
gamea2ae13970a5d05e4.log,7,1,0,0,1,0,1,0,0,0,0,0,0,0,1,0,0,0,0,1,0,0,0,0,0,0,0,1,0,0,0,1,1,0,0,0,0,1,0,0,0,0,0,0,0,0,0,1,0,0,0,2,0,0,3,0,14,2.8,1,4,0,0,0,9,1.8,2af874d749a75ec8, outer,140,3,1490308232.0, no, outer,3,5, 20s, 4, yes, 1, 1, 1, 3, 2, 2, yes
gamea2ba9f1a56d55772.log,8,2,0,1,0,0,0,0,0,1,0,0,0,0,0,0,1,0,0,0,0,0,0,0,0,0,0,0,0,0,0,1,0,1,0,0,0,0,0,1,0,0,1,0,0,1,0,0,0,0,0,3,0,1,1,0,10,2.0,1,1,1,1,1,15,3.0,19dbddedf07994e2, outer,491,3,1489794347.0, no, outer,3,8, 30s, 4, yes, 4, 4, 4, 5, 3, 3, yes
gamea32fe4fa5696d210.log,3,0,0,0,0,0,0,0,0,0,0,1,1,0,1,0,0,0,0,0,0,0,1,0,1,0,0,0,0,0,0,1,0,1,0,0,0,0,0,0,0,0,0,1,0,0,1,1,0,0,0,1,2,0,2,0,13,2.6,2,1,2,0,0,10,2.0,33ba844cbb15fecd, intentional,7044,16,1493052466.0, no, full,3,5, 20s, 3, no, 1, 1, 1, 4, 3, 4, yes
gamea335089dfac86d5d.log,8,2,0,0,0,0,0,0,0,0,0,0,0,1,0,0,1,0,1,0,0,0,0,0,0,0,0,1,0,1,0,0,0,0,0,0,0,0,0,1,0,0,0,0,0,0,2,0,0,0,0,3,0,2,0,0,9,1.8,2,1,0,2,0,12,2.4,19dbddedf07994e2, intentional,4205,3,1489737900.0, no, outer,3,8, 30s, 4, yes, 4, 4, 4, 5, 3, 3, yes
gamea3552ffd582c06d4.log,17,1,0,0,0,0,0,1,2,0,0,0,0,1,0,0,0,0,0,0,0,0,0,0,0,0,0,0,0,0,0,1,0,0,0,0,0,1,0,0,0,0,0,0,0,0,0,1,1,1,0,1,1,3,0,0,12,2.4,1,2,1,1,0,12,2.4,4884f857be239a22, intentional,2298,17,1489701392.0, no, full,1,18, 20s, 1, no, 1, , 1, 3, 4, 5, yes
gamea36666ccb8186915.log,1,0,0,0,0,1,0,0,0,1,0,0,0,0,0,0,0,1,1,0,1,0,0,0,0,0,0,0,0,0,0,0,1,0,0,0,0,0,0,0,1,1,0,0,0,0,0,0,0,2,0,0,1,1,1,2,19,3.8,1,1,0,2,1,16,3.2,90c7b3288d046c3a, intentional,6648,17,1492733589.0, no, outer,1,5, 20s, 3, no, 1, 1, 1, 3, 3, 4, yes
gamea37c5ce3b90d31c7.log,6,0,0,0,0,0,1,0,0,0,0,0,0,1,1,0,1,0,0,1,0,0,0,0,0,0,0,0,0,1,1,0,0,0,0,0,0,0,0,1,0,0,0,0,0,0,1,1,0,0,0,2,0,1,2,0,13,2.6,1,1,0,2,1,16,3.2,19dbddedf07994e2, intentional,1972,11,1489966009.0, no, outer,3,8, 30s, 4, yes, 4, 4, 4, 5, 3, 3, yes
gamea39a00ddb49c6368.log,4,0,0,0,0,0,0,2,0,0,0,1,0,0,0,1,0,0,1,0,0,0,0,0,0,0,0,0,1,0,1,0,0,1,0,0,0,0,0,0,0,0,1,0,0,0,0,0,0,1,0,1,2,1,0,1,13,2.6,0,1,2,1,1,17,3.4,19dbddedf07994e2, full,408,17,1489964829.0, no, outer,3,8, 30s, 4, yes, 4, 4, 4, 5, 3, 3, yes
gamea39ba3ac2c651e8f.log,16,0,0,0,0,0,0,0,1,0,0,1,0,1,0,0,0,0,0,0,0,0,1,0,0,1,1,0,0,1,0,0,0,0,0,1,1,0,0,0,0,0,0,0,0,0,1,0,0,0,0,1,1,2,0,1,14,2.8,3,0,0,1,1,12,2.4,19dbddedf07994e2, intentional,6570,14,1489827290.0, no, outer,3,8, 30s, 4, yes, 4, 4, 4, 5, 3, 3, yes
gamea3a0d1c78c28cc99.log,14,2,0,0,0,0,1,0,0,0,0,0,0,0,0,0,0,1,1,0,0,0,0,0,0,0,0,1,0,0,0,0,1,0,0,1,0,0,1,0,0,0,0,0,1,0,0,0,0,0,0,3,1,1,0,0,8,1.6,0,2,1,1,1,16,3.2,19dbddedf07994e2, outer,9790,6,1489739192.0, no, outer,3,8, 30s, 4, yes, 4, 4, 4, 5, 3, 3, yes
gamea3a8469afbb2d72b.log,5,0,0,0,0,0,1,0,0,0,0,1,0,1,0,0,0,0,0,0,0,0,0,0,1,1,0,1,0,0,0,0,1,0,0,0,0,0,0,0,0,0,0,0,1,1,0,0,1,0,0,2,0,1,1,1,14,2.8,0,2,1,1,1,16,3.2,19dbddedf07994e2, full,3271,18,1489829377.0, no, outer,3,8, 30s, 4, yes, 4, 4, 4, 5, 3, 3, yes
gamea3bc2020c9092abd.log,15,1,0,0,0,1,0,0,1,0,0,0,0,0,1,0,0,0,0,0,0,0,0,0,1,0,0,0,0,1,0,0,0,1,0,0,0,0,1,0,0,0,0,0,0,0,0,1,0,1,0,1,0,1,2,1,17,3.4,0,1,2,2,0,16,3.2,e3f99bfa4535678e, intentional,6206,7,1490339564.0, no, outer,5,4, 20s, 4, yes, 2, 4, 1, 2, 2, 3, yes
gamea3bf2a4ee3c228fb.log,12,0,0,1,0,0,2,0,0,0,0,2,0,0,0,0,0,0,0,0,0,0,0,0,0,0,0,1,0,1,0,0,2,0,0,0,0,1,0,0,0,0,0,0,0,0,0,0,0,0,0,4,0,1,0,0,7,1.4,0,4,0,1,0,12,2.4,19dbddedf07994e2, intentional,3181,12,1489737972.0, no, outer,3,8, 30s, 4, yes, 4, 4, 4, 5, 3, 3, yes
gamea3d25e97f0da72e9.log,7,1,0,1,0,0,0,0,0,1,0,0,0,0,0,0,0,0,0,0,1,1,0,0,0,0,0,0,0,0,0,0,0,0,0,0,0,0,1,1,0,0,1,0,0,0,1,0,1,0,0,2,0,1,1,1,14,2.8,1,1,2,1,0,13,2.6,80b582ddeb40b2ce, full,1677,18,1490320633.0, no, intentional,1,18, 20s, 4, yes, 3, 4, 3, 2, 1, 1, yes
gamea3dd8f4d40bfe854.log,18,0,0,1,0,1,0,0,0,0,0,1,0,0,0,0,0,1,1,0,0,0,0,0,0,0,0,0,0,0,0,1,0,0,0,0,0,0,0,0,0,2,0,1,0,0,0,0,0,0,1,1,1,2,0,1,14,2.8,3,0,1,0,1,11,2.2,ca0922b34e670338, intentional,9611,12,1492597159.0, no, outer,1,13, 40s, 4, yes, 3, 4, 2, 3, 3, 3, yes
gamea3f0729621a6ce7b.log,22,1,0,1,0,0,0,0,0,0,0,0,0,1,1,0,0,1,0,0,0,0,0,0,0,0,1,0,0,0,0,1,0,0,0,0,0,0,0,1,0,1,0,0,0,0,1,0,0,0,0,1,1,2,1,0,13,2.6,4,0,0,1,0,8,1.6,90c7b3288d046c3a, full,114,6,1492728514.0, no, outer,1,5, 20s, 3, no, 1, 1, 1, 3, 3, 4, yes
gamea40d9503848bb69b.log,3,0,0,0,0,1,1,0,0,1,0,0,0,0,0,0,0,0,2,0,0,0,0,0,0,0,0,0,0,0,0,1,0,0,0,1,0,1,0,1,0,1,0,0,0,0,0,0,0,0,0,1,0,2,1,1,16,3.2,2,1,0,1,1,13,2.6,ca0922b34e670338, outer,4282,3,1491793575.0, no, outer,1,13, 40s, 4, yes, 3, 4, 2, 3, 3, 3, yes
gamea414da80d8498292.log,6,0,1,0,2,0,0,0,0,0,0,0,1,0,0,0,0,0,0,0,0,0,0,0,1,0,0,1,0,0,0,0,0,0,0,0,1,0,0,0,0,0,1,0,1,0,0,0,1,0,0,0,2,0,3,0,16,3.2,1,2,1,1,0,12,2.4,ca0922b34e670338, intentional,1535,17,1491853974.0, no, outer,1,13, 40s, 4, yes, 3, 4, 2, 3, 3, 3, yes
gamea42137e2921cb799.log,10,0,0,0,0,0,0,0,0,0,0,1,0,1,0,0,0,0,0,0,1,0,0,1,1,0,0,0,0,1,1,0,0,0,0,1,0,0,0,1,0,0,0,0,0,0,0,1,0,0,0,1,0,2,1,1,16,3.2,0,1,0,2,2,20,4.0,ca0922b34e670338, intentional,6614,13,1492705402.0, no, outer,1,13, 40s, 4, yes, 3, 4, 2, 3, 3, 3, yes
gamea42b293301169bcf.log,19,1,0,0,0,0,0,0,1,0,0,0,1,1,0,0,0,0,0,1,0,0,0,0,0,0,0,1,1,0,0,1,0,0,0,0,0,0,0,0,0,1,0,0,0,0,0,0,1,0,0,1,1,2,1,0,13,2.6,2,1,2,0,0,10,2.0,19dbddedf07994e2, full,4045,18,1489701812.0, no, outer,3,8, 30s, 4, yes, 4, 4, 4, 5, 3, 3, yes
gamea469eabf7c309df3.log,7,0,1,0,0,0,0,0,0,0,0,1,0,0,0,1,0,0,1,0,0,0,0,0,0,1,0,0,0,1,0,0,0,1,0,0,0,1,0,0,0,1,0,0,0,0,0,1,0,0,0,1,1,1,0,2,16,3.2,1,2,1,1,0,12,2.4,c44580091c0ad5ad, full,953,20,1490106796.0, no, full,1,18, 50s, 4, yes, 3, 4, 1, 4, 3, 4, yes
gamea53541002fb89c4f.log,1,1,0,0,1,0,0,0,0,0,0,0,1,0,0,0,0,0,0,0,0,0,1,0,0,1,0,0,1,0,0,0,0,1,1,0,0,0,0,0,0,0,0,0,2,0,0,0,0,0,0,1,2,0,1,1,14,2.8,0,0,2,3,0,18,3.6,ca0922b34e670338, intentional,8007,17,1492583391.0, no, outer,1,13, 40s, 4, yes, 3, 4, 2, 3, 3, 3, yes
gamea582d3625d291f5c.log,17,1,0,0,0,0,1,1,0,0,0,0,0,0,0,0,0,1,0,0,1,0,0,0,0,0,0,1,0,0,0,0,0,0,0,1,0,0,0,0,0,0,0,1,0,0,0,0,0,2,0,2,2,0,0,1,11,2.2,0,1,1,2,1,18,3.6,00abb0a354af727f, full,4222,7,1492717479.0, no, intentional,3,9, 20s, 3, no, 1, 1, 2, 3, 2, 4, yes
gamea61c1bb84bed3f18.log,14,0,1,0,0,0,1,1,0,0,0,0,0,0,0,0,0,0,0,0,0,0,0,1,1,0,1,0,0,0,0,1,0,0,1,0,0,0,0,0,1,0,0,0,0,0,1,0,0,0,0,1,2,1,1,0,12,2.4,3,0,0,1,1,12,2.4,ca0922b34e670338, full,507,18,1492594398.0, no, outer,1,13, 40s, 4, yes, 3, 4, 2, 3, 3, 3, yes
gamea64fd9176a3ea399.log,14,1,0,0,1,0,0,0,0,1,0,0,1,0,0,0,0,0,0,0,0,0,1,0,0,0,1,0,0,0,0,2,0,1,0,0,0,0,0,0,0,0,1,0,0,0,0,0,0,0,0,1,2,0,2,0,13,2.6,3,1,1,0,0,8,1.6,9c4f781173d0fb2d, intentional,5398,12,1490305851.0, no, intentional,3,13, 20s, 4, yes, 3, 4, 2, 2, 1, 1, yes
gamea656a5a2fae98981.log,20,0,0,0,0,0,1,0,0,1,0,0,0,0,0,0,2,0,0,0,0,0,0,0,1,0,0,0,0,0,0,0,1,1,0,0,0,0,1,0,0,0,0,0,0,0,0,1,1,0,0,3,0,0,2,0,11,2.2,0,2,3,0,0,13,2.6,ca0922b34e670338, intentional,244,18,1491906950.0, no, outer,1,13, 40s, 4, yes, 3, 4, 2, 3, 3, 3, yes
gamea66646a991236b3b.log,2,0,0,0,1,0,0,0,0,0,0,0,0,0,1,1,0,0,0,0,0,0,1,0,1,0,0,0,0,0,0,0,0,0,1,1,0,0,0,0,0,1,0,0,0,1,0,0,0,0,1,0,1,0,3,1,19,3.8,1,0,0,1,3,20,4.0,19dbddedf07994e2, outer,1087,11,1490135964.0, no, outer,3,8, 30s, 4, yes, 4, 4, 4, 5, 3, 3, yes
gamea6756531f3b6404b.log,14,1,0,0,1,0,0,0,1,0,0,1,0,0,0,0,0,0,0,0,1,0,0,0,0,0,0,0,0,1,0,0,0,0,1,0,1,0,0,0,0,0,0,0,0,0,0,0,1,1,0,2,0,1,1,1,14,2.8,1,0,1,3,0,16,3.2,ca0922b34e670338, full,7860,13,1491783047.0, no, outer,1,13, 40s, 4, yes, 3, 4, 2, 3, 3, 3, yes
gamea697b4a11cfc9113.log,17,1,0,1,0,0,1,0,0,0,0,0,0,0,0,0,0,1,0,0,0,1,0,0,0,0,0,0,0,1,0,2,0,0,0,0,0,0,0,1,1,0,0,0,0,0,0,0,0,0,0,3,1,1,0,0,8,1.6,2,0,0,2,1,15,3.0,19dbddedf07994e2, full,5,15,1489792321.0, no, outer,3,8, 30s, 4, yes, 4, 4, 4, 5, 3, 3, yes
gamea69d9a7514880a17.log,2,0,0,0,1,0,0,0,0,1,0,1,0,0,0,0,0,0,0,1,0,0,1,0,0,0,0,0,0,0,0,0,0,0,0,0,2,0,1,1,0,1,0,0,0,0,0,0,0,0,0,1,1,0,3,0,15,3.0,3,0,1,1,0,10,2.0,19dbddedf07994e2, outer,9488,6,1490726218.0, no, outer,3,8, 30s, 4, yes, 4, 4, 4, 5, 3, 3, yes
gamea6a9aef6677b32ad.log,11,0,0,0,0,1,1,0,0,0,0,1,0,0,1,0,0,0,0,1,0,0,0,0,0,0,0,0,0,0,0,1,0,1,0,0,0,0,1,0,0,2,0,0,0,0,0,0,0,0,0,2,0,0,2,1,15,3.0,3,0,2,0,0,9,1.8,ca0922b34e670338, intentional,7191,19,1491846638.0, no, outer,1,13, 40s, 4, yes, 3, 4, 2, 3, 3, 3, yes
gamea6bed06eb561abb9.log,17,0,0,0,0,0,0,0,0,0,0,2,0,0,1,0,0,0,0,0,1,1,0,0,0,0,0,0,0,0,0,0,0,0,0,0,1,2,0,0,0,0,0,1,0,0,0,0,1,0,0,3,0,0,1,1,12,2.4,1,2,2,0,0,11,2.2,19dbddedf07994e2, outer,6446,6,1489738009.0, no, outer,3,8, 30s, 4, yes, 4, 4, 4, 5, 3, 3, yes
gamea7304b7bdd4f0172.log,19,0,0,0,0,1,1,1,0,0,0,0,0,0,0,0,0,0,0,1,0,0,1,0,0,0,0,0,1,0,0,0,0,1,0,0,1,0,0,0,0,0,1,0,0,0,1,0,0,0,0,1,2,0,1,1,14,2.8,2,1,2,0,0,10,2.0,236e6acdb937b01c, outer,5,0,1491849716.0, yes, outer,5,0, , , , , , , , , , yes
gamea7457524a36d0bb2.log,5,0,0,1,0,0,1,0,1,0,0,0,0,0,0,1,0,1,0,0,0,0,0,0,0,0,0,0,0,0,0,0,0,0,0,0,0,1,1,1,0,1,0,0,0,0,0,1,0,0,0,1,1,2,0,1,14,2.8,1,2,1,1,0,12,2.4,7d6a88e8113679a3, outer,3,13,1490058827.0, yes, outer,3,13, , , , , , , , , , yes
gamea749cf7003d1c34b.log,16,0,0,1,1,0,0,0,1,0,1,0,0,0,0,0,0,0,0,0,1,0,0,0,0,0,1,0,0,0,0,0,0,1,0,0,0,0,0,0,0,0,0,0,0,0,1,0,1,1,0,0,0,2,1,2,20,4.0,2,0,2,1,0,12,2.4,9b19bf2e8fb8e2f1, outer,2,12,1490318251.0, yes, outer,2,12, 30s, 4, yes, 3, 3, 2, 4, 4, 4, yes
gamea753b2e578bd5172.log,19,0,0,0,1,0,0,0,0,0,0,0,1,0,0,0,1,0,0,0,0,0,0,1,1,0,0,1,0,0,0,0,0,0,0,1,1,0,1,0,0,0,0,0,0,0,0,0,1,0,0,1,1,1,2,0,14,2.8,1,1,2,0,1,14,2.8,b0241aa48c88bd1b, outer,163,4,1490432252.0, no, full,3,11, 20s, 4, yes, 3, 3, 3, 3, 1, 1, yes
gamea77354acec920195.log,20,1,0,0,0,0,0,0,0,0,0,0,0,0,0,1,0,1,0,0,0,1,0,0,0,1,0,0,0,1,0,0,0,0,0,0,2,0,0,0,0,0,0,0,1,1,0,0,0,0,0,2,1,0,0,2,14,2.8,2,0,0,2,1,15,3.0,71e4da43e7c685d7, full,5,15,1490455205.0, yes, full,5,15, 20s, 4, yes, 2, 4, 1, 3, 2, 3, yes
gamea7938b64aa7816f5.log,6,0,1,0,0,0,1,0,1,0,0,0,0,0,1,0,0,0,1,0,0,0,0,0,0,0,1,0,0,1,0,0,0,0,0,0,0,0,0,0,1,0,0,0,0,0,1,0,1,0,0,1,1,2,1,0,13,2.6,2,0,1,1,1,14,2.8,ca0922b34e670338, outer,800,6,1491876322.0, no, outer,1,13, 40s, 4, yes, 3, 4, 2, 3, 3, 3, yes
gamea7c8cd6d2cfce85d.log,1,0,1,0,0,0,0,0,0,0,1,0,1,1,0,0,0,0,0,0,0,0,0,0,1,0,0,0,0,1,0,2,0,1,0,0,0,0,0,0,0,0,0,0,1,0,0,0,0,0,0,0,2,1,1,1,16,3.2,2,0,1,2,0,13,2.6,5ff39a78deaa4e85, intentional,7334,17,1490875346.0, no, full,2,4, 30s, 4, yes, 3, 4, 2, 3, 2, 2, yes
gamea7f02b5fffcac342.log,6,0,1,0,1,0,2,0,0,0,0,0,0,0,0,0,0,0,0,0,0,0,0,1,0,0,1,0,0,0,0,1,0,0,0,0,0,0,0,0,0,1,1,0,0,0,1,0,0,0,0,2,1,1,1,0,11,2.2,4,1,0,0,0,6,1.2,ca0922b34e670338, intentional,1542,14,1491932452.0, no, outer,1,13, 40s, 4, yes, 3, 4, 2, 3, 3, 3, yes
gamea7f06c9b86ab03ca.log,18,0,0,0,1,0,0,0,0,0,0,0,0,1,0,0,0,0,1,0,0,1,1,0,0,0,2,1,1,0,0,1,0,0,0,0,0,0,0,0,0,0,0,0,0,0,0,0,0,0,0,1,1,2,1,0,13,2.6,3,1,1,0,0,8,1.6,0f5160401ea3925f, full,1876,15,1490056290.0, no, outer,1,9, 20s, 3, yes, 3, 3, 2, 3, 2, 2, yes
gamea8094b5f0aeb92ee.log,4,0,0,1,0,0,0,0,1,1,0,0,0,0,1,0,0,0,1,0,0,0,0,0,0,0,0,0,0,1,0,0,1,0,1,0,0,0,0,0,0,0,0,0,0,1,0,0,0,1,0,0,0,3,2,0,17,3.4,0,1,0,3,1,19,3.8,1b17ab93ed1184b4, intentional,6000,16,1491727715.0, no, full,3,8, 40s, 4, yes, 2, 2, 1, 4, 4, 3, yes
gamea81a79f1096230ee.log,6,1,1,0,0,0,0,0,1,0,0,0,0,0,0,0,0,0,0,0,0,1,1,0,0,0,0,1,0,0,1,0,0,1,0,0,0,1,0,0,0,0,0,0,0,1,0,0,0,0,0,2,2,1,0,0,9,1.8,0,2,1,0,2,17,3.4,92859eb517ad4608, intentional,5035,18,1489876728.0, no, outer,3,8, 20s, 4, yes, 3, 4, 2, 4, 2, 2, yes
gamea81f370709dfa239.log,17,1,0,0,0,1,0,0,0,0,0,1,0,0,0,0,0,0,0,0,0,1,0,1,0,0,0,2,0,0,0,1,0,1,0,0,0,0,0,0,0,0,0,0,0,0,0,0,0,0,1,3,0,1,0,1,11,2.2,1,2,1,0,1,13,2.6,19dbddedf07994e2, outer,8937,3,1489737678.0, no, outer,3,8, 30s, 4, yes, 4, 4, 4, 5, 3, 3, yes
gamea89f449023dbd46f.log,8,0,0,0,0,0,0,0,0,0,0,0,0,0,0,0,0,1,0,0,1,2,0,1,0,0,0,1,0,0,0,0,0,2,0,0,1,0,0,0,0,0,0,1,0,0,0,0,0,0,0,2,1,1,0,1,12,2.4,1,1,3,0,0,12,2.4,19dbddedf07994e2, intentional,7062,5,1489963455.0, no, outer,3,8, 30s, 4, yes, 4, 4, 4, 5, 3, 3, yes
gamea8b0811e912714f4.log,9,0,0,1,0,0,0,0,0,1,0,0,0,1,0,0,1,0,0,1,0,0,0,0,0,0,0,0,0,0,0,0,0,0,0,0,1,1,0,0,0,0,2,0,1,0,0,0,0,0,0,1,0,2,2,0,15,3.0,1,3,0,1,0,11,2.2,2af874d749a75ec8, intentional,7671,9,1490309556.0, no, outer,3,5, 20s, 4, yes, 1, 1, 1, 3, 2, 2, yes
gamea8ceeb644ed47b8f.log,1,0,1,0,0,0,0,0,0,1,0,0,0,0,0,0,0,1,0,0,0,2,0,0,0,0,0,0,0,0,0,0,0,0,0,0,0,0,0,0,1,0,1,0,2,0,1,0,0,0,0,2,2,0,1,0,10,2.0,1,1,0,2,1,16,3.2,2119fe68a204e42a, full,6700,13,1490303834.0, no, outer,2,4, 20s, 4, yes, 4, 4, 4, 3, 2, 4, yes
gamea8e4751cbf261958.log,10,0,0,0,0,0,1,0,0,0,0,0,0,0,0,0,2,0,0,0,0,0,1,0,1,0,0,1,0,0,0,0,1,0,0,0,0,1,0,0,0,0,0,1,1,0,0,0,0,0,0,3,1,0,1,0,9,1.8,0,3,1,1,0,13,2.6,ca0922b34e670338, intentional,9586,17,1492571885.0, no, outer,1,13, 40s, 4, yes, 3, 4, 2, 3, 3, 3, yes
gamea92e486fa1a46087.log,8,0,0,0,0,0,1,0,1,0,0,0,1,0,0,0,0,0,0,0,0,1,0,1,0,0,1,2,0,0,0,0,0,0,0,0,0,0,1,0,0,0,1,0,0,0,0,0,0,0,0,2,1,2,0,0,10,2.0,1,3,1,0,0,10,2.0,80b582ddeb40b2ce, outer,2189,3,1490321001.0, no, intentional,1,18, 20s, 4, yes, 3, 4, 3, 2, 1, 1, yes
gamea982a0e21c2fb26b.log,0,0,0,0,0,0,0,0,0,0,0,0,0,1,0,1,0,0,2,0,0,0,0,1,0,0,0,0,0,2,1,0,0,0,0,0,0,0,0,0,0,0,0,0,1,0,0,0,0,1,0,0,0,4,0,1,17,3.4,0,0,0,4,1,21,4.2,ca0922b34e670338, full,216,11,1491764017.0, no, outer,1,13, 40s, 4, yes, 3, 4, 2, 3, 3, 3, yes
gamea99478ba6c28465b.log,8,1,0,0,0,0,2,0,0,0,0,0,0,0,0,0,0,1,0,1,0,0,0,0,0,0,1,0,0,0,0,0,0,0,0,0,1,0,0,0,0,1,0,0,0,0,1,0,0,0,1,3,1,0,1,0,9,1.8,4,0,0,0,1,9,1.8,ca0922b34e670338, outer,9215,8,1491844532.0, no, outer,1,13, 40s, 4, yes, 3, 4, 2, 3, 3, 3, yes
gamea9b6d67289778a5f.log,10,0,0,1,0,0,0,0,1,0,1,0,0,0,0,0,1,0,0,0,0,1,0,0,0,0,1,0,0,0,0,0,0,1,0,0,0,0,0,0,0,0,1,1,1,0,0,0,0,0,0,2,0,2,0,1,13,2.6,1,1,2,1,0,13,2.6,2119fe68a204e42a, intentional,3591,7,1490315667.0, no, outer,2,4, 20s, 4, yes, 4, 4, 4, 3, 2, 4, yes
gamea9d223d0a60b3c2e.log,15,0,0,0,1,0,0,0,2,0,0,1,0,0,0,0,0,0,0,0,0,0,1,0,0,0,0,0,1,0,0,0,0,0,0,0,0,0,0,0,0,0,0,1,1,0,2,0,0,0,0,1,1,2,1,0,13,2.6,2,0,2,1,0,12,2.4,ca0922b34e670338, outer,845,5,1491925543.0, no, outer,1,13, 40s, 4, yes, 3, 4, 2, 3, 3, 3, yes
gamea9d37f765fb946fc.log,6,1,0,1,0,0,0,0,0,0,0,2,0,0,0,0,0,0,0,0,0,1,0,0,0,0,1,0,0,0,0,0,0,0,0,0,0,0,0,0,0,1,0,0,0,0,2,0,0,1,0,4,0,1,0,0,7,1.4,4,0,0,1,0,8,1.6,e3f99bfa4535678e, intentional,7804,13,1490343210.0, no, outer,5,4, 20s, 4, yes, 2, 4, 1, 2, 2, 3, yes
gameaa68e3a3d86248ca.log,8,0,1,0,0,0,0,0,0,0,1,0,0,0,0,0,0,0,1,0,0,1,1,0,0,0,0,0,0,0,0,0,0,2,1,0,0,0,0,1,0,0,0,0,0,0,1,0,0,0,0,1,2,1,0,1,13,2.6,1,0,2,2,0,15,3.0,0313454f0e513527, full,4949,21,1490323885.0, no, outer,2,7, , , , , , , 3, 2, 4, yes
gameaa9d51fc5e3e2e69.log,16,0,0,0,0,1,0,0,0,0,0,1,0,1,0,0,0,1,0,1,0,0,0,0,0,0,0,0,0,0,0,0,0,1,0,0,0,0,0,1,0,1,0,0,0,0,0,1,0,1,0,1,1,1,1,1,15,3.0,1,1,1,2,0,14,2.8,ca0922b34e670338, intentional,8289,15,1492560562.0, no, outer,1,13, 40s, 4, yes, 3, 4, 2, 3, 3, 3, yes
gameaac7ceac400b3e88.log,3,0,0,0,0,0,0,0,1,0,0,1,1,0,0,0,0,0,0,0,1,0,0,1,0,0,0,1,0,0,0,1,0,1,1,0,0,0,0,0,0,0,1,0,0,0,0,0,0,0,0,1,1,2,0,1,14,2.8,1,2,1,1,0,12,2.4,ca0922b34e670338, intentional,8314,14,1492549650.0, no, outer,1,13, 40s, 4, yes, 3, 4, 2, 3, 3, 3, yes
gameab234158747b5f86.log,10,1,0,1,0,0,0,0,0,0,0,0,0,0,0,0,1,0,0,1,0,0,1,0,0,0,0,0,0,0,1,0,0,1,0,0,0,0,0,0,0,0,1,0,1,0,0,0,0,0,1,2,1,1,1,0,11,2.2,0,1,1,1,2,19,3.8,2119fe68a204e42a, intentional,8897,15,1490303313.0, no, outer,2,4, 20s, 4, yes, 4, 4, 4, 3, 2, 4, yes
gameab35ec640956cd82.log,4,0,1,0,0,0,0,0,0,1,0,0,1,0,0,0,0,0,1,0,0,1,0,0,0,0,1,0,1,0,0,0,0,0,0,1,0,0,0,0,0,0,0,0,0,0,0,1,1,0,0,1,2,1,1,0,12,2.4,1,1,2,0,1,14,2.8,19dbddedf07994e2, full,8138,14,1490733690.0, no, outer,3,8, 30s, 4, yes, 4, 4, 4, 5, 3, 3, yes
gameab53b6b970ba1591.log,19,0,0,0,0,0,0,0,0,1,0,0,0,0,0,0,0,0,2,0,0,1,0,0,0,1,0,0,1,0,0,0,0,0,0,0,0,0,0,0,0,1,2,0,0,0,1,0,0,0,0,1,0,2,1,1,16,3.2,2,2,1,0,0,9,1.8,ca0922b34e670338, intentional,2284,19,1492571434.0, no, outer,1,13, 40s, 4, yes, 3, 4, 2, 3, 3, 3, yes
gameab86fd88b90a9a79.log,8,1,0,0,0,0,0,0,1,1,0,1,0,0,0,1,0,0,0,0,0,0,0,0,0,0,1,0,0,0,0,0,0,1,0,0,0,0,0,0,0,0,2,1,0,0,0,0,0,0,0,2,0,1,1,1,14,2.8,1,2,2,0,0,11,2.2,7b2ffac3269afaa0, intentional,4790,17,1490922600.0, no, outer,4,9, 50s, 3, yes, 3, 4, 1, 3, 2, 4, yes
gameabb33ad8748d61fc.log,1,0,0,1,0,0,0,0,1,0,0,0,0,0,0,0,0,0,1,0,0,2,0,0,0,0,1,0,0,0,0,0,1,1,0,0,0,1,0,0,0,0,0,0,0,0,1,0,0,0,0,2,0,3,0,0,11,2.2,2,2,1,0,0,9,1.8,19dbddedf07994e2, intentional,212,11,1490290979.0, no, outer,3,8, 30s, 4, yes, 4, 4, 4, 5, 3, 3, yes
gameabd2039985bbd19a.log,10,2,0,0,0,0,1,1,0,1,0,0,0,0,0,0,0,0,0,0,0,0,0,0,0,0,0,0,0,0,0,1,0,1,0,0,0,0,0,0,1,0,1,0,0,0,0,0,0,0,1,3,1,0,1,0,9,1.8,1,1,1,0,2,16,3.2,5f60b9ee05cf73cc, intentional,6503,15,1490315253.0, no, full,2,18, 20s, 4, yes, 3, 3, 1, 4, 4, 4, yes
gameabd5f93090d42c04.log,4,0,0,0,0,0,0,1,1,0,0,0,0,0,1,0,0,0,1,0,0,1,0,0,0,0,0,1,0,0,0,0,0,1,0,0,0,0,0,0,1,1,1,0,0,0,0,0,0,0,0,1,1,2,1,0,13,2.6,1,2,1,0,1,13,2.6,19dbddedf07994e2, outer,6784,5,1490733487.0, no, outer,3,8, 30s, 4, yes, 4, 4, 4, 5, 3, 3, yes
gameac08b194ab75dcf2.log,16,0,0,0,0,0,0,0,0,1,0,0,0,0,1,0,0,0,0,1,0,1,0,0,0,1,0,0,0,0,1,0,0,2,0,0,0,0,1,0,0,0,0,0,0,0,1,0,0,0,0,1,0,0,3,1,18,3.6,1,0,3,0,1,15,3.0,e55525e0b2004294, intentional,5,19,1490334977.0, yes, intentional,5,19, 20s, 4, yes, 4, 4, 4, 3, 3, 3, yes
gameac2f59ba0e7f26ea.log,7,1,0,0,0,0,0,0,0,1,0,0,0,0,0,0,1,0,1,0,0,0,1,0,0,0,0,0,1,0,0,1,0,0,0,0,1,0,0,0,0,0,0,0,0,1,0,0,1,0,0,2,1,1,1,0,11,2.2,2,0,2,0,1,13,2.6,ca0922b34e670338, full,4830,18,1492725239.0, no, outer,1,13, 40s, 4, yes, 3, 4, 2, 3, 3, 3, yes
gameac634e7189eccac3.log,20,0,0,0,0,0,0,0,0,0,0,2,0,1,0,0,1,0,1,0,0,0,0,0,0,0,0,0,0,1,0,0,0,0,0,0,0,0,0,0,0,1,0,1,0,0,0,0,1,0,1,3,0,2,0,0,9,1.8,1,0,2,1,1,16,3.2,7a3c06db23768808, outer,3155,7,1491251268.0, no, full,4,12, 50s, 3, yes, 3, 4, 1, 3, 2, 3, yes
gameac6fb3c260c93fce.log,12,0,1,0,0,0,0,1,0,0,0,0,0,0,1,1,0,0,0,0,0,1,0,0,0,0,0,0,0,0,1,1,0,0,0,0,1,0,0,0,0,0,0,0,0,0,1,1,0,0,0,1,2,0,1,1,14,2.8,3,1,0,0,1,10,2.0,19dbddedf07994e2, intentional,688,12,1490290714.0, no, outer,3,8, 30s, 4, yes, 4, 4, 4, 5, 3, 3, yes
gamead60edac88aa7464.log,17,1,0,0,1,0,0,0,0,0,0,2,0,0,0,0,0,0,0,0,0,0,0,0,1,0,1,0,0,0,1,0,0,0,0,0,0,0,0,1,0,0,0,0,1,0,0,0,1,0,0,3,0,0,2,0,11,2.2,1,0,1,2,1,17,3.4,ca0922b34e670338, outer,28,18,1491847555.0, no, outer,1,13, 40s, 4, yes, 3, 4, 2, 3, 3, 3, yes
gameadabc935f4296bac.log,15,0,0,0,1,0,1,0,0,0,1,0,0,0,0,0,0,0,0,0,0,0,0,1,1,0,0,0,0,0,0,0,0,1,0,0,0,0,0,0,1,0,0,0,1,0,1,0,0,0,1,1,0,1,2,1,17,3.4,1,0,1,1,2,18,3.6,e55525e0b2004294, full,5820,17,1490337713.0, no, intentional,5,19, 20s, 4, yes, 4, 4, 4, 3, 3, 3, yes
gameadfff49310528df7.log,13,1,0,0,0,0,1,0,0,0,0,0,0,0,0,0,0,0,0,0,1,0,1,0,0,1,0,0,0,0,0,0,1,0,0,0,2,0,1,0,0,0,0,0,0,0,1,0,0,0,0,2,1,0,0,2,14,2.8,3,1,1,0,0,8,1.6,ca0922b34e670338, outer,7550,2,1492566063.0, no, outer,1,13, 40s, 4, yes, 3, 4, 2, 3, 3, 3, yes
gameae38f3e17e4fce44.log,8,0,0,1,0,0,0,0,0,0,0,0,0,0,0,0,1,0,0,1,1,1,0,0,0,0,1,1,0,0,0,1,0,0,1,0,1,0,0,0,0,0,0,0,0,0,0,0,0,0,0,2,0,1,1,1,14,2.8,3,1,0,1,0,9,1.8,2119fe68a204e42a, full,7724,13,1490307984.0, no, outer,2,4, 20s, 4, yes, 4, 4, 4, 3, 2, 4, yes
gameaea24bb0ff6eb211.log,19,1,0,0,0,0,0,0,1,1,0,1,0,0,1,0,0,0,0,0,0,0,0,0,0,0,0,0,0,1,0,0,1,0,0,0,0,0,0,0,0,1,0,0,0,0,0,0,1,1,0,2,0,1,2,0,13,2.6,1,1,1,2,0,14,2.8,47f854f4527f605b, full,5,5,1492806524.0, yes, full,5,5, 20s, 2, no, 1, 1, 1, 4, 4, 3, yes
gameaea77e321a773bab.log,20,0,0,0,0,0,2,0,1,0,0,0,0,0,0,0,0,0,0,0,1,1,0,0,0,0,1,0,0,0,0,0,0,0,0,0,1,1,0,1,0,0,0,0,0,0,0,0,0,0,1,3,0,1,0,1,11,2.2,2,1,0,1,1,13,2.6,1b17ab93ed1184b4, outer,458,17,1491689229.0, no, full,3,8, 40s, 4, yes, 2, 2, 1, 4, 4, 3, yes
gameaed7595edf4725b1.log,21,0,0,0,0,0,0,0,0,0,0,0,0,0,1,1,0,0,0,0,1,0,0,0,2,0,1,0,0,0,0,1,0,0,0,0,1,0,0,0,0,1,0,1,0,0,0,0,0,0,0,0,0,0,3,2,22,4.4,4,0,1,0,0,7,1.4,19dbddedf07994e2, full,8264,14,1490135721.0, no, outer,3,8, 30s, 4, yes, 4, 4, 4, 5, 3, 3, yes
gameaed7b83f7d74600f.log,15,0,0,0,0,0,0,0,1,0,0,0,0,0,0,0,0,0,0,2,0,0,0,2,0,0,1,1,0,2,1,0,0,0,0,0,0,0,0,0,0,0,0,0,0,0,0,0,0,0,0,0,0,3,2,0,17,3.4,1,1,0,2,1,16,3.2,19dbddedf07994e2, intentional,6549,5,1490733462.0, no, outer,3,8, 30s, 4, yes, 4, 4, 4, 5, 3, 3, yes
gameafc2d77bf4a31824.log,15,2,0,0,0,0,0,0,1,0,1,0,0,0,0,0,0,1,0,0,0,0,0,0,0,0,0,0,1,0,0,0,1,0,0,0,0,0,0,0,0,1,0,0,1,0,0,1,0,0,0,2,1,1,0,1,12,2.4,1,2,1,1,0,12,2.4,b42f6b3c826e14ff, outer,3,5,1490304339.0, yes, outer,3,5, 30s, 4, yes, 3, 3, 3, 3, 2, 2, yes
gameaff0d610abf4f70c.log,10,0,0,0,0,0,0,0,1,0,0,0,0,0,0,0,0,1,0,1,0,0,0,1,1,0,0,0,0,1,0,1,0,0,0,0,1,0,0,0,0,0,0,0,0,0,1,1,0,0,0,0,1,2,2,0,16,3.2,3,1,0,1,0,9,1.8,ca0922b34e670338, outer,7970,16,1491945410.0, no, outer,1,13, 40s, 4, yes, 3, 4, 2, 3, 3, 3, yes
gameaff9218e2055cd54.log,15,1,1,1,0,0,0,0,0,0,0,0,1,0,0,0,0,0,0,0,1,0,0,0,0,0,0,0,0,0,0,1,0,0,0,0,0,0,0,1,1,1,0,0,0,0,0,0,0,0,1,1,2,1,0,1,13,2.6,2,0,0,1,2,16,3.2,ca0922b34e670338, outer,5920,16,1491798330.0, no, outer,1,13, 40s, 4, yes, 3, 4, 2, 3, 3, 3, yes
gameb014f9b2f68285f2.log,19,0,0,0,0,1,0,1,0,0,0,0,0,0,0,0,2,0,0,0,0,0,0,1,0,0,1,0,1,0,0,0,1,0,0,0,0,0,1,0,0,0,0,0,0,0,0,1,0,0,0,2,1,1,0,1,12,2.4,1,2,2,0,0,11,2.2,19dbddedf07994e2, outer,5778,2,1490289404.0, no, outer,3,8, 30s, 4, yes, 4, 4, 4, 5, 3, 3, yes
gameb01f279993781434.log,17,0,0,0,1,0,0,0,1,0,0,0,0,0,0,0,0,0,0,1,0,1,0,0,1,0,0,0,0,1,0,0,0,0,0,0,0,0,0,1,0,0,1,1,1,0,0,0,0,0,0,1,0,1,3,0,16,3.2,0,1,1,3,0,17,3.4,80b582ddeb40b2ce, full,7204,15,1490323932.0, no, intentional,1,18, 20s, 4, yes, 3, 4, 3, 2, 1, 1, yes
gameb026eafef4da2d6f.log,18,0,0,0,0,0,0,1,0,0,0,0,0,0,0,0,0,1,1,0,0,0,0,1,1,0,1,0,1,0,0,0,0,1,0,0,0,0,0,0,0,1,0,0,0,0,0,1,0,0,0,0,2,2,1,0,14,2.8,2,1,2,0,0,10,2.0,19dbddedf07994e2, outer,4808,21,1489704431.0, no, outer,3,8, 30s, 4, yes, 4, 4, 4, 5, 3, 3, yes
gameb039dbf860baa41d.log,9,1,0,0,0,0,0,0,0,0,0,0,1,0,1,0,0,0,0,0,1,1,0,0,0,0,0,0,0,0,0,1,2,0,0,0,0,0,0,0,0,1,0,1,0,0,0,0,0,0,0,2,1,0,1,1,13,2.6,2,2,1,0,0,9,1.8,b2855bce0b5908c6, intentional,8756,10,1490321047.0, no, intentional,3,16, 30s, 4, yes, 3, 4, 3, 4, 3, 4, yes
gameb05b5ae4d4e54241.log,18,0,0,0,1,0,1,0,0,0,0,0,1,0,0,0,1,0,1,0,0,0,0,0,0,0,0,0,0,0,0,0,0,1,0,0,0,0,0,0,1,0,0,0,1,0,0,0,1,1,0,2,1,1,1,0,11,2.2,0,0,2,2,1,19,3.8,19dbddedf07994e2, outer,4,9,1489699199.0, no, outer,3,8, 30s, 4, yes, 4, 4, 4, 5, 3, 3, yes
gameb0987ac9ffc4beea.log,3,0,0,0,0,0,0,0,0,0,0,0,1,0,0,0,1,1,1,0,0,0,0,0,1,0,0,1,0,0,0,0,1,0,0,0,2,0,0,1,0,0,0,0,0,0,0,0,0,0,0,1,2,1,1,0,12,2.4,2,2,0,1,0,10,2.0,ca0922b34e670338, outer,3647,7,1491789724.0, no, outer,1,13, 40s, 4, yes, 3, 4, 2, 3, 3, 3, yes
gameb0e7a154485fceb3.log,14,0,1,0,0,0,0,1,1,0,0,1,0,0,0,0,0,0,0,1,0,0,0,0,0,0,0,1,1,0,0,0,0,0,0,0,1,0,0,0,0,0,1,0,0,0,0,0,0,1,0,1,2,1,1,0,12,2.4,1,2,1,1,0,12,2.4,2119fe68a204e42a, outer,9640,11,1490317832.0, no, outer,2,4, 20s, 4, yes, 4, 4, 4, 3, 2, 4, yes
gameb10482cffdb369df.log,15,0,0,0,0,0,0,0,1,0,0,0,0,0,0,0,1,0,0,1,0,1,0,1,0,0,0,0,1,0,0,0,0,0,0,0,1,0,0,0,0,0,1,0,0,0,0,0,0,1,1,2,0,2,1,0,12,2.4,1,1,1,1,1,15,3.0,19dbddedf07994e2, outer,3375,1,1489700633.0, no, outer,3,8, 30s, 4, yes, 4, 4, 4, 5, 3, 3, yes
gameb10d8e0c17ca7e4b.log,16,1,0,0,0,0,0,1,2,0,0,0,0,1,0,0,0,0,0,0,0,0,0,0,0,0,0,0,0,0,0,1,0,0,0,0,0,1,0,0,0,0,0,0,0,0,0,1,1,1,0,1,1,3,0,0,12,2.4,1,2,1,1,0,12,2.4,19dbddedf07994e2, outer,5356,1,1490722482.0, no, outer,3,8, 30s, 4, yes, 4, 4, 4, 5, 3, 3, yes
gameb10f65f75c0088cd.log,16,0,0,0,0,0,0,1,0,0,1,0,0,0,0,0,0,1,1,0,0,0,1,0,0,0,0,1,0,0,0,0,0,1,0,0,0,1,0,0,0,0,0,0,0,0,1,0,1,0,0,0,3,1,0,1,14,2.8,1,2,2,0,0,11,2.2,ca0922b34e670338, full,1976,7,1491787999.0, no, outer,1,13, 40s, 4, yes, 3, 4, 2, 3, 3, 3, yes
gameb11169018798e735.log,18,0,0,0,0,0,0,1,0,0,0,0,1,1,0,1,0,0,0,0,0,0,0,0,1,0,0,0,1,0,0,1,0,0,0,0,2,0,0,0,0,0,0,0,0,0,0,0,0,1,0,0,2,1,1,1,16,3.2,3,0,1,1,0,10,2.0,ca0922b34e670338, outer,2059,7,1492560673.0, no, outer,1,13, 40s, 4, yes, 3, 4, 2, 3, 3, 3, yes
gameb148b708498d4fad.log,20,1,1,0,1,0,0,1,0,0,0,0,0,0,0,0,0,0,0,0,0,1,0,0,0,0,0,0,1,0,0,1,0,0,0,0,1,0,0,1,0,1,0,0,0,0,0,0,0,0,0,2,2,0,1,0,10,2.0,3,0,1,1,0,10,2.0,19dbddedf07994e2, intentional,1774,10,1490311187.0, no, outer,3,8, 30s, 4, yes, 4, 4, 4, 5, 3, 3, yes
gameb166f60d5b458923.log,11,0,1,0,0,0,0,0,0,0,0,0,0,1,0,0,1,0,0,0,0,1,1,0,0,0,1,0,0,0,0,0,1,1,0,0,1,1,0,0,0,0,0,0,0,0,0,0,0,0,0,2,2,1,0,0,9,1.8,2,2,1,0,0,9,1.8,90c7b3288d046c3a, full,9054,15,1492731072.0, no, outer,1,5, 20s, 3, no, 1, 1, 1, 3, 3, 4, yes
gameb17d8740e426cfb0.log,16,0,0,0,0,1,0,0,1,0,1,0,0,0,0,0,1,0,0,0,1,0,0,0,0,0,1,0,0,0,0,0,1,1,0,0,1,0,0,1,0,0,0,0,0,0,0,0,0,0,0,1,0,1,0,3,19,3.8,2,1,1,1,0,11,2.2,0313454f0e513527, full,1861,18,1490324194.0, no, outer,2,7, , , , , , , 3, 2, 4, yes
gameb18be24c675babfe.log,15,0,0,0,0,0,0,1,1,0,0,0,1,0,0,0,0,0,0,0,0,1,0,1,0,0,0,0,0,0,0,0,0,0,1,0,1,0,1,0,0,0,0,1,0,0,0,0,1,0,0,1,2,2,0,0,11,2.2,1,0,3,1,0,14,2.8,19dbddedf07994e2, intentional,8417,16,1489921069.0, no, outer,3,8, 30s, 4, yes, 4, 4, 4, 5, 3, 3, yes
gameb1d849ef8984a6ec.log,11,0,0,0,0,0,0,1,1,0,0,0,1,0,0,0,1,0,0,0,0,0,1,0,0,0,0,0,1,0,0,0,0,0,1,0,0,0,0,0,1,1,0,0,0,0,0,0,1,0,0,1,3,1,0,0,10,2.0,1,0,2,1,1,16,3.2,ca0922b34e670338, outer,9524,14,1492710412.0, no, outer,1,13, 40s, 4, yes, 3, 4, 2, 3, 3, 3, yes
gameb1ecfd0fd58297fb.log,14,0,0,1,0,0,1,0,0,0,0,0,0,0,0,0,0,1,0,0,0,0,0,0,1,1,1,0,0,0,0,0,0,0,0,0,0,0,0,1,0,1,0,0,0,0,1,0,0,1,0,1,1,1,1,1,15,3.0,3,0,0,2,0,11,2.2,19dbddedf07994e2, intentional,5043,3,1489963390.0, no, outer,3,8, 30s, 4, yes, 4, 4, 4, 5, 3, 3, yes
gameb202805f443874bf.log,16,0,0,0,0,1,0,0,0,0,0,1,0,0,0,0,0,1,0,0,0,1,0,0,1,0,0,0,1,1,0,1,0,0,0,0,0,0,1,0,0,0,0,0,0,0,1,0,0,0,0,2,1,0,1,1,13,2.6,2,0,2,1,0,12,2.4,0f5160401ea3925f, intentional,1127,17,1490056818.0, no, outer,1,9, 20s, 3, yes, 3, 3, 2, 3, 2, 2, yes
gameb214d7e5bd5ab9c5.log,5,0,0,0,0,0,1,0,1,0,0,0,0,0,1,0,0,0,1,0,0,0,0,0,0,1,1,1,0,0,1,0,0,0,0,0,1,0,0,0,0,0,0,0,0,0,0,1,0,0,0,1,0,2,1,1,16,3.2,2,2,0,0,1,11,2.2,ca0922b34e670338, intentional,8906,18,1491854497.0, no, outer,1,13, 40s, 4, yes, 3, 4, 2, 3, 3, 3, yes
gameb218275e101bdc69.log,1,0,0,0,0,0,1,0,1,0,0,0,0,0,0,1,0,0,0,0,0,1,0,0,1,0,0,0,0,0,0,0,0,0,1,1,0,0,0,1,0,0,1,0,0,0,0,0,0,1,0,2,0,1,1,1,14,2.8,0,1,0,3,1,19,3.8,ca0922b34e670338, intentional,6008,17,1492589657.0, no, outer,1,13, 40s, 4, yes, 3, 4, 2, 3, 3, 3, yes
gameb2560752f1cafc89.log,4,1,0,0,0,0,0,0,1,0,0,0,0,0,1,0,0,0,1,0,0,0,1,0,0,0,0,0,0,0,0,1,0,0,0,0,0,0,0,0,0,1,2,0,0,0,0,1,0,0,0,1,1,2,1,0,13,2.6,2,3,0,0,0,8,1.6,19dbddedf07994e2, intentional,5411,9,1489966323.0, no, outer,3,8, 30s, 4, yes, 4, 4, 4, 5, 3, 3, yes
gameb26e5734d449874b.log,16,0,1,0,0,1,0,0,1,0,0,0,1,0,0,0,0,0,0,1,0,0,0,0,0,0,0,0,0,0,0,1,0,0,0,0,0,0,1,0,1,0,0,0,0,0,1,0,0,1,0,0,2,1,1,1,16,3.2,2,0,1,1,1,14,2.8,ca0922b34e670338, outer,8561,16,1492711863.0, no, outer,1,13, 40s, 4, yes, 3, 4, 2, 3, 3, 3, yes
gameb286bdab421a7d55.log,19,0,1,0,0,0,0,1,1,0,0,0,0,1,0,0,0,0,0,0,0,0,0,0,1,0,0,0,0,0,0,0,0,0,1,0,0,1,0,1,0,0,0,1,0,1,0,0,0,0,0,0,2,2,1,0,14,2.8,0,1,1,2,1,18,3.6,ca0922b34e670338, full,1969,19,1491765435.0, no, outer,1,13, 40s, 4, yes, 3, 4, 2, 3, 3, 3, yes
gameb28a1163a46655a1.log,16,0,0,0,0,0,0,1,0,0,0,1,0,1,0,0,0,0,0,0,0,0,1,0,1,0,1,0,0,1,0,0,1,0,0,0,0,0,0,1,0,0,0,1,0,0,0,0,0,0,0,1,2,1,1,0,12,2.4,1,1,1,2,0,14,2.8,b0241aa48c88bd1b, full,8647,19,1490429753.0, no, full,3,11, 20s, 4, yes, 3, 3, 3, 3, 1, 1, yes
gameb29cb8102a048375.log,17,1,0,0,1,0,0,0,1,0,0,1,0,0,0,0,0,0,0,0,0,0,1,0,0,0,0,0,2,0,0,0,0,0,1,0,0,0,0,0,1,1,0,0,0,0,0,0,0,0,0,2,1,1,1,0,11,2.2,1,0,2,1,1,16,3.2,ca0922b34e670338, full,1016,9,1492589750.0, no, outer,1,13, 40s, 4, yes, 3, 4, 2, 3, 3, 3, yes
gameb2b6361c6c61faad.log,19,0,0,0,0,0,0,0,0,0,0,1,0,0,0,0,0,1,0,0,0,1,0,0,1,1,0,0,0,0,0,3,1,1,0,0,0,0,0,0,0,0,0,0,0,0,0,0,0,0,0,2,1,0,1,1,13,2.6,3,1,1,0,0,8,1.6,19dbddedf07994e2, full,6480,19,1490722680.0, no, outer,3,8, 30s, 4, yes, 4, 4, 4, 5, 3, 3, yes
gameb2e30275e864bbda.log,2,0,0,0,0,0,1,0,0,0,0,0,0,0,1,1,0,0,0,0,0,1,0,1,0,0,0,0,0,0,0,1,0,1,0,0,0,0,0,0,0,0,1,1,0,1,0,0,0,0,0,2,0,1,1,1,14,2.8,1,1,2,0,1,14,2.8,19dbddedf07994e2, full,580,19,1489965454.0, no, outer,3,8, 30s, 4, yes, 4, 4, 4, 5, 3, 3, yes
gameb355943c5fb8b40a.log,7,0,0,0,1,0,0,0,0,0,0,0,0,0,0,0,0,0,0,0,0,2,0,1,1,0,1,0,0,0,0,0,0,0,0,1,0,0,1,0,0,0,0,0,1,0,0,0,1,0,0,2,0,1,2,0,13,2.6,1,0,2,1,1,16,3.2,e5bf83d96f9751cf, outer,9074,10,1490373255.0, no, full,5,16, , , , , , , 2, 2, 2, yes
gameb39ce8b3bc8b4999.log,11,1,0,0,0,0,0,0,0,0,0,0,0,0,2,0,0,0,0,1,0,0,0,1,0,0,0,0,0,1,0,0,1,0,0,0,0,0,0,0,1,0,1,0,0,0,1,0,0,0,0,1,0,1,3,0,16,3.2,1,2,0,1,1,14,2.8,19dbddedf07994e2, outer,8083,15,1490722888.0, no, outer,3,8, 30s, 4, yes, 4, 4, 4, 5, 3, 3, yes
gameb3c5c494c7242566.log,16,0,0,1,1,0,0,0,0,0,0,1,0,0,0,0,0,1,1,0,0,0,0,0,0,0,0,0,0,0,0,0,0,1,1,0,1,0,0,1,0,0,1,0,0,0,0,0,0,0,0,1,1,2,1,0,13,2.6,1,1,1,2,0,14,2.8,ca0922b34e670338, full,1872,14,1491767823.0, no, outer,1,13, 40s, 4, yes, 3, 4, 2, 3, 3, 3, yes
gameb44f982728aade51.log,3,0,1,0,1,0,0,0,0,0,0,0,0,1,1,0,0,0,0,0,0,1,0,0,0,0,1,0,0,0,0,0,0,1,0,0,0,0,0,1,1,0,0,1,0,0,0,0,0,0,0,1,1,1,2,0,14,2.8,1,0,2,1,1,16,3.2,ca0922b34e670338, full,113,11,1491940303.0, no, outer,1,13, 40s, 4, yes, 3, 4, 2, 3, 3, 3, yes
gameb45a767e0562a2e1.log,3,0,0,0,0,0,2,0,0,0,0,0,0,0,0,0,1,1,0,0,0,0,0,0,0,1,0,0,0,0,0,0,0,1,1,0,0,0,0,1,0,0,0,0,0,0,1,0,1,0,0,3,1,0,0,1,10,2.0,1,0,2,2,0,15,3.0,4884f857be239a22, full,2331,12,1489699715.0, no, full,1,18, 20s, 1, no, 1, , 1, 3, 4, 5, yes
gameb46f09b1419340fb.log,3,0,0,0,0,0,1,0,0,1,0,0,0,1,0,0,0,0,1,0,0,0,0,1,0,0,0,0,0,0,0,0,0,0,0,0,0,0,0,2,0,1,0,1,0,0,0,0,0,1,0,1,0,3,1,0,14,2.8,1,0,1,3,0,16,3.2,ca0922b34e670338, intentional,8178,16,1491789357.0, no, outer,1,13, 40s, 4, yes, 3, 4, 2, 3, 3, 3, yes
gameb4e4b0ca3c760651.log,16,1,0,0,1,0,0,0,0,0,0,0,0,1,1,0,0,0,0,1,0,0,0,0,0,0,0,1,0,0,0,0,0,1,0,1,0,0,0,0,0,0,0,1,0,0,1,0,0,0,0,1,0,1,3,0,16,3.2,1,1,2,0,1,14,2.8,c4e042d561d76013, intentional,6043,15,1491176875.0, no, full,4,2, na, 3, yes, 3, 4, 1, 2, 1, 3, yes
gameb52379a113594440.log,16,1,0,0,1,0,0,0,0,0,0,0,0,1,0,0,0,1,0,1,0,0,0,0,0,0,0,1,0,0,1,1,0,0,1,0,0,0,0,0,0,0,0,1,0,0,0,0,0,0,0,1,1,1,2,0,14,2.8,1,1,1,1,1,15,3.0,e5bf83d96f9751cf, full,9739,11,1490375730.0, no, full,5,16, , , , , , , 2, 2, 2, yes
gameb555e3a8979bfb4d.log,7,0,0,0,0,0,0,0,0,1,0,0,1,0,1,0,0,0,0,0,0,0,0,0,1,1,0,0,0,1,0,1,0,0,0,0,1,0,0,0,0,0,0,0,0,0,0,1,0,1,0,0,1,0,3,1,19,3.8,2,1,0,2,0,12,2.4,ca0922b34e670338, intentional,1957,15,1492715428.0, no, outer,1,13, 40s, 4, yes, 3, 4, 2, 3, 3, 3, yes
gameb56267f28d6b4f48.log,15,0,0,0,0,0,0,0,1,0,0,0,0,0,1,0,0,0,0,1,0,1,0,1,0,0,1,0,1,0,0,0,1,0,0,0,0,0,0,1,0,0,0,0,0,0,1,0,0,0,0,1,0,2,2,0,15,3.0,2,1,1,1,0,11,2.2,2119fe68a204e42a, intentional,8677,9,1490309413.0, no, outer,2,4, 20s, 4, yes, 4, 4, 4, 3, 2, 4, yes
gameb56e81fa743317f5.log,13,0,1,0,0,0,0,0,0,1,0,0,0,0,0,0,0,2,0,1,0,0,0,0,0,0,0,1,1,0,0,0,1,0,0,0,0,1,0,0,0,0,0,0,1,0,0,0,0,0,0,0,3,0,2,0,14,2.8,0,3,1,1,0,13,2.6,ca0922b34e670338, intentional,507,17,1491795183.0, no, outer,1,13, 40s, 4, yes, 3, 4, 2, 3, 3, 3, yes
gameb57e6b084af6b8e6.log,16,0,0,0,0,0,1,0,1,0,0,0,0,0,0,0,0,1,1,0,0,0,0,0,0,1,0,0,0,0,0,0,0,0,1,0,0,1,0,1,1,0,1,0,0,0,0,0,0,0,0,1,1,2,0,1,14,2.8,0,2,0,2,1,17,3.4,ca0922b34e670338, intentional,7267,16,1492707021.0, no, outer,1,13, 40s, 4, yes, 3, 4, 2, 3, 3, 3, yes
gameb5824a811e5b5a63.log,8,1,0,1,0,0,0,0,0,0,0,0,0,0,0,0,0,0,0,0,0,1,0,0,1,1,0,0,0,1,1,0,0,0,0,0,0,0,0,0,1,0,0,0,0,0,1,0,0,1,0,2,0,1,1,1,14,2.8,1,0,0,2,2,19,3.8,ea31d3dfe650517d, outer,4,10,1490662570.0, yes, outer,4,10, 30s, 4, yes, 3, 4, 1, 3, 3, 4, yes
gameb584bdbcdbbd812d.log,16,0,0,0,0,0,1,1,0,0,0,0,1,1,0,0,0,0,0,0,0,0,1,0,0,0,1,0,0,0,0,0,0,0,1,0,1,0,0,1,1,0,0,0,0,0,0,0,0,0,0,1,3,1,0,0,10,2.0,2,0,0,2,1,15,3.0,19dbddedf07994e2, intentional,9326,9,1489963068.0, no, outer,3,8, 30s, 4, yes, 4, 4, 4, 5, 3, 3, yes
gameb5ecc2a8842f54a5.log,15,0,0,2,0,0,0,0,0,0,0,1,0,0,0,0,0,1,0,0,0,0,0,0,1,0,0,0,0,0,0,1,0,0,0,0,0,1,0,0,1,1,0,0,0,0,1,0,0,0,0,1,1,2,1,0,13,2.6,3,1,0,0,1,10,2.0,f3aabac4ab33a2ef, full,5,3,1490290382.0, yes, full,5,3, 20s, 4, yes, 3, 4, 2, 3, 3, 2, yes
gameb6311f5bf8c1a001.log,3,1,0,0,0,1,0,0,0,0,0,2,0,0,1,0,0,0,0,0,0,0,0,0,0,0,0,0,1,0,0,0,0,0,0,1,0,0,0,0,0,2,0,0,0,1,0,0,0,0,0,3,0,0,1,1,12,2.4,2,0,1,0,2,15,3.0,ca0922b34e670338, intentional,7703,14,1491942126.0, no, outer,1,13, 40s, 4, yes, 3, 4, 2, 3, 3, 3, yes
gameb63f245b30901474.log,16,0,1,0,0,0,1,1,0,0,0,0,0,1,0,0,1,0,0,0,0,0,0,0,0,0,0,1,0,0,1,0,0,1,0,0,0,0,0,1,0,0,0,1,0,0,0,0,0,0,0,2,2,1,0,0,9,1.8,0,1,2,1,1,17,3.4,d2f1c88c0be4a19b, outer,4657,5,1490128006.0, no, intentional,4,13, 30s, 4, yes, 3, 4, 1, 2, 2, 2, yes
gameb6c54a5ceab971e4.log,9,0,0,0,0,0,1,0,0,0,0,0,0,1,0,0,0,1,1,0,0,0,0,1,0,0,0,0,0,0,0,0,0,0,1,0,0,0,0,0,1,0,1,0,1,1,0,0,0,0,0,1,1,3,0,0,12,2.4,0,1,0,2,2,20,4.0,ca0922b34e670338, full,4865,19,1492704445.0, no, outer,1,13, 40s, 4, yes, 3, 4, 2, 3, 3, 3, yes
gameb6d39757610f5c3b.log,6,0,1,0,1,0,0,0,0,1,0,0,0,0,0,0,0,0,1,0,0,0,0,0,1,0,1,0,0,0,0,1,0,0,1,0,1,0,0,0,0,0,0,0,0,0,0,0,0,1,0,0,1,1,3,0,17,3.4,3,0,0,2,0,11,2.2,768862e11a280fd0, intentional,2661,17,1490370476.0, no, outer,5,6, , , , , , , , , , yes
gameb6dde05731d9291f.log,0,0,0,0,1,1,0,0,0,1,0,0,0,0,0,0,1,0,0,0,1,0,0,0,0,0,0,1,0,1,0,0,0,1,0,0,0,0,0,1,1,0,0,0,0,0,0,0,0,0,0,1,0,0,2,2,19,3.8,0,1,1,2,1,18,3.6,19dbddedf07994e2, outer,525,2,1489963933.0, no, outer,3,8, 30s, 4, yes, 4, 4, 4, 5, 3, 3, yes
gameb6f4b0da3cc7676c.log,17,1,0,1,1,0,0,1,0,0,0,0,0,1,0,0,0,0,0,0,0,0,0,0,0,0,0,0,0,0,0,0,0,1,0,0,0,0,0,1,0,0,0,1,1,0,1,0,0,0,0,1,1,2,1,0,13,2.6,1,0,2,2,0,15,3.0,768862e11a280fd0, outer,2336,11,1490371139.0, no, outer,5,6, , , , , , , , , , yes
gameb708bb57425eb92d.log,2,0,0,0,0,1,0,0,0,0,0,1,0,0,0,0,0,0,0,0,0,1,1,0,1,0,0,0,0,0,0,2,0,0,1,0,0,1,0,0,0,1,0,0,0,0,0,0,0,0,0,2,1,0,1,1,13,2.6,3,1,0,1,0,9,1.8,19dbddedf07994e2, intentional,4054,19,1490134133.0, no, outer,3,8, 30s, 4, yes, 4, 4, 4, 5, 3, 3, yes
gameb70dc9ed9e9c0e4d.log,5,0,0,0,0,0,0,1,0,0,1,0,0,0,0,0,0,0,0,1,1,0,0,0,0,1,0,0,0,0,0,1,0,0,0,0,0,0,1,0,0,0,1,1,1,0,0,0,0,0,0,0,1,0,1,3,21,4.2,1,1,2,1,0,13,2.6,2119fe68a204e42a, outer,6380,10,1490308318.0, no, outer,2,4, 20s, 4, yes, 4, 4, 4, 3, 2, 4, yes
gameb72524d28aa09549.log,10,1,0,0,0,0,0,0,1,0,0,0,0,0,0,0,0,0,0,2,0,0,1,0,0,0,0,0,0,0,0,2,0,0,0,0,0,0,0,0,0,0,0,1,0,0,2,0,0,0,0,1,1,1,2,0,14,2.8,4,0,1,0,0,7,1.4,ca0922b34e670338, intentional,1711,13,1491853652.0, no, outer,1,13, 40s, 4, yes, 3, 4, 2, 3, 3, 3, yes
gameb751d167dbd29222.log,15,1,1,0,0,0,0,0,0,0,0,0,0,0,0,0,1,0,0,1,1,0,0,0,0,0,0,0,1,0,0,1,0,0,0,0,0,0,0,0,0,0,0,0,1,0,1,1,0,0,0,2,1,0,1,1,13,2.6,2,1,1,1,0,11,2.2,19dbddedf07994e2, intentional,2593,20,1490534068.0, no, outer,3,8, 30s, 4, yes, 4, 4, 4, 5, 3, 3, yes
gameb78988641037bead.log,19,0,0,1,0,0,0,0,0,2,1,0,0,0,0,0,0,0,0,0,0,0,1,0,0,0,0,1,0,0,0,0,0,0,0,0,1,1,0,0,1,0,0,0,0,0,1,0,0,0,0,0,1,1,2,1,18,3.6,2,2,0,0,1,11,2.2,ca0922b34e670338, full,2234,20,1492728265.0, no, outer,1,13, 40s, 4, yes, 3, 4, 2, 3, 3, 3, yes
gameb78d235c3bf2c2e5.log,5,0,1,0,0,1,0,0,0,0,0,0,0,0,1,0,0,1,0,1,0,0,0,0,0,0,1,0,1,1,0,0,0,0,1,0,0,0,0,0,0,0,0,0,0,1,0,0,0,0,0,0,2,0,2,1,17,3.4,1,0,1,2,1,17,3.4,19dbddedf07994e2, intentional,7985,6,1489796082.0, no, outer,3,8, 30s, 4, yes, 4, 4, 4, 5, 3, 3, yes
gameb7aa2113654f349c.log,6,2,0,0,0,0,1,0,0,0,0,0,0,0,0,0,0,0,0,0,0,0,0,1,1,0,0,0,0,0,0,1,1,0,0,0,0,0,0,1,1,1,0,0,0,0,0,0,0,0,0,3,0,1,1,0,10,2.0,2,1,0,1,1,13,2.6,2119fe68a204e42a, full,9749,9,1490303613.0, no, outer,2,4, 20s, 4, yes, 4, 4, 4, 3, 2, 4, yes
gameb7d4fae5d079319d.log,6,0,0,0,0,0,2,0,0,0,1,0,1,0,0,0,0,0,0,0,0,0,0,0,1,0,0,0,0,0,0,0,0,0,0,0,1,1,1,0,1,1,0,0,0,0,0,0,0,0,0,2,1,0,1,1,13,2.6,2,1,1,0,1,12,2.4,ca0922b34e670338, intentional,9531,17,1492593408.0, no, outer,1,13, 40s, 4, yes, 3, 4, 2, 3, 3, 3, yes
gameb7e517d10e076cb1.log,21,1,0,1,0,0,0,0,0,1,0,0,0,0,1,0,0,0,0,0,0,1,0,0,0,0,0,0,0,0,0,1,0,1,0,0,0,0,0,0,0,0,1,0,0,0,1,1,0,0,0,2,0,1,2,0,13,2.6,2,2,1,0,0,9,1.8,1b17ab93ed1184b4, full,3332,16,1491686684.0, no, full,3,8, 40s, 4, yes, 2, 2, 1, 4, 4, 3, yes
gameb819ef9bc4a1cd23.log,16,0,1,0,0,0,0,1,0,0,0,0,0,0,0,0,0,0,1,0,0,0,0,1,0,1,0,1,0,1,0,0,0,0,0,0,1,1,1,0,0,0,0,0,0,0,0,0,0,0,0,0,2,2,0,1,15,3.0,1,2,1,1,0,12,2.4,ca0922b34e670338, outer,2946,12,1492727780.0, no, outer,1,13, 40s, 4, yes, 3, 4, 2, 3, 3, 3, yes
gameb81e35937f4e9e3f.log,15,0,1,0,0,0,0,0,0,0,1,0,0,0,0,0,1,0,1,0,0,1,0,0,0,0,0,1,0,1,0,0,0,0,1,0,0,1,0,0,0,0,1,0,0,0,0,0,0,0,0,2,1,1,0,1,12,2.4,0,3,0,2,0,14,2.8,ca0922b34e670338, intentional,8115,16,1492709960.0, no, outer,1,13, 40s, 4, yes, 3, 4, 2, 3, 3, 3, yes
gameb829c25c50f37e62.log,7,0,0,0,1,0,1,0,0,0,0,0,1,0,0,0,0,0,0,0,1,0,0,0,0,1,0,0,0,0,1,0,0,1,0,0,0,0,0,1,0,0,0,1,0,0,0,0,1,0,0,1,1,0,1,2,17,3.4,0,0,3,1,1,18,3.6,ca0922b34e670338, intentional,731,15,1491795725.0, no, outer,1,13, 40s, 4, yes, 3, 4, 2, 3, 3, 3, yes
gameb833b982826593e6.log,6,0,0,0,0,0,0,1,0,0,0,0,0,0,0,1,0,0,0,0,1,0,0,1,1,0,1,1,0,1,0,0,0,0,0,1,0,0,0,0,0,0,1,0,0,0,0,0,0,0,0,0,1,1,1,2,19,3.8,1,2,0,1,1,14,2.8,46e8a5186d238bc1, intentional,8688,14,1490370592.0, no, full,4,12, 20s, 4, yes, 2, 4, 2, 3, 4, 4, yes
gameb838b6dd83ae1549.log,15,0,1,0,0,0,1,0,0,1,0,0,0,0,0,0,0,0,0,0,0,0,0,0,1,1,2,0,0,0,0,0,0,0,0,0,0,0,0,0,1,0,1,0,0,0,0,0,0,1,0,1,1,0,2,1,16,3.2,2,1,0,1,1,13,2.6,1b17ab93ed1184b4, intentional,6497,18,1491728227.0, no, full,3,8, 40s, 4, yes, 2, 2, 1, 4, 4, 3, yes
gameb83c8aa11d5ccb98.log,12,1,0,0,0,0,0,0,0,1,0,0,0,0,0,0,0,0,0,0,1,0,1,0,1,0,0,0,0,1,0,0,1,1,0,0,0,0,1,0,0,0,0,1,0,0,0,0,0,0,0,1,1,0,2,1,16,3.2,0,1,3,1,0,15,3.0,ca0922b34e670338, full,4659,15,1492596274.0, no, outer,1,13, 40s, 4, yes, 3, 4, 2, 3, 3, 3, yes
gameb8601e3c1269aa46.log,21,1,0,1,0,0,0,0,0,0,1,0,0,0,1,0,0,1,0,0,0,0,0,0,0,0,0,0,1,0,0,1,0,0,0,0,0,0,0,0,0,1,0,0,0,0,2,0,0,0,0,1,1,1,1,1,15,3.0,4,0,1,0,0,7,1.4,19dbddedf07994e2, intentional,4913,18,1490290505.0, no, outer,3,8, 30s, 4, yes, 4, 4, 4, 5, 3, 3, yes
gameb86223067d332293.log,15,0,0,1,0,0,0,0,0,1,1,0,0,0,0,0,0,0,1,0,1,0,0,0,0,0,0,1,0,0,0,0,0,0,0,0,0,0,1,1,0,0,1,1,0,0,0,0,0,0,0,0,0,2,1,2,20,4.0,0,2,2,1,0,14,2.8,90c7b3288d046c3a, outer,3937,17,1492730249.0, no, outer,1,5, 20s, 3, no, 1, 1, 1, 3, 3, 4, yes
gameb86970dd2ae60773.log,17,1,0,0,1,0,1,0,1,0,0,1,0,0,0,0,0,0,0,0,0,0,0,0,0,0,0,0,0,0,0,0,0,0,0,0,0,2,0,0,0,0,0,0,1,0,0,0,1,0,1,3,0,1,1,0,10,2.0,0,2,1,1,1,16,3.2,19dbddedf07994e2, intentional,5971,4,1489963501.0, no, outer,3,8, 30s, 4, yes, 4, 4, 4, 5, 3, 3, yes
gameb883eb4d8bf595af.log,17,0,2,0,0,0,0,0,0,0,0,0,0,1,0,1,0,1,0,0,0,0,0,0,0,0,0,0,1,0,0,0,1,0,0,0,1,0,0,0,0,1,0,0,0,0,0,0,1,0,0,0,3,1,0,1,14,2.8,2,1,2,0,0,10,2.0,768862e11a280fd0, intentional,1664,15,1490376002.0, no, outer,5,6, , , , , , , , , , yes
gameb897bd5c5db6f136.log,14,0,0,0,0,0,0,1,0,1,0,1,1,0,0,0,0,0,0,0,0,0,0,1,0,0,0,0,0,0,0,0,1,0,0,1,0,0,1,1,0,0,0,1,0,0,0,0,0,0,0,1,2,1,1,0,12,2.4,0,1,2,1,1,17,3.4,609a6b966c25b4d1, intentional,3,18,1489699034.0, yes, intentional,3,18, 30s, 4, no, 4, 4, 4, 3, 3, 3, yes
gameb94912c8a3219a91.log,5,1,0,0,0,0,0,0,0,0,0,1,1,0,0,0,1,0,0,0,0,0,0,0,0,1,0,1,0,1,0,0,1,1,0,0,0,0,0,0,0,0,0,0,0,0,1,0,0,0,0,3,1,0,0,1,10,2.0,1,2,1,1,0,12,2.4,70365808c334216b, full,7851,20,1490139163.0, no, full,4,16, 40s, 4, yes, 4, 4, 3, 3, 2, 1, yes
gameb978f48857c8cc5b.log,16,0,0,0,0,0,2,0,0,0,0,0,0,0,0,0,0,0,1,1,0,0,0,0,1,0,0,0,0,1,0,0,0,1,0,0,0,0,0,1,0,0,0,0,0,1,0,1,0,0,0,2,0,1,2,0,13,2.6,0,1,1,2,1,18,3.6,19dbddedf07994e2, intentional,7766,16,1489827899.0, no, outer,3,8, 30s, 4, yes, 4, 4, 4, 5, 3, 3, yes
gameb9f6e17d8e157a01.log,6,0,0,0,0,0,0,0,0,0,0,0,1,0,0,1,1,0,0,0,1,0,0,0,1,0,0,0,0,2,1,0,0,0,0,0,1,0,0,0,0,0,0,0,0,0,0,0,0,1,0,1,1,0,1,2,17,3.4,1,0,0,3,1,18,3.6,2119fe68a204e42a, outer,9125,10,1490309728.0, no, outer,2,4, 20s, 4, yes, 4, 4, 4, 3, 2, 4, yes
gameba11eaded2112de1.log,9,0,0,0,0,0,0,0,0,0,0,1,0,0,0,0,0,1,0,0,1,0,0,0,1,1,1,0,0,0,0,1,1,0,0,0,0,0,0,0,0,0,0,0,0,0,1,0,0,1,0,1,1,0,1,2,17,3.4,3,1,0,1,0,9,1.8,ca0922b34e670338, intentional,9195,18,1491785442.0, no, outer,1,13, 40s, 4, yes, 3, 4, 2, 3, 3, 3, yes
gameba17f54c0814fe9a.log,7,0,0,1,0,0,0,0,0,0,0,0,0,0,1,0,0,1,1,0,1,0,0,0,0,0,0,0,1,1,0,0,1,0,0,0,0,0,1,0,0,0,0,0,0,0,0,0,1,0,0,0,1,2,1,1,17,3.4,0,1,3,1,0,15,3.0,ca0922b34e670338, full,3850,16,1491796189.0, no, outer,1,13, 40s, 4, yes, 3, 4, 2, 3, 3, 3, yes
gameba1f478e256e8019.log,18,0,0,1,0,0,0,0,0,0,0,1,0,0,0,0,1,0,0,0,0,1,1,0,0,0,0,0,0,1,0,1,0,0,0,0,0,1,0,0,0,0,0,0,1,1,0,0,0,0,0,3,1,1,0,0,8,1.6,1,1,0,2,1,16,3.2,19dbddedf07994e2, intentional,4451,20,1489918933.0, no, outer,3,8, 30s, 4, yes, 4, 4, 4, 5, 3, 3, yes
gameba579d2a14053d52.log,0,0,0,0,0,0,0,0,1,1,0,0,0,1,1,0,0,0,1,0,0,0,0,0,0,0,0,0,0,0,0,0,1,0,0,0,0,1,0,0,0,0,1,0,0,1,0,0,0,1,0,0,0,3,2,0,17,3.4,0,3,0,1,1,15,3.0,19dbddedf07994e2, outer,2,5,1490532584.0, no, outer,3,8, 30s, 4, yes, 4, 4, 4, 5, 3, 3, yes
gamebad7c710336bbfca.log,6,1,0,0,0,0,0,0,0,0,0,0,0,0,1,0,0,0,0,0,0,1,1,0,0,1,0,0,0,0,0,0,0,0,0,1,0,1,1,0,0,0,0,1,0,0,1,0,0,0,0,2,1,0,1,1,13,2.6,1,1,2,0,1,14,2.8,19dbddedf07994e2, full,9428,16,1490135841.0, no, outer,3,8, 30s, 4, yes, 4, 4, 4, 5, 3, 3, yes
gamebadaf35f0c00accd.log,3,0,1,1,1,0,0,0,0,0,0,0,0,0,0,0,1,0,0,0,0,1,0,0,0,0,2,0,1,0,0,0,0,0,0,0,0,0,0,0,0,0,0,1,0,0,0,0,0,0,1,2,1,1,1,0,11,2.2,2,0,2,0,1,13,2.6,19dbddedf07994e2, outer,5666,8,1490134779.0, no, outer,3,8, 30s, 4, yes, 4, 4, 4, 5, 3, 3, yes
gamebadfac5b18a6920f.log,19,0,1,0,0,0,0,0,0,1,0,1,0,0,0,0,0,0,0,0,1,0,0,0,1,0,0,0,0,0,0,1,0,1,0,0,0,0,0,0,0,1,0,1,1,0,0,0,0,0,0,1,1,0,2,1,16,3.2,2,0,2,1,0,12,2.4,90c7b3288d046c3a, outer,3412,3,1492733725.0, no, outer,1,5, 20s, 3, no, 1, 1, 1, 3, 3, 4, yes
gamebb03e1107b5ae062.log,20,1,0,1,1,0,0,0,0,0,0,1,0,0,0,0,0,0,0,0,0,0,1,0,0,0,0,1,0,0,0,0,0,0,0,0,0,1,0,0,0,0,0,0,1,0,0,1,0,0,1,2,1,1,1,0,11,2.2,0,3,0,1,1,15,3.0,19dbddedf07994e2, outer,3509,5,1489706886.0, no, outer,3,8, 30s, 4, yes, 4, 4, 4, 5, 3, 3, yes
gamebb297186382f3e4b.log,13,0,0,1,0,1,0,0,0,0,0,1,0,0,0,0,0,0,0,0,1,0,0,1,0,0,0,0,0,0,0,0,0,2,0,0,0,0,0,0,0,0,0,0,0,0,1,2,0,0,0,1,0,2,0,2,17,3.4,1,2,2,0,0,11,2.2,f84d104ad34eaf84, intentional,4248,2,1490302409.0, no, intentional,4,8, 20s, 4, yes, 3, 4, 4, 1, 1, 1, yes
gamebb41fecb3c87a0a9.log,10,0,0,0,0,0,0,0,0,0,0,2,1,0,0,0,0,0,0,0,1,0,0,0,1,0,0,0,0,0,0,1,0,0,0,0,0,0,0,1,0,1,0,1,0,0,0,1,0,0,0,2,1,0,1,1,13,2.6,2,1,1,1,0,11,2.2,19dbddedf07994e2, outer,2361,5,1490731566.0, no, outer,3,8, 30s, 4, yes, 4, 4, 4, 5, 3, 3, yes
gamebb43436d984b1fd4.log,11,0,0,0,0,0,0,0,0,0,0,0,1,0,0,1,1,0,0,0,1,0,0,0,1,0,0,0,0,2,1,0,0,0,0,0,1,0,0,0,0,0,0,0,0,0,0,0,0,1,0,1,1,0,1,2,17,3.4,1,0,0,3,1,18,3.6,ca0922b34e670338, intentional,5391,17,1492724391.0, no, outer,1,13, 40s, 4, yes, 3, 4, 2, 3, 3, 3, yes
gamebb44326440a7b60a.log,5,0,0,0,0,0,0,0,1,0,0,0,0,0,0,1,0,0,0,0,0,2,0,0,1,0,0,0,0,1,0,0,1,0,1,0,0,0,0,0,0,1,0,0,0,0,0,1,0,0,0,2,0,1,1,1,14,2.8,1,2,0,2,0,13,2.6,19dbddedf07994e2, full,3622,10,1489964527.0, no, outer,3,8, 30s, 4, yes, 4, 4, 4, 5, 3, 3, yes
gamebb9a0a219f97d6e1.log,3,0,0,0,1,0,0,0,0,0,0,1,0,0,0,1,0,1,0,0,0,1,0,0,0,0,0,0,0,0,0,0,1,1,0,0,0,0,0,0,0,0,0,1,0,0,1,0,1,0,0,2,1,0,1,1,13,2.6,1,1,3,0,0,12,2.4,ca0922b34e670338, full,8459,20,1491790955.0, no, outer,1,13, 40s, 4, yes, 3, 4, 2, 3, 3, 3, yes
gamebbaf929d847f270b.log,3,1,1,0,0,0,0,0,1,0,0,0,0,0,0,0,1,0,0,0,0,1,0,0,0,0,0,0,0,0,0,0,0,0,0,0,0,0,1,0,0,0,0,1,1,0,1,1,0,0,0,3,1,1,0,0,8,1.6,1,1,2,1,0,13,2.6,19dbddedf07994e2, intentional,110,1,1489701070.0, no, outer,3,8, 30s, 4, yes, 4, 4, 4, 5, 3, 3, yes
gamebbedecc607b7077e.log,11,2,0,0,1,0,0,0,0,0,0,0,0,0,0,0,0,0,0,1,0,1,0,0,0,0,1,1,0,0,0,1,0,0,0,0,0,0,0,0,0,0,1,1,0,0,0,0,0,0,0,3,0,0,2,0,11,2.2,2,2,1,0,0,9,1.8,19dbddedf07994e2, outer,7348,1,1489738025.0, no, outer,3,8, 30s, 4, yes, 4, 4, 4, 5, 3, 3, yes
gamebbf3b53431591466.log,18,0,1,0,0,0,0,0,1,0,0,0,0,0,0,0,0,0,0,1,0,1,0,0,1,0,0,0,1,0,0,0,1,0,1,0,0,0,0,0,0,0,0,0,0,1,0,1,0,0,0,1,1,1,2,0,14,2.8,0,2,1,1,1,16,3.2,19dbddedf07994e2, full,9627,17,1490723123.0, no, outer,3,8, 30s, 4, yes, 4, 4, 4, 5, 3, 3, yes
gamebc03648edcc20e27.log,17,0,0,0,0,0,0,0,0,1,0,0,1,0,0,0,0,0,0,0,1,1,1,0,0,0,0,1,0,0,0,1,0,0,1,0,0,0,0,1,0,1,0,0,0,0,0,0,0,0,0,1,2,0,1,1,14,2.8,2,1,0,2,0,12,2.4,19dbddedf07994e2, full,4691,18,1489964171.0, no, outer,3,8, 30s, 4, yes, 4, 4, 4, 5, 3, 3, yes
gamebc29284e5083fee4.log,16,0,0,0,0,0,0,1,0,0,0,0,0,0,0,1,0,0,1,0,0,0,0,1,0,1,0,0,0,0,0,0,1,0,0,0,0,0,0,1,0,0,0,0,2,0,1,0,0,0,0,0,1,2,0,2,18,3.6,1,1,0,3,0,15,3.0,65a4fbe00b09d24d, intentional,4,7,1493045512.0, yes, intentional,4,7, 20s, 3, no, 2, 2, 2, 4, 4, 5, yes
gamebc4617d1ad70a6dc.log,17,0,0,0,0,0,0,1,1,0,0,1,0,0,0,0,0,0,0,0,0,1,1,0,0,0,0,0,0,1,0,0,1,0,0,0,1,0,0,0,0,0,1,1,0,0,0,0,0,0,0,2,2,1,0,0,9,1.8,1,2,1,1,0,12,2.4,ca0922b34e670338, outer,1268,16,1492707605.0, no, outer,1,13, 40s, 4, yes, 3, 4, 2, 3, 3, 3, yes
gamebc650b1adb36d7a2.log,1,1,0,0,0,1,1,0,1,0,0,0,0,0,0,0,0,0,1,0,0,0,0,0,0,0,0,1,1,0,0,0,0,0,1,0,0,0,0,0,0,0,0,0,0,0,0,1,0,1,0,2,0,2,0,1,13,2.6,0,2,1,2,0,15,3.0,cfae3ca2f65f0b94, outer,2223,9,1490366882.0, no, intentional,1,15, , , , , , , , , , yes
gamebc7261908d291830.log,9,0,0,0,1,0,0,0,0,0,0,1,0,0,0,0,1,1,0,0,0,0,1,0,0,0,1,1,0,0,0,1,0,1,0,0,0,0,0,0,0,0,0,0,0,0,0,0,0,0,1,2,2,0,1,0,10,2.0,2,1,1,0,1,12,2.4,19dbddedf07994e2, intentional,439,6,1490730486.0, no, outer,3,8, 30s, 4, yes, 4, 4, 4, 5, 3, 3, yes
gamebc76b457761bea0b.log,4,0,0,1,0,0,0,0,1,0,0,1,0,0,0,0,0,0,0,0,0,0,0,2,0,0,0,0,0,0,1,0,0,0,0,0,0,0,1,0,0,2,0,0,1,0,0,0,0,0,0,1,0,4,0,0,13,2.6,2,0,1,1,1,14,2.8,1b17ab93ed1184b4, full,766,14,1491701803.0, no, full,3,8, 40s, 4, yes, 2, 2, 1, 4, 4, 3, yes
gamebcbbc9bc2cd7369f.log,18,0,1,1,0,0,0,0,0,0,0,0,1,0,1,0,0,0,0,0,0,0,0,0,0,1,0,1,0,1,0,0,0,0,0,0,0,0,0,0,0,1,1,0,0,0,1,0,0,0,0,0,2,1,1,1,16,3.2,2,2,0,1,0,10,2.0,f5b1cb17dbec782a, full,5,19,1490373774.0, yes, full,5,19, 20s, 4, yes, 3, 3, 1, 4, 3, 3, yes
gamebce5b24c3da31c08.log,10,0,0,1,1,0,0,0,0,1,0,0,1,0,0,0,1,0,0,0,0,0,0,0,0,0,0,1,0,0,0,1,0,0,0,0,0,0,0,0,0,0,1,1,0,0,1,0,0,0,0,1,1,1,2,0,14,2.8,2,2,1,0,0,9,1.8,ca0922b34e670338, outer,8087,5,1491764130.0, no, outer,1,13, 40s, 4, yes, 3, 4, 2, 3, 3, 3, yes
gamebcffaf6935ac40e1.log,23,0,1,0,0,0,0,0,0,0,0,0,0,1,0,0,0,0,0,0,0,0,2,1,0,0,0,0,0,0,0,1,0,0,0,0,0,1,0,0,1,1,0,0,0,0,0,0,0,1,0,0,3,2,0,0,12,2.4,2,1,0,1,1,13,2.6,19dbddedf07994e2, intentional,1091,6,1490135497.0, no, outer,3,8, 30s, 4, yes, 4, 4, 4, 5, 3, 3, yes
gamebd1df2a4bb960146.log,10,1,0,0,0,0,1,0,0,0,0,0,0,0,0,0,1,0,0,1,1,0,0,0,0,0,0,0,0,0,0,0,0,1,0,0,1,0,1,0,0,0,0,1,0,0,1,0,0,0,0,3,0,0,1,1,12,2.4,2,0,3,0,0,11,2.2,ca0922b34e670338, outer,3808,7,1491756280.0, no, outer,1,13, 40s, 4, yes, 3, 4, 2, 3, 3, 3, yes
gamebd29153d9a94f57e.log,6,1,0,0,0,1,0,0,0,0,0,0,1,0,0,0,0,0,0,1,0,0,0,0,0,1,1,0,0,0,0,0,0,1,1,0,0,0,0,0,0,0,0,0,0,1,0,0,1,0,0,1,1,0,1,2,17,3.4,1,0,2,1,1,16,3.2,594a2daf965aa5ca, full,2,3,1490361847.0, yes, full,2,3, 20s, 4, yes, 2, 4, 2, 2, 1, 1, yes
gamebd679cd7f65553ce.log,15,1,0,0,1,0,0,0,1,0,0,0,2,0,0,0,0,0,0,0,0,0,0,0,0,0,0,0,0,0,1,0,0,0,1,0,0,0,0,0,0,0,0,1,0,0,2,0,0,0,0,1,2,1,1,0,12,2.4,2,0,1,1,1,14,2.8,6627789108b41ca2, outer,4,14,1490613987.0, yes, outer,4,14, 20s, 3, yes, 3, 4, 3, 3, 3, 3, yes
gamebd6a115e1032d80e.log,15,0,0,0,0,0,0,1,1,0,0,0,1,0,0,0,0,0,1,0,1,0,0,0,0,0,0,0,0,0,0,1,0,0,0,0,1,0,0,0,1,1,0,0,0,0,0,0,1,0,0,0,2,2,0,1,15,3.0,3,0,1,0,1,11,2.2,e55525e0b2004294, outer,4635,16,1490342489.0, no, intentional,5,19, 20s, 4, yes, 4, 4, 4, 3, 3, 3, yes
gamebde224b6b972416e.log,6,0,0,0,0,0,1,0,0,0,0,0,0,1,0,1,0,0,0,0,0,1,0,0,1,0,1,0,0,0,0,1,0,0,0,0,1,0,0,0,0,0,0,0,0,1,1,0,0,0,0,2,0,1,1,1,14,2.8,4,0,0,0,1,9,1.8,19dbddedf07994e2, outer,5689,9,1490731031.0, no, outer,3,8, 30s, 4, yes, 4, 4, 4, 5, 3, 3, yes
gamebde45afcbb32cb93.log,17,0,0,0,0,0,0,0,0,0,0,1,0,0,0,0,1,0,1,0,0,0,1,1,0,0,0,0,1,1,0,0,1,0,0,0,0,0,0,1,0,0,0,0,0,0,1,0,0,0,0,2,1,2,0,0,10,2.0,1,1,1,2,0,14,2.8,1b17ab93ed1184b4, intentional,9568,14,1491687983.0, no, full,3,8, 40s, 4, yes, 2, 2, 1, 4, 4, 3, yes
gamebdf50b5b08d0e754.log,19,0,0,0,1,0,0,0,0,0,0,0,0,0,1,0,0,0,0,0,1,0,0,1,1,0,0,0,0,0,0,0,0,1,0,0,1,0,0,0,0,0,1,0,1,0,0,0,0,1,0,0,0,1,3,1,20,4.0,1,1,1,2,0,14,2.8,344c73764f8f87f2, full,5381,11,1490491529.0, no, full,5,12, 30s, 4, yes, 2, 3, 2, 4, 2, 2, yes
gamebe158df4ecd689fd.log,11,1,0,0,0,0,1,0,0,1,0,0,0,0,0,0,0,1,0,1,0,0,0,0,0,0,0,0,0,0,0,1,0,0,0,0,0,0,0,0,0,0,0,0,0,1,1,0,1,0,1,2,1,0,2,0,12,2.4,2,0,1,0,2,15,3.0,67a198d323d17d4b, full,4,4,1490753336.0, yes, full,4,4, 50s, 3, yes, 3, 4, 1, 3, 2, 3, yes
gamebe254345ebfa10f1.log,18,1,0,0,0,0,1,0,0,0,0,1,0,0,0,0,0,1,0,0,0,1,0,0,0,0,0,0,0,0,0,0,0,0,0,0,1,1,0,0,0,0,0,1,1,0,1,0,0,0,0,4,1,0,0,0,6,1.2,2,1,1,1,0,11,2.2,628c5feb96e74550, outer,1,15,1490303009.0, yes, outer,1,15, 30s, 4, yes, 4, 4, 4, 2, 1, 1, yes
gamebe55474d7b9488e6.log,8,0,0,0,0,0,1,0,0,0,0,0,1,0,0,0,1,0,0,1,1,0,0,0,0,0,0,1,0,1,0,0,0,1,0,0,1,0,0,0,0,0,0,0,0,0,0,0,1,0,0,2,1,0,1,1,13,2.6,1,1,2,1,0,13,2.6,19dbddedf07994e2, outer,6068,7,1489706977.0, no, outer,3,8, 30s, 4, yes, 4, 4, 4, 5, 3, 3, yes
gamebea2e79eda10f0de.log,16,1,1,0,0,0,0,0,0,0,1,1,0,0,0,1,0,0,0,0,0,0,0,0,0,0,0,0,0,0,0,0,1,0,0,0,0,0,0,1,0,1,0,0,0,0,1,0,0,0,1,2,1,0,0,2,14,2.8,2,1,0,1,1,13,2.6,f9c5041c085435cf, full,1,18,1490113215.0, yes, full,1,18, 20s, 4, yes, 3, 4, 3, 3, 1, 3, yes
gamebec631ccf9a0db7d.log,17,1,1,0,0,0,0,0,0,0,0,0,1,0,0,0,0,1,0,0,0,0,0,1,0,0,2,0,0,0,0,0,0,0,0,0,1,0,0,0,0,0,0,1,1,0,0,0,0,0,0,1,3,1,0,0,10,2.0,3,0,1,1,0,10,2.0,ca0922b34e670338, intentional,3740,15,1491768052.0, no, outer,1,13, 40s, 4, yes, 3, 4, 2, 3, 3, 3, yes
gamebeeec5f883ccfcb8.log,16,0,0,0,0,1,1,0,0,1,0,0,0,0,0,0,0,0,0,0,1,0,1,0,0,0,0,0,0,0,0,0,0,0,1,0,1,0,1,0,0,0,0,0,0,0,1,0,0,1,0,1,1,0,1,2,17,3.4,2,0,1,2,0,13,2.6,4dacd064a3248f0e, full,5547,16,1490323780.0, no, full,5,18, , , , , , , , , , yes
gamebf4871cf8c98fd39.log,7,0,1,0,0,0,0,0,1,1,0,0,0,0,0,0,0,0,1,0,0,0,0,1,0,0,0,0,0,1,0,0,0,0,0,0,0,0,0,1,0,1,0,0,0,0,2,0,0,0,0,0,1,3,1,0,15,3.0,3,0,0,2,0,11,2.2,5baddd1573b2f644, intentional,5,16,1490441249.0, yes, intentional,5,16, 30s, 4, yes, 3, 4, 3, 2, 2, 1, yes
gamebf6753107ee7fb85.log,7,1,0,0,0,0,0,0,1,0,0,1,0,0,0,0,1,0,0,1,0,0,0,0,0,0,1,0,0,1,0,0,1,1,0,0,1,0,0,0,0,0,0,0,0,0,0,0,0,0,0,3,0,1,1,0,10,2.0,2,1,1,1,0,11,2.2,e90bf79bebf9d078, intentional,5978,9,1490300179.0, no, outer,4,9, 20s, 4, yes, 3, 4, 4, 2, 2, 3, yes
gamebf6ef758880c77e7.log,7,0,0,1,0,0,0,1,0,0,1,0,0,0,0,0,0,0,0,0,0,1,1,0,0,0,1,1,0,0,0,0,0,0,1,0,0,0,0,1,0,0,0,0,1,0,0,0,0,0,0,1,2,1,0,1,13,2.6,1,1,0,3,0,15,3.0,77b66a0509916d51, outer,6073,7,1490372165.0, no, intentional,2,16, 50s, 3, yes, 2, 4, 1, 3, 3, 4, yes
gamebf8d0d32644ffdd1.log,14,0,0,0,0,0,0,0,0,2,0,0,0,0,0,0,0,0,0,1,0,1,0,1,0,0,0,0,0,0,0,0,0,0,0,0,0,0,0,1,1,0,1,0,0,0,1,0,0,0,1,1,0,1,3,0,16,3.2,1,1,0,1,2,17,3.4,19dbddedf07994e2, full,3188,22,1490733981.0, no, outer,3,8, 30s, 4, yes, 4, 4, 4, 5, 3, 3, yes
gamebfe6d99490889c6c.log,18,1,0,0,0,0,1,0,0,0,0,0,1,0,0,0,0,1,0,0,0,0,0,1,0,0,0,0,0,0,0,0,0,0,1,0,2,0,0,0,0,1,0,0,0,0,0,0,0,1,0,2,2,1,0,0,9,1.8,3,0,0,2,0,11,2.2,19dbddedf07994e2, intentional,597,5,1490135533.0, no, outer,3,8, 30s, 4, yes, 4, 4, 4, 5, 3, 3, yes
gamec0191c84720196cb.log,18,0,1,1,0,0,0,0,0,1,0,0,0,0,0,0,1,1,0,0,0,0,0,0,0,0,0,0,1,0,0,0,0,0,1,0,0,0,1,1,0,0,0,0,0,0,1,0,0,0,0,1,2,1,1,0,12,2.4,1,0,2,2,0,15,3.0,768862e11a280fd0, outer,4491,6,1490374586.0, no, outer,5,6, , , , , , , , , , yes
gamec06387ccfccbf263.log,20,1,1,0,0,0,0,0,0,0,0,1,0,0,0,0,0,0,0,0,0,1,0,1,0,0,0,0,0,0,0,1,0,0,1,0,0,0,0,0,1,1,0,0,0,1,0,0,0,0,0,3,1,1,0,0,8,1.6,2,0,0,1,2,16,3.2,cc9f58c126cc648e, outer,4,13,1490063285.0, yes, outer,4,13, 50s, 4, yes, 3, 4, 2, 3, 3, 3, yes
gamec0776dadea78e784.log,4,0,1,0,1,0,1,1,0,0,0,0,0,0,0,0,0,0,0,0,0,0,0,0,1,0,0,0,0,0,0,0,1,0,0,0,0,0,0,0,1,1,0,0,0,0,1,1,0,0,0,1,2,0,2,0,13,2.6,2,2,0,0,1,11,2.2,ca0922b34e670338, outer,8943,9,1492596102.0, no, outer,1,13, 40s, 4, yes, 3, 4, 2, 3, 3, 3, yes
gamec08f8cc25c82ba0a.log,9,0,0,1,0,0,0,0,0,1,0,0,0,0,0,0,0,0,0,0,0,1,1,1,0,0,0,0,0,0,0,0,0,0,0,0,0,1,0,0,0,1,0,0,1,0,1,0,0,0,1,1,1,2,1,0,13,2.6,2,1,0,1,1,13,2.6,2febf2d649e0bd3a, outer,3,9,1490347607.0, yes, outer,3,9, 20s, 3, no, 2, 3, 2, 4, 3, 2, yes
gamec0b1e5dc5b26d1b6.log,2,0,0,0,0,0,1,1,0,0,1,0,0,0,0,0,0,0,1,1,0,0,0,0,0,0,0,0,1,1,0,0,1,0,0,0,0,0,0,0,1,0,0,0,0,0,0,0,1,0,0,1,1,1,1,1,15,3.0,0,1,2,1,1,17,3.4,5d82cb8a155dbd34, intentional,4877,19,1490300056.0, no, full,5,21, 20s, 4, yes, 3, 4, 3, 4, 5, 5, yes
gamec0b48b85d40d29c0.log,5,0,0,0,0,0,0,0,0,0,0,1,0,0,0,0,0,1,1,1,0,0,0,1,0,0,0,0,0,0,0,0,0,0,1,0,1,0,1,0,0,1,0,0,1,0,0,0,0,0,0,1,1,2,1,0,13,2.6,2,0,1,2,0,13,2.6,ca0922b34e670338, intentional,3458,18,1491751861.0, no, outer,1,13, 40s, 4, yes, 3, 4, 2, 3, 3, 3, yes
gamec0bd3838032954a6.log,5,0,0,0,0,0,0,0,1,0,0,1,0,1,0,0,0,0,0,0,0,0,1,0,0,1,1,0,0,1,0,0,0,0,0,1,1,0,0,0,0,0,0,0,0,0,1,0,0,0,0,1,1,2,0,1,14,2.8,3,0,0,1,1,12,2.4,19dbddedf07994e2, outer,9741,4,1490722707.0, no, outer,3,8, 30s, 4, yes, 4, 4, 4, 5, 3, 3, yes
gamec0d0f3c2640fe67b.log,9,1,0,0,0,0,0,1,0,0,0,0,0,1,1,0,0,0,0,1,0,0,0,0,0,0,1,0,0,0,0,0,0,0,0,0,0,0,0,0,0,1,1,0,1,0,0,0,1,0,0,1,1,1,2,0,14,2.8,2,1,1,1,0,11,2.2,19dbddedf07994e2, intentional,5005,0,1490136415.0, no, outer,3,8, 30s, 4, yes, 4, 4, 4, 5, 3, 3, yes
gamec0d93b099390d842.log,18,0,0,0,1,0,0,0,0,0,0,1,1,0,0,0,0,0,0,0,0,1,0,0,1,0,0,0,0,0,0,1,1,0,1,0,0,0,0,0,0,0,0,2,0,0,0,0,0,0,0,2,1,0,2,0,12,2.4,1,1,2,1,0,13,2.6,1b17ab93ed1184b4, outer,932,12,1491749529.0, no, full,3,8, 40s, 4, yes, 2, 2, 1, 4, 4, 3, yes
gamec0fabd3f79e290fb.log,13,1,0,1,0,0,1,0,0,0,0,0,0,0,0,0,0,0,0,0,0,1,1,0,0,0,0,1,0,0,0,1,1,1,0,0,0,0,0,0,0,1,0,0,0,0,0,0,0,0,0,3,1,1,0,0,8,1.6,2,2,1,0,0,9,1.8,19dbddedf07994e2, full,6490,13,1489692286.0, no, outer,3,8, 30s, 4, yes, 4, 4, 4, 5, 3, 3, yes
gamec118b56cd9f5d8e2.log,8,0,0,0,0,0,1,0,0,0,0,0,0,0,0,0,1,2,0,0,0,1,0,0,0,0,0,1,1,0,0,0,0,1,0,0,1,0,0,0,0,1,0,0,0,0,0,0,0,0,0,3,2,0,0,0,7,1.4,2,1,2,0,0,10,2.0,19dbddedf07994e2, full,2016,8,1489921831.0, no, outer,3,8, 30s, 4, yes, 4, 4, 4, 5, 3, 3, yes
gamec1382543c65bea6d.log,12,0,0,0,0,0,0,0,0,1,1,1,0,0,0,1,1,0,0,0,0,0,0,0,0,0,0,0,0,1,0,0,0,0,0,0,0,0,0,1,0,0,1,1,1,0,0,0,0,0,0,2,0,0,1,2,16,3.2,0,1,1,3,0,17,3.4,ca0922b34e670338, full,7066,6,1491843589.0, no, outer,1,13, 40s, 4, yes, 3, 4, 2, 3, 3, 3, yes
gamec140c122ed929235.log,8,0,0,2,0,0,1,0,0,0,0,0,1,0,0,0,0,0,1,0,0,0,0,0,0,0,1,0,0,1,0,0,1,0,0,0,1,0,0,0,0,0,0,1,0,0,0,0,0,0,0,1,1,3,0,0,12,2.4,2,1,1,1,0,11,2.2,9c4f781173d0fb2d, intentional,3,13,1490305468.0, yes, intentional,3,13, 20s, 4, yes, 3, 4, 2, 2, 1, 1, yes
gamec151377a4751501e.log,18,0,0,0,0,0,0,1,0,0,0,1,0,0,0,0,1,0,0,0,0,1,0,0,0,1,1,0,0,0,1,0,0,0,1,0,0,0,0,0,0,0,0,0,0,0,2,0,0,0,0,3,1,0,0,1,10,2.0,3,0,0,1,1,12,2.4,ca0922b34e670338, outer,7344,3,1492707421.0, no, outer,1,13, 40s, 4, yes, 3, 4, 2, 3, 3, 3, yes
gamec166ae7dc04a0461.log,18,1,1,0,0,0,0,0,0,0,0,1,0,0,0,0,0,1,0,0,0,1,0,0,0,0,0,0,0,0,0,2,0,0,0,0,0,1,0,0,1,0,0,0,0,0,0,0,0,1,0,3,2,0,0,0,7,1.4,2,1,0,1,1,13,2.6,19dbddedf07994e2, outer,2861,7,1490730555.0, no, outer,3,8, 30s, 4, yes, 4, 4, 4, 5, 3, 3, yes
gamec1ab8e09c4798fc9.log,6,0,0,0,1,0,0,0,0,0,0,0,0,0,0,0,1,1,0,0,1,0,1,0,0,0,1,0,0,0,0,0,0,1,0,0,1,0,0,0,0,0,0,0,0,0,0,1,1,0,0,1,2,0,1,1,14,2.8,2,1,2,0,0,10,2.0,2af874d749a75ec8, outer,369,2,1490309387.0, no, outer,3,5, 20s, 4, yes, 1, 1, 1, 3, 2, 2, yes
gamec1aef23a4f5c8071.log,8,0,0,0,0,0,0,0,0,1,0,1,1,0,0,0,0,1,0,0,0,0,0,0,1,0,0,1,0,1,0,0,1,0,0,0,0,0,0,0,0,1,0,1,0,0,0,0,0,0,0,1,2,0,2,0,13,2.6,1,2,1,1,0,12,2.4,ca0922b34e670338, intentional,7862,15,1492590530.0, no, outer,1,13, 40s, 4, yes, 3, 4, 2, 3, 3, 3, yes
gamec1b0a56e4278d252.log,16,0,0,1,0,0,0,0,1,0,0,1,0,1,0,0,0,0,0,0,0,1,0,0,0,0,0,0,0,1,1,0,0,0,0,0,1,0,0,1,0,0,1,0,0,0,0,0,0,0,0,2,0,3,0,0,11,2.2,1,1,0,2,1,16,3.2,ca0922b34e670338, intentional,5766,16,1491934070.0, no, outer,1,13, 40s, 4, yes, 3, 4, 2, 3, 3, 3, yes
gamec1e775149d36dd83.log,3,1,0,0,0,0,0,0,0,0,0,0,1,0,1,0,0,1,1,0,0,0,0,0,0,0,0,0,0,0,1,1,1,0,0,0,0,0,0,1,0,0,0,0,0,0,0,1,0,0,0,1,2,1,1,0,12,2.4,1,2,0,1,1,14,2.8,67a198d323d17d4b, intentional,6700,18,1490753795.0, no, full,4,4, 50s, 3, yes, 3, 4, 1, 3, 2, 3, yes
gamec1f0920b2e3611fe.log,7,0,0,0,0,0,1,0,0,1,0,0,1,0,0,0,1,0,0,0,0,1,0,0,0,0,0,0,1,0,0,0,0,0,0,0,0,1,0,0,0,0,1,0,0,0,0,0,1,0,1,3,1,0,1,0,9,1.8,0,2,2,0,1,15,3.0,e9402a9ba7d42b70, intentional,9200,15,1490387198.0, no, full,2,17, 40s, 4, yes, 3, 4, 1, 3, 2, 2, yes
gamec2075b1ec0b5b038.log,9,0,0,0,0,0,0,0,0,1,0,0,1,0,0,0,0,0,0,0,1,1,0,0,0,1,0,0,0,0,0,0,0,0,1,1,0,0,0,0,0,0,0,1,1,0,0,0,0,1,0,1,1,0,1,2,17,3.4,0,0,1,3,1,20,4.0,2f270b280fb2598d, intentional,336,15,1490877969.0, no, outer,5,4, , , , , , , , , , yes
gamec216193d7d2f249b.log,9,0,0,0,0,0,1,0,0,0,0,0,0,0,0,0,1,0,0,1,1,0,1,0,0,0,0,0,0,0,0,1,0,0,0,0,0,0,0,0,0,2,0,0,0,0,1,0,0,0,1,2,1,0,1,1,13,2.6,4,0,0,0,1,9,1.8,ca0922b34e670338, intentional,8314,14,1492582488.0, no, outer,1,13, 40s, 4, yes, 3, 4, 2, 3, 3, 3, yes
gamec22e4f60932b5da3.log,19,0,0,0,0,0,0,0,0,1,1,1,0,0,1,0,1,0,0,0,0,0,0,0,0,0,0,0,0,1,0,1,1,0,0,0,0,0,1,0,0,0,0,0,0,0,1,0,0,0,0,2,0,0,2,1,15,3.0,2,1,1,1,0,11,2.2,ca0922b34e670338, full,4374,19,1491909538.0, no, outer,1,13, 40s, 4, yes, 3, 4, 2, 3, 3, 3, yes
gamec23814e0a1bbb5b6.log,17,1,0,0,1,0,2,0,1,0,0,0,0,0,0,0,0,0,0,0,0,0,0,0,0,0,0,1,0,0,0,0,0,0,1,0,0,0,0,0,1,0,0,1,0,0,1,0,0,0,0,3,0,1,1,0,10,2.0,1,1,1,1,1,15,3.0,5d82cb8a155dbd34, outer,3125,2,1490299212.0, no, full,5,21, 20s, 4, yes, 3, 4, 3, 4, 5, 5, yes
gamec247340d3763ac9f.log,17,0,0,0,0,0,0,0,0,0,0,1,1,0,0,1,0,0,0,0,0,0,0,1,0,1,1,0,0,0,0,0,1,0,0,0,0,0,0,0,0,0,0,0,0,1,1,0,1,0,0,1,1,1,0,2,16,3.2,2,1,1,0,1,12,2.4,ca0922b34e670338, outer,5047,5,1491846310.0, no, outer,1,13, 40s, 4, yes, 3, 4, 2, 3, 3, 3, yes
gamec25f230a2f763202.log,14,1,0,0,0,0,0,0,0,0,0,1,0,0,0,1,0,0,0,0,1,0,1,0,0,0,0,0,0,1,0,0,0,0,1,0,0,0,2,0,0,1,0,0,0,0,0,0,0,0,0,2,1,0,0,2,14,2.8,1,0,2,2,0,15,3.0,ca0922b34e670338, outer,621,12,1491796816.0, no, outer,1,13, 40s, 4, yes, 3, 4, 2, 3, 3, 3, yes
gamec2622f644aa7e5a5.log,10,1,0,0,0,0,1,0,0,1,0,0,0,0,1,0,0,0,0,0,0,0,0,1,0,0,1,0,0,0,0,0,0,1,1,0,0,0,0,0,1,0,0,0,0,0,0,0,0,0,1,2,0,1,2,0,13,2.6,1,0,1,1,2,18,3.6,2119fe68a204e42a, intentional,9191,19,1490306820.0, no, outer,2,4, 20s, 4, yes, 4, 4, 4, 3, 2, 4, yes
gamec2a2a11b1733ab74.log,22,0,0,1,1,0,0,0,1,0,0,0,1,1,0,0,0,0,0,0,0,0,0,0,0,0,1,0,0,1,0,0,0,0,1,0,1,0,0,0,0,0,0,0,0,0,0,0,0,0,1,0,1,3,1,0,15,3.0,2,0,0,2,1,15,3.0,437e93c5fb55d0b9, intentional,4,19,1490069154.0, yes, intentional,4,19, 30s, 4, yes, 3, 4, 1, 3, 3, 3, yes
gamec2a8fe352ccac076.log,2,1,0,0,1,0,0,0,0,0,0,0,1,0,0,0,0,0,0,0,0,0,1,0,0,1,0,0,1,0,0,0,0,1,1,0,0,0,0,0,0,0,0,0,2,0,0,0,0,0,0,1,2,0,1,1,14,2.8,0,0,2,3,0,18,3.6,ca0922b34e670338, outer,1276,18,1492584100.0, no, outer,1,13, 40s, 4, yes, 3, 4, 2, 3, 3, 3, yes
gamec3115d7ebfae4a34.log,10,0,0,0,0,0,1,0,1,1,0,0,0,0,0,0,1,0,0,0,0,0,0,0,1,0,0,0,0,1,0,0,0,1,0,0,0,0,0,0,0,0,2,0,0,0,0,0,1,0,0,2,0,1,2,0,13,2.6,0,2,2,1,0,14,2.8,19dbddedf07994e2, intentional,5380,17,1489701231.0, no, outer,3,8, 30s, 4, yes, 4, 4, 4, 5, 3, 3, yes
gamec3733195c3845d57.log,2,0,0,1,0,0,0,0,1,0,0,0,0,0,0,0,0,0,1,0,0,2,0,0,0,0,1,0,0,0,0,0,1,1,0,0,0,1,0,0,0,0,0,0,0,0,1,0,0,0,0,2,0,3,0,0,11,2.2,2,2,1,0,0,9,1.8,90c7b3288d046c3a, outer,6738,5,1492730697.0, no, outer,1,5, 20s, 3, no, 1, 1, 1, 3, 3, 4, yes
gamec38eeeabcbff37fa.log,11,0,1,0,0,0,0,0,0,0,0,0,0,0,1,0,2,0,1,0,0,0,0,0,0,0,0,0,0,0,0,0,0,0,0,0,1,0,0,0,1,1,0,0,0,1,0,0,0,0,1,2,1,1,1,0,11,2.2,2,0,0,0,3,17,3.4,19dbddedf07994e2, intentional,5103,15,1489827622.0, no, outer,3,8, 30s, 4, yes, 4, 4, 4, 5, 3, 3, yes
gamec397f688684fa773.log,10,0,0,0,0,0,0,0,1,0,0,1,0,0,0,0,2,1,0,0,0,0,0,0,0,0,0,1,0,0,0,1,0,1,0,0,0,0,0,0,0,0,0,0,0,0,0,0,2,0,0,3,1,1,0,0,8,1.6,1,1,3,0,0,12,2.4,237369304d4e4105, full,7420,7,1492974208.0, no, full,2,5, 20s, 2, no, 2, 2, 1, 3, 3, 2, yes
gamec39f48473c9a0b7a.log,17,0,0,0,0,0,0,0,0,0,0,0,0,0,1,1,0,1,0,0,0,1,0,1,0,0,1,0,0,0,0,1,0,1,0,0,0,0,0,1,0,0,0,0,1,0,0,0,0,0,0,1,1,1,1,1,15,3.0,2,0,1,2,0,13,2.6,ca0922b34e670338, outer,8991,3,1492724175.0, no, outer,1,13, 40s, 4, yes, 3, 4, 2, 3, 3, 3, yes
gamec3d0591c0b33dfc0.log,13,0,0,0,0,0,0,0,0,0,0,0,1,0,0,0,0,0,0,2,1,1,0,0,0,0,0,0,0,0,0,0,0,0,1,0,0,0,0,0,0,0,0,0,0,0,0,1,0,2,1,1,1,0,2,1,16,3.2,0,1,0,3,1,19,3.8,ca0922b34e670338, full,1480,19,1492727604.0, no, outer,1,13, 40s, 4, yes, 3, 4, 2, 3, 3, 3, yes
gamec4208f8ca80d474f.log,8,1,1,0,0,0,0,0,0,1,1,1,0,0,0,0,0,0,0,0,0,0,0,0,0,0,1,0,0,1,0,1,0,0,0,0,0,0,0,0,0,0,0,0,0,0,1,1,0,0,0,2,1,0,1,1,13,2.6,3,1,0,1,0,9,1.8,1b17ab93ed1184b4, intentional,1306,9,1491704859.0, no, full,3,8, 40s, 4, yes, 2, 2, 1, 4, 4, 3, yes
gamec43c82eb88693a41.log,13,0,1,0,0,0,1,0,0,0,0,1,0,0,1,0,0,0,0,0,0,1,0,0,0,0,0,1,0,0,1,0,0,1,0,0,0,0,0,0,0,0,0,0,0,0,0,1,1,0,0,3,1,0,1,0,9,1.8,0,2,2,0,1,15,3.0,19dbddedf07994e2, intentional,4227,19,1490533524.0, no, outer,3,8, 30s, 4, yes, 4, 4, 4, 5, 3, 3, yes
gamec453c6d66996210f.log,16,0,0,0,0,0,0,0,1,0,0,0,0,0,0,0,1,0,0,1,0,1,0,1,0,0,0,0,1,0,0,0,0,0,0,0,1,0,0,0,0,0,1,0,0,0,0,0,0,1,1,2,0,2,1,0,12,2.4,1,1,1,1,1,15,3.0,d2f1c88c0be4a19b, outer,8229,9,1490126497.0, no, intentional,4,13, 30s, 4, yes, 3, 4, 1, 2, 2, 2, yes
gamec4780458e26a1154.log,17,0,1,0,1,0,0,0,0,0,0,0,0,0,0,1,0,0,0,0,1,0,0,1,0,0,0,0,0,0,1,0,0,0,0,1,0,0,0,0,0,2,0,0,1,0,0,0,0,0,0,0,1,1,1,2,19,3.8,2,0,0,1,2,16,3.2,19dbddedf07994e2, outer,1269,8,1489828145.0, no, outer,3,8, 30s, 4, yes, 4, 4, 4, 5, 3, 3, yes
gamec4a276e8bbb31378.log,10,0,0,0,0,0,0,0,0,0,0,0,0,0,0,0,0,0,1,1,0,0,0,2,1,0,1,0,0,0,0,0,0,0,1,0,0,0,0,1,0,0,1,0,0,0,0,1,0,0,0,0,0,3,2,0,17,3.4,1,2,0,2,0,13,2.6,ca0922b34e670338, full,1420,21,1492596917.0, no, outer,1,13, 40s, 4, yes, 3, 4, 2, 3, 3, 3, yes
gamec4a2901d09407c18.log,15,1,0,0,0,0,0,0,1,0,0,0,0,0,0,0,0,0,0,2,0,0,1,0,0,0,0,0,0,0,0,2,0,0,0,0,0,0,0,0,0,0,0,1,0,0,2,0,0,0,0,1,1,1,2,0,14,2.8,4,0,1,0,0,7,1.4,33ba844cbb15fecd, full,2822,14,1493053390.0, no, full,3,5, 20s, 3, no, 1, 1, 1, 4, 3, 4, yes
gamec4e5c25f77576444.log,2,1,0,0,1,0,0,0,1,0,0,0,0,0,1,0,0,0,0,0,0,0,0,0,1,0,1,1,1,0,0,0,0,0,1,0,0,1,0,0,0,0,0,0,0,0,0,0,0,0,0,1,0,1,3,0,16,3.2,1,2,1,1,0,12,2.4,ca0922b34e670338, full,6344,20,1491941728.0, no, outer,1,13, 40s, 4, yes, 3, 4, 2, 3, 3, 3, yes
gamec502d1c0d482d5b9.log,21,1,1,0,0,0,1,0,0,0,0,0,0,0,0,0,0,0,0,0,0,1,0,0,1,0,0,0,1,1,0,0,0,0,0,0,0,1,0,0,0,2,0,0,0,0,0,0,0,0,0,3,1,0,1,0,9,1.8,2,1,1,1,0,11,2.2,19dbddedf07994e2, outer,4347,10,1489794969.0, no, outer,3,8, 30s, 4, yes, 4, 4, 4, 5, 3, 3, yes
gamec532be43b2f3d008.log,12,0,0,0,1,0,1,0,0,0,0,0,1,0,0,0,1,0,0,0,0,0,1,0,0,0,0,0,0,0,0,1,0,0,0,1,0,0,0,0,1,0,0,0,0,1,1,0,0,0,0,2,2,0,1,0,10,2.0,2,0,0,0,3,17,3.4,1b17ab93ed1184b4, full,1082,18,1491748732.0, no, full,3,8, 40s, 4, yes, 2, 2, 1, 4, 4, 3, yes
gamec53c77154dd14f59.log,0,0,0,0,0,0,0,0,1,1,0,0,0,0,0,1,0,2,0,0,0,0,0,0,0,0,0,0,1,0,0,0,0,0,0,1,0,1,0,0,0,0,0,1,0,0,0,0,0,1,0,0,2,1,1,1,16,3.2,0,1,2,1,1,17,3.4,19dbddedf07994e2, outer,5320,8,1489962772.0, no, outer,3,8, 30s, 4, yes, 4, 4, 4, 5, 3, 3, yes
gamec56f9000fa31320b.log,2,0,0,1,0,0,0,0,0,0,0,0,0,0,0,0,1,0,1,0,0,1,1,0,0,0,0,0,0,1,0,0,0,0,1,0,0,0,1,0,0,0,0,0,0,0,0,0,2,0,0,2,1,2,0,0,10,2.0,0,0,3,2,0,17,3.4,ca0922b34e670338, outer,9897,19,1492593175.0, no, outer,1,13, 40s, 4, yes, 3, 4, 2, 3, 3, 3, yes
gamec57782ea53934bc0.log,19,0,0,1,0,0,0,0,0,0,0,0,0,0,1,0,1,1,0,0,0,1,0,0,0,0,0,0,0,0,0,1,0,1,1,0,1,0,0,0,0,0,1,0,0,0,0,0,0,0,0,2,1,1,1,0,11,2.2,2,1,1,1,0,11,2.2,d2f1c88c0be4a19b, intentional,3957,16,1490128236.0, no, intentional,4,13, 30s, 4, yes, 3, 4, 1, 2, 2, 2, yes
gamec58f8e164283ee20.log,2,1,0,0,0,0,0,0,0,0,0,0,0,1,0,0,1,0,0,0,0,0,0,1,1,0,1,0,0,0,0,0,0,0,0,1,1,0,0,0,0,0,1,0,1,0,0,0,0,0,0,2,0,2,1,0,12,2.4,2,1,0,1,1,13,2.6,2119fe68a204e42a, full,5325,20,1490322782.0, no, outer,2,4, 20s, 4, yes, 4, 4, 4, 3, 2, 4, yes
gamec5a3f1aed100c513.log,17,0,0,0,0,0,0,0,0,1,0,0,0,0,1,0,0,1,1,0,0,0,0,0,1,0,1,0,0,0,1,0,0,0,1,0,0,1,0,0,0,0,0,0,0,0,1,0,0,0,0,0,1,1,3,0,17,3.4,2,1,0,1,1,13,2.6,ca0922b34e670338, full,9521,17,1491931150.0, no, outer,1,13, 40s, 4, yes, 3, 4, 2, 3, 3, 3, yes
gamec6143c3e6290189f.log,2,0,0,0,1,0,0,1,0,0,0,1,0,1,0,0,0,0,0,0,0,0,0,0,0,1,0,0,0,0,0,0,1,1,0,0,0,1,0,0,0,0,0,0,1,0,0,0,0,1,0,1,1,1,1,1,15,3.0,0,2,1,2,0,15,3.0,19dbddedf07994e2, full,3816,9,1489828884.0, no, outer,3,8, 30s, 4, yes, 4, 4, 4, 5, 3, 3, yes
gamec6171dffe921ce33.log,3,0,0,0,0,0,0,0,0,0,0,0,1,0,0,0,0,0,0,0,1,2,0,0,1,0,1,0,1,1,0,0,1,0,0,0,0,0,0,0,0,0,0,0,0,0,0,0,1,0,0,2,1,0,1,1,13,2.6,1,1,2,1,0,13,2.6,1b17ab93ed1184b4, outer,5010,6,1491680679.0, no, full,3,8, 40s, 4, yes, 2, 2, 1, 4, 4, 3, yes
gamec690a8d6a355086d.log,15,0,0,0,0,0,0,0,0,1,0,1,0,1,1,0,1,0,0,0,0,0,0,0,0,0,1,0,0,0,0,0,0,0,0,0,0,0,0,0,0,0,1,1,0,1,0,0,0,0,1,2,0,1,2,0,13,2.6,1,1,1,0,2,16,3.2,19dbddedf07994e2, outer,7421,1,1490136194.0, no, outer,3,8, 30s, 4, yes, 4, 4, 4, 5, 3, 3, yes
gamec69ca5735e407d0a.log,16,0,0,0,0,0,0,0,0,0,0,1,0,0,0,0,1,0,1,0,0,1,0,0,0,1,0,1,0,0,0,0,0,0,1,0,0,0,0,2,0,0,0,0,0,0,0,1,0,0,0,3,0,1,0,1,11,2.2,0,2,0,3,0,16,3.2,4884f857be239a22, full,8333,11,1489700173.0, no, full,1,18, 20s, 1, no, 1, , 1, 3, 4, 5, yes
gamec6c71f72dcedb6c5.log,4,0,0,0,0,1,1,0,0,0,0,0,0,0,1,1,0,0,0,0,0,0,1,0,0,0,0,0,0,1,0,0,1,0,1,0,0,0,0,0,0,0,0,0,0,0,0,1,1,0,0,1,1,0,1,2,17,3.4,0,2,1,2,0,15,3.0,19dbddedf07994e2, outer,6335,2,1490311014.0, no, outer,3,8, 30s, 4, yes, 4, 4, 4, 5, 3, 3, yes
gamec700b127da6eac82.log,13,0,0,0,0,0,1,0,0,0,0,0,0,0,0,0,2,0,0,0,0,0,1,0,1,0,0,1,0,0,0,0,1,0,0,0,0,1,0,0,0,0,0,1,1,0,0,0,0,0,0,3,1,0,1,0,9,1.8,0,3,1,1,0,13,2.6,19dbddedf07994e2, intentional,9521,19,1489793866.0, no, outer,3,8, 30s, 4, yes, 4, 4, 4, 5, 3, 3, yes
gamec73aa0743c520e06.log,1,0,0,1,0,0,0,0,1,1,0,0,0,0,0,0,0,1,1,0,0,0,0,0,0,0,0,0,0,0,0,1,0,0,0,1,0,0,0,1,0,0,0,0,0,0,0,0,2,0,0,0,1,3,1,0,15,3.0,1,0,2,1,1,16,3.2,f58284d424b04728, outer,4438,9,1491257438.0, no, full,2,4, 20s, 4, yes, 3, 4, 1, 2, 1, 1, yes
gamec76362172f85fc54.log,18,2,0,0,0,0,0,0,0,0,0,0,0,0,0,0,1,0,1,0,0,0,0,1,0,0,0,0,0,0,0,0,0,0,0,0,1,1,0,0,1,0,0,0,0,1,0,0,0,0,1,3,0,2,0,0,9,1.8,1,1,0,0,3,18,3.6,19dbddedf07994e2, intentional,1,6,1490132935.0, no, outer,3,8, 30s, 4, yes, 4, 4, 4, 5, 3, 3, yes
gamec774dd5750cae83c.log,8,1,0,1,0,0,0,0,0,0,1,0,0,0,0,0,0,1,0,0,0,0,0,0,1,0,0,1,0,0,0,0,1,0,0,0,0,0,0,0,0,0,0,0,0,1,0,0,1,0,1,1,1,1,1,1,15,3.0,0,2,1,0,2,17,3.4,f10ef47e05746467, full,2686,11,1490320648.0, no, outer,5,9, 30s, 4, yes, 4, 4, 3, 4, 3, 4, yes
gamec77abcb0b30661f3.log,20,0,0,1,0,0,0,0,0,0,0,0,0,0,0,1,0,0,1,1,0,1,0,0,0,0,0,0,0,0,0,0,0,0,0,1,0,0,1,0,0,2,0,0,0,0,0,0,0,0,1,1,0,2,1,1,16,3.2,2,0,1,0,2,15,3.0,19dbddedf07994e2, outer,6692,9,1489922830.0, no, outer,3,8, 30s, 4, yes, 4, 4, 4, 5, 3, 3, yes
gamec7916d715f1ea528.log,15,0,0,0,0,0,0,0,0,1,0,0,1,0,0,0,0,1,1,0,0,1,0,0,0,0,1,0,0,0,0,0,1,1,1,0,0,0,0,0,0,0,0,0,0,0,1,0,0,0,0,1,2,1,1,0,12,2.4,2,1,1,1,0,11,2.2,1d3487df6761d44e, outer,4,16,1490308672.0, yes, outer,4,16, 20s, 4, yes, 3, 4, 2, 2, 1, 2, yes
gamec7bc744f612d03cb.log,18,0,1,0,1,1,0,0,0,0,0,1,0,0,0,0,0,0,0,0,1,0,0,0,0,0,0,0,1,0,0,1,1,0,0,0,0,0,0,0,0,0,0,0,0,0,0,1,0,1,0,1,1,0,1,2,17,3.4,1,2,1,1,0,12,2.4,46e8a5186d238bc1, full,34,14,1490370970.0, no, full,4,12, 20s, 4, yes, 2, 4, 2, 3, 4, 4, yes
gamec7bc75dc6a539e43.log,14,1,0,1,0,0,0,0,0,0,1,0,0,0,0,0,1,0,0,0,1,0,0,0,0,0,0,0,0,0,1,0,1,0,0,0,0,0,0,0,1,1,0,0,1,0,0,0,0,0,0,2,0,1,0,2,15,3.0,1,1,0,1,2,17,3.4,ca0922b34e670338, intentional,8857,17,1491933728.0, no, outer,1,13, 40s, 4, yes, 3, 4, 2, 3, 3, 3, yes
gamec7e65147e4daa3fb.log,16,0,0,0,0,0,0,0,0,0,0,0,2,0,0,0,0,0,0,2,0,1,0,0,0,0,0,0,1,1,0,0,0,0,1,0,0,0,0,1,0,1,0,0,0,0,0,0,0,0,0,1,2,0,2,0,13,2.6,1,0,1,3,0,16,3.2,ca0922b34e670338, full,4249,13,1491759637.0, no, outer,1,13, 40s, 4, yes, 3, 4, 2, 3, 3, 3, yes
gamec7fabda12507a08d.log,13,0,1,0,1,1,1,0,0,0,0,1,0,0,0,0,0,0,0,0,0,0,0,0,0,0,0,0,0,0,0,0,1,0,0,0,0,1,1,0,0,1,0,0,0,0,0,0,0,1,0,2,1,0,1,1,13,2.6,1,2,1,1,0,12,2.4,ca0922b34e670338, full,4713,17,1492711504.0, no, outer,1,13, 40s, 4, yes, 3, 4, 2, 3, 3, 3, yes
gamec7fd1106ac157641.log,6,0,0,0,0,0,0,0,0,0,0,0,0,0,1,0,0,1,2,0,0,0,0,0,1,0,1,0,0,1,0,1,1,0,1,0,0,0,0,0,0,0,0,0,0,0,0,0,0,0,0,0,1,2,2,0,16,3.2,2,1,0,2,0,12,2.4,19dbddedf07994e2, full,8364,5,1490290552.0, no, outer,3,8, 30s, 4, yes, 4, 4, 4, 5, 3, 3, yes
gamec80c9e018608a167.log,16,1,1,0,0,0,0,0,0,0,0,1,0,0,0,0,0,1,0,1,0,0,0,0,0,0,0,0,0,1,0,0,1,0,0,0,0,0,0,1,1,0,0,0,0,0,0,0,1,0,0,2,2,0,1,0,10,2.0,0,1,1,2,1,18,3.6,19dbddedf07994e2, outer,852,15,1489918670.0, no, outer,3,8, 30s, 4, yes, 4, 4, 4, 5, 3, 3, yes
gamec847a4d59226ce7b.log,13,0,0,0,0,0,0,0,0,0,0,0,0,0,1,0,3,0,0,0,0,0,0,1,0,0,0,0,0,0,0,0,0,0,0,0,0,1,0,1,1,0,0,1,0,0,0,0,0,1,0,3,0,1,1,0,10,2.0,0,1,1,2,1,18,3.6,80b582ddeb40b2ce, full,2906,8,1490323320.0, no, intentional,1,18, 20s, 4, yes, 3, 4, 3, 2, 1, 1, yes
gamec89906a9715ae9d6.log,11,0,0,1,0,0,0,0,0,0,0,1,0,0,0,0,0,0,1,0,0,1,0,0,1,0,0,1,1,1,0,0,0,1,0,0,0,0,0,0,0,0,0,0,0,0,0,0,1,0,0,2,0,2,1,0,12,2.4,0,1,3,1,0,15,3.0,ca0922b34e670338, intentional,4017,18,1491906202.0, no, outer,1,13, 40s, 4, yes, 3, 4, 2, 3, 3, 3, yes
gamec8ccd8b108422510.log,16,0,0,1,0,0,0,1,0,0,0,2,0,0,0,0,0,0,0,0,0,0,0,0,1,0,1,0,0,1,0,1,0,1,0,0,0,1,0,0,0,0,0,0,0,0,0,0,0,0,0,2,1,1,1,0,11,2.2,2,1,1,1,0,11,2.2,90c7b3288d046c3a, full,3850,7,1492729952.0, no, outer,1,5, 20s, 3, no, 1, 1, 1, 3, 3, 4, yes
gamec8eb771931792770.log,17,0,0,1,0,0,0,0,0,0,0,0,0,0,0,0,1,0,0,1,0,1,1,0,0,0,0,0,0,0,0,0,1,0,1,1,0,0,0,1,0,0,0,0,0,0,0,0,0,0,1,2,1,1,1,0,11,2.2,0,1,0,2,2,20,4.0,cc9f58c126cc648e, full,3575,11,1490064380.0, no, outer,4,13, 50s, 4, yes, 3, 4, 2, 3, 3, 3, yes
gamec961d254bb780f2b.log,16,1,0,0,0,0,0,1,0,0,0,1,0,0,1,0,1,0,0,0,0,0,0,0,0,0,1,1,0,0,0,0,0,1,0,0,0,0,0,0,0,0,0,0,0,0,2,0,0,0,0,3,1,0,1,0,9,1.8,3,1,1,0,0,8,1.6,ca0922b34e670338, intentional,8642,18,1491944139.0, no, outer,1,13, 40s, 4, yes, 3, 4, 2, 3, 3, 3, yes
gamec96279543d3a0503.log,9,1,0,0,0,0,1,0,0,1,0,0,0,0,0,0,1,0,0,0,0,0,1,0,0,0,0,0,0,0,0,0,1,0,0,0,1,0,0,1,0,0,0,1,0,0,1,0,0,0,0,3,1,0,1,0,9,1.8,2,1,1,1,0,11,2.2,19dbddedf07994e2, intentional,5669,8,1490733301.0, no, outer,3,8, 30s, 4, yes, 4, 4, 4, 5, 3, 3, yes
gamec992b2dd4791283c.log,23,0,0,0,0,1,0,0,0,0,0,0,1,0,1,0,0,0,1,0,0,0,1,0,0,0,0,1,0,0,0,1,0,0,0,0,0,0,0,1,0,0,0,0,0,0,1,0,1,0,0,0,2,1,1,1,16,3.2,2,1,1,1,0,11,2.2,ca0922b34e670338, intentional,8060,20,1491770935.0, no, outer,1,13, 40s, 4, yes, 3, 4, 2, 3, 3, 3, yes
gamec9f31a5812f9f4c7.log,11,0,0,0,0,0,0,0,0,0,0,0,1,0,1,0,0,1,0,1,0,0,0,1,0,0,0,0,1,0,1,0,0,0,0,0,0,0,0,0,0,0,0,0,0,1,2,0,0,0,0,0,2,1,2,0,15,3.0,2,0,1,0,2,15,3.0,19dbddedf07994e2, outer,121,6,1489828571.0, no, outer,3,8, 30s, 4, yes, 4, 4, 4, 5, 3, 3, yes
gameca3ba8def88d03ca.log,9,0,0,1,0,0,1,0,0,0,1,0,1,0,0,0,0,0,1,0,0,0,0,0,0,0,0,0,0,0,0,1,0,2,0,0,0,0,0,0,0,0,0,0,0,0,2,0,0,0,0,1,1,2,0,1,14,2.8,3,0,2,0,0,9,1.8,4dacd064a3248f0e, outer,3712,0,1490324064.0, no, full,5,18, , , , , , , , , , yes
gameca3fb3d138c17e38.log,12,1,0,0,0,0,0,1,0,0,0,0,0,0,0,0,0,0,1,0,1,0,0,0,0,1,0,0,1,1,0,0,0,0,1,0,0,0,0,0,0,0,1,0,0,0,0,1,0,0,0,1,1,1,0,2,16,3.2,0,2,1,2,0,15,3.0,ca0922b34e670338, full,7465,20,1492586411.0, no, outer,1,13, 40s, 4, yes, 3, 4, 2, 3, 3, 3, yes
gameca53ab646bbab103.log,13,0,0,0,1,0,1,0,0,0,1,0,0,0,1,0,0,0,0,0,0,0,1,0,0,0,1,0,0,0,0,0,0,1,0,0,0,1,0,0,0,0,0,0,1,0,0,0,1,0,0,1,1,0,2,1,16,3.2,1,1,2,1,0,13,2.6,ca0922b34e670338, intentional,9928,15,1491926689.0, no, outer,1,13, 40s, 4, yes, 3, 4, 2, 3, 3, 3, yes
gameca7efa39443ea6e3.log,17,1,0,0,1,0,0,0,0,0,0,1,0,0,0,0,0,0,0,0,0,1,0,0,0,1,1,0,0,0,0,0,1,0,1,1,0,0,0,0,1,0,0,0,0,0,0,0,0,0,0,3,0,0,1,1,12,2.4,1,1,0,1,2,17,3.4,6ccededecee01838, outer,4454,8,1490074304.0, no, intentional,2,18, , , , , , , , , , yes
gameca8e8040e4d517b0.log,3,0,0,0,0,1,0,0,0,0,0,0,0,0,2,0,2,0,0,0,0,0,0,0,0,0,0,0,0,0,0,0,0,0,0,1,1,0,0,0,0,0,0,1,0,0,2,0,0,0,0,2,0,0,2,1,15,3.0,3,0,1,0,1,11,2.2,19dbddedf07994e2, outer,5453,1,1489922537.0, no, outer,3,8, 30s, 4, yes, 4, 4, 4, 5, 3, 3, yes
gameca9358509f503597.log,14,1,0,1,0,1,0,0,0,0,1,0,0,0,0,0,0,0,0,0,0,0,0,0,1,0,0,0,0,0,0,0,1,1,1,0,0,0,0,0,0,0,0,0,0,0,1,0,1,0,0,1,0,1,1,2,18,3.6,1,1,2,1,0,13,2.6,19dbddedf07994e2, outer,8958,2,1489920542.0, no, outer,3,8, 30s, 4, yes, 4, 4, 4, 5, 3, 3, yes
gamecad8210873fed8b1.log,17,0,0,1,0,0,1,0,0,0,0,1,0,0,0,0,0,0,0,0,0,0,0,1,1,0,0,0,0,0,0,0,0,1,0,0,0,0,1,0,1,0,0,0,1,0,0,0,0,1,0,2,0,2,1,0,12,2.4,0,0,2,2,1,19,3.8,ca0922b34e670338, intentional,560,17,1491886659.0, no, outer,1,13, 40s, 4, yes, 3, 4, 2, 3, 3, 3, yes
gamecaefd571caee59ef.log,9,0,2,0,0,0,0,0,0,0,0,0,0,0,0,0,1,0,0,0,0,1,0,0,1,0,0,0,0,0,0,0,0,0,0,0,1,1,2,0,0,0,0,0,1,0,0,0,0,0,0,2,2,0,1,0,10,2.0,1,1,2,1,0,13,2.6,2119fe68a204e42a, full,9482,17,1490308161.0, no, outer,2,4, 20s, 4, yes, 4, 4, 4, 3, 2, 4, yes
gamecb77a326011e56fc.log,11,0,0,0,1,0,0,0,1,0,0,0,0,0,0,0,0,0,0,0,1,0,0,1,0,1,1,0,0,0,0,0,0,0,0,0,0,0,0,0,0,1,0,1,0,0,1,1,0,0,0,0,0,2,1,2,20,4.0,3,1,1,0,0,8,1.6,5fac4eb85b807c41, intentional,5,13,1490364561.0, yes, intentional,5,13, 20s, 4, yes, 2, 4, 1, 3, 2, 5, yes
gamecbc46a45d07ab90d.log,14,1,0,0,0,0,0,0,0,0,1,1,0,0,0,0,0,0,0,1,0,0,0,0,0,1,0,0,1,1,1,0,0,0,0,0,0,0,0,0,0,1,1,0,0,0,0,0,0,0,0,2,0,0,1,2,16,3.2,1,1,1,1,1,15,3.0,80b582ddeb40b2ce, intentional,1026,14,1490320945.0, no, intentional,1,18, 20s, 4, yes, 3, 4, 3, 2, 1, 1, yes
gamecbfce620ef92d715.log,13,0,0,1,0,0,0,0,1,0,0,0,0,0,0,0,1,0,0,1,0,1,0,0,0,0,0,0,0,0,0,1,0,0,0,0,0,0,0,0,0,1,0,0,0,0,1,0,1,0,1,2,0,2,1,0,12,2.4,3,0,1,0,1,11,2.2,da1b2cc86155f95b, full,8323,3,1490177005.0, no, intentional,4,16, 30s, 4, yes, 4, 3, 1, 4, 3, 2, yes
gamecc257929f797b01f.log,20,0,1,0,0,0,1,0,0,0,0,0,0,1,0,0,1,1,0,0,0,0,0,0,0,0,0,0,0,0,0,0,1,0,0,0,2,1,0,0,0,0,0,0,0,0,0,1,0,0,0,2,2,1,0,0,9,1.8,2,3,0,0,0,8,1.6,b2855bce0b5908c6, full,4256,11,1490320329.0, no, intentional,3,16, 30s, 4, yes, 3, 4, 3, 4, 3, 4, yes
gamecc3144c4be5c1fc0.log,7,0,0,0,0,0,1,0,0,0,0,0,0,0,1,0,1,0,0,0,0,1,1,0,0,0,1,0,0,0,1,1,0,0,0,0,0,1,0,0,0,0,0,0,1,0,0,0,0,0,0,3,1,0,1,0,9,1.8,2,1,0,1,1,13,2.6,a9dac7f44bb4198f, outer,9709,6,1490322601.0, no, outer,4,8, , , , , , , , , , yes
gameccb187c2fe55022d.log,14,0,1,2,0,0,0,0,0,1,0,0,0,0,1,0,0,0,0,0,0,0,0,0,0,0,0,0,0,0,0,1,0,0,0,0,0,0,1,1,0,1,0,1,0,0,0,0,0,0,0,0,1,2,2,0,16,3.2,2,0,2,1,0,12,2.4,7a483b4fbdf50717, intentional,9196,12,1490315664.0, no, outer,4,16, 30s, 4, yes, 2, 2, 1, 4, 3, 2, yes
gameccfa9eb848fe16ac.log,18,0,0,0,1,0,0,0,0,1,0,0,0,0,0,0,0,0,1,0,0,0,0,0,1,1,0,0,0,0,0,0,2,0,0,0,1,0,0,0,0,0,0,0,0,0,0,1,1,0,0,0,0,1,3,1,20,4.0,1,3,1,0,0,10,2.0,19dbddedf07994e2, full,393,8,1489920176.0, no, outer,3,8, 30s, 4, yes, 4, 4, 4, 5, 3, 3, yes
gamecd3c934c1fb8b001.log,4,0,1,1,0,0,1,0,1,0,0,1,0,0,0,0,0,0,0,0,0,0,0,0,0,0,0,0,0,0,0,0,0,0,0,0,1,0,0,0,0,1,1,0,0,1,0,0,1,0,0,2,1,2,0,0,10,2.0,2,1,1,0,1,12,2.4,cc9f58c126cc648e, full,4250,8,1490064126.0, no, outer,4,13, 50s, 4, yes, 3, 4, 2, 3, 3, 3, yes
gamecd47bb800b6196cd.log,16,1,1,0,0,0,1,0,0,0,0,0,0,0,1,0,0,0,0,0,0,0,1,0,0,0,0,0,0,0,1,0,0,1,0,0,0,1,0,0,0,0,0,0,0,1,1,0,0,0,0,2,2,0,1,0,10,2.0,1,1,1,0,2,16,3.2,2d784fe60bc13843, outer,5093,4,1490327087.0, no, intentional,4,12, 30s, 4, yes, 1, 1, 1, 3, 2, 4, yes
gamecd56a3ecc889fc79.log,9,0,0,0,0,0,0,1,0,0,0,1,0,0,0,0,0,0,1,0,0,1,0,1,0,0,0,0,1,1,0,0,1,0,0,0,0,0,0,0,0,0,0,0,1,0,0,0,0,0,1,2,1,2,0,0,10,2.0,0,1,1,2,1,18,3.6,e55525e0b2004294, full,8580,8,1490335559.0, no, intentional,5,19, 20s, 4, yes, 4, 4, 4, 3, 3, 3, yes
gamecd818912c2c01838.log,22,0,0,0,0,0,1,0,0,0,0,1,2,0,1,0,0,0,0,0,0,0,0,0,0,0,0,1,0,0,0,0,0,0,0,0,0,0,0,1,0,1,1,0,0,0,0,0,1,0,0,2,2,0,1,0,10,2.0,1,2,1,1,0,12,2.4,90c7b3288d046c3a, full,7370,6,1492732164.0, no, outer,1,5, 20s, 3, no, 1, 1, 1, 3, 3, 4, yes
gamecdac297e35e643e4.log,14,0,0,0,0,0,0,1,0,0,0,0,0,1,0,0,0,0,1,0,0,1,1,0,0,0,0,0,1,0,0,0,0,0,0,0,0,2,0,0,0,0,1,0,1,0,0,0,0,0,0,1,2,2,0,0,11,2.2,0,3,1,1,0,13,2.6,7007a1f9c84cefe6, full,8912,11,1490311782.0, no, outer,3,11, 40s, 4, yes, 3, 4, 1, 3, 2, 2, yes
gamecdb04aea39f66b7a.log,20,0,1,0,0,0,1,0,0,0,0,0,1,0,1,0,0,0,0,0,0,1,0,0,0,0,0,0,1,0,0,0,0,0,0,0,1,0,0,0,0,2,0,0,0,0,0,1,0,0,0,2,2,0,1,0,10,2.0,3,1,1,0,0,8,1.6,19dbddedf07994e2, full,9726,9,1489795859.0, no, outer,3,8, 30s, 4, yes, 4, 4, 4, 5, 3, 3, yes
gamecddfa97c3dac1991.log,12,1,1,0,0,0,0,0,0,0,0,1,0,0,0,0,0,0,0,1,0,0,0,0,1,0,0,0,0,1,0,0,1,0,0,0,0,0,0,1,0,0,0,0,0,0,0,1,1,0,0,2,1,0,2,0,12,2.4,0,2,1,2,0,15,3.0,19dbddedf07994e2, intentional,3734,15,1489794159.0, no, outer,3,8, 30s, 4, yes, 4, 4, 4, 5, 3, 3, yes
gamece02ae2bac6faf79.log,9,0,0,0,0,1,1,0,0,0,0,0,0,0,0,0,1,0,1,0,0,0,1,0,0,0,1,0,0,0,0,0,0,0,1,0,1,0,0,0,1,0,0,0,1,0,0,0,0,0,0,2,1,1,0,1,12,2.4,2,0,0,2,1,15,3.0,ca0922b34e670338, outer,6773,11,1492721877.0, no, outer,1,13, 40s, 4, yes, 3, 4, 2, 3, 3, 3, yes
gamece0cb77e945b6063.log,14,0,0,1,0,0,0,0,0,1,1,0,0,0,1,0,1,0,0,0,0,0,0,0,0,0,1,0,0,1,0,0,0,0,0,0,0,0,0,0,0,0,0,0,0,0,1,0,2,0,0,1,0,1,2,1,17,3.4,2,0,2,1,0,12,2.4,19dbddedf07994e2, outer,8232,6,1489964900.0, no, outer,3,8, 30s, 4, yes, 4, 4, 4, 5, 3, 3, yes
gamece0f682d8941089b.log,16,0,0,0,0,0,1,0,0,0,0,0,1,0,0,0,1,0,0,0,0,0,0,1,0,1,0,1,1,0,0,1,0,0,0,0,1,0,0,0,0,0,0,0,0,0,1,0,0,0,0,2,1,1,0,1,12,2.4,3,1,1,0,0,8,1.6,ca0922b34e670338, intentional,9812,18,1492587214.0, no, outer,1,13, 40s, 4, yes, 3, 4, 2, 3, 3, 3, yes
gamece36e493c42daf75.log,20,1,0,0,0,0,1,0,0,1,0,0,1,0,0,0,0,0,0,0,0,0,1,0,0,0,0,0,1,1,1,0,0,0,1,0,0,0,0,0,0,0,0,0,0,0,1,0,0,0,0,2,2,0,1,0,10,2.0,1,0,1,2,1,17,3.4,19dbddedf07994e2, full,6655,8,1490732840.0, no, outer,3,8, 30s, 4, yes, 4, 4, 4, 5, 3, 3, yes
gamece7628a5bcffdc19.log,16,1,0,0,0,0,1,1,0,0,0,0,0,0,0,0,0,0,0,1,1,0,0,0,0,0,1,0,0,0,0,2,0,0,0,0,0,0,1,0,0,0,0,0,0,0,0,0,0,0,1,2,1,0,1,1,13,2.6,3,0,1,0,1,11,2.2,46d350a033c35853, outer,7270,7,1490025751.0, no, full,3,17, 40s, 3, no, 2, 4, 2, 5, 4, 5, yes
gamecec78b874e6c84a4.log,3,0,0,0,1,0,0,1,1,0,0,0,1,0,0,1,0,0,0,0,0,0,0,0,0,0,2,1,0,0,0,0,1,0,0,0,0,0,0,0,0,0,0,0,0,0,0,0,1,0,0,0,2,1,1,1,16,3.2,2,2,1,0,0,9,1.8,ca0922b34e670338, intentional,9909,17,1491855433.0, no, outer,1,13, 40s, 4, yes, 3, 4, 2, 3, 3, 3, yes
gamecf0b79bfa3b78ec1.log,5,0,1,0,0,0,0,1,0,2,0,0,0,0,1,0,0,0,0,0,0,0,0,0,0,0,0,0,0,0,0,1,0,0,0,1,0,0,0,0,1,1,0,0,0,0,0,0,0,0,1,0,2,0,3,0,16,3.2,2,0,0,0,3,17,3.4,1b17ab93ed1184b4, intentional,2813,15,1491702550.0, no, full,3,8, 40s, 4, yes, 2, 2, 1, 4, 4, 3, yes
gamecf57ea1e934c15db.log,10,0,0,0,0,0,0,1,1,0,0,0,0,0,0,0,0,1,0,0,1,1,0,0,0,0,0,0,0,1,0,1,0,0,0,0,1,0,0,0,0,0,0,0,1,0,1,0,0,0,0,1,2,1,0,1,13,2.6,3,0,0,2,0,11,2.2,19dbddedf07994e2, full,2151,19,1489918479.0, no, outer,3,8, 30s, 4, yes, 4, 4, 4, 5, 3, 3, yes
gamecf5da4921dfe4397.log,8,0,0,0,1,0,0,0,0,0,0,0,0,1,0,0,1,0,1,0,0,0,0,0,1,0,1,0,0,0,0,0,0,0,0,0,0,1,0,1,0,0,0,0,0,0,0,1,0,0,1,1,0,2,2,0,15,3.0,1,2,0,1,1,14,2.8,19dbddedf07994e2, outer,4592,3,1489740081.0, no, outer,3,8, 30s, 4, yes, 4, 4, 4, 5, 3, 3, yes
gamecfd5b16a07a4aaae.log,16,0,0,0,0,0,1,0,0,0,0,0,1,0,1,0,1,0,0,0,1,0,0,0,0,0,0,0,1,0,0,0,0,0,1,0,0,0,2,0,0,0,0,0,0,0,1,0,0,0,0,2,1,0,1,1,13,2.6,1,0,3,1,0,14,2.8,ae75dd4c2c8dc843, full,7404,8,1489699724.0, no, full,1,1, 50s, 3, no, 1, 1, 1, 4, 3, 4, yes
gamed00251c301b68cf4.log,6,0,0,0,0,0,1,1,0,0,0,0,0,0,0,0,1,0,0,1,0,0,1,0,0,0,1,0,0,0,0,0,0,0,0,0,1,0,1,0,0,0,0,0,0,1,0,0,0,1,0,2,2,0,1,0,10,2.0,2,0,1,1,1,14,2.8,ca0922b34e670338, outer,951,6,1491941868.0, no, outer,1,13, 40s, 4, yes, 3, 4, 2, 3, 3, 3, yes
gamed0031b05f77dabe5.log,4,0,0,0,0,0,0,0,0,1,1,0,0,0,0,0,0,0,1,0,0,1,0,1,0,0,0,1,1,0,0,1,1,0,0,0,0,0,0,0,0,1,0,0,0,0,0,0,0,0,0,1,0,2,1,1,16,3.2,2,2,1,0,0,9,1.8,cac4664e95e21547, intentional,6760,18,1490057076.0, no, full,2,19, 20s, 3, yes, 2, 3, 2, 4, 4, 4, yes
gamed08e3219a643a29d.log,5,0,0,0,0,0,1,0,1,0,0,0,0,1,2,0,0,0,0,0,0,0,0,0,0,0,0,0,0,0,0,0,0,0,0,0,0,1,0,0,1,1,0,0,1,1,0,0,0,0,0,1,0,2,2,0,15,3.0,1,1,0,1,2,17,3.4,ca0922b34e670338, outer,5642,2,1492587853.0, no, outer,1,13, 40s, 4, yes, 3, 4, 2, 3, 3, 3, yes
gamed09751f74f809825.log,8,0,1,0,0,0,0,0,0,0,0,1,0,1,0,0,1,0,0,0,0,1,0,0,0,0,0,0,1,0,0,0,0,0,0,0,1,0,0,1,0,0,0,0,2,0,0,0,0,0,0,3,1,1,0,0,8,1.6,1,0,1,3,0,16,3.2,b0241aa48c88bd1b, outer,8633,11,1490430144.0, no, full,3,11, 20s, 4, yes, 3, 3, 3, 3, 1, 1, yes
gamed0a3f58c6f0da3ad.log,16,0,0,0,1,0,0,1,0,1,0,1,0,0,0,1,0,0,0,0,0,0,0,0,0,0,0,1,0,0,0,0,0,0,0,0,1,0,0,1,0,0,0,0,0,0,1,0,0,1,0,1,1,0,2,1,16,3.2,2,1,0,2,0,12,2.4,1593ac699e340f60, intentional,2,16,1490327361.0, yes, intentional,2,16, 30s, 4, yes, 1, 1, 1, 2, 2, 2, yes
gamed0b0d7cb9b31a56d.log,5,0,2,0,0,0,0,0,0,0,1,0,0,0,0,1,0,0,0,0,0,0,0,0,0,1,0,0,1,0,0,1,0,0,1,0,0,1,0,0,0,0,1,0,0,0,0,0,0,0,0,0,2,0,0,3,19,3.8,1,2,1,1,0,12,2.4,ca0922b34e670338, outer,6381,6,1491846145.0, no, outer,1,13, 40s, 4, yes, 3, 4, 2, 3, 3, 3, yes
gamed0bd9df159d3ce5a.log,17,0,0,0,0,0,0,0,0,0,1,0,1,0,0,1,1,0,0,0,0,0,1,0,0,0,0,0,0,0,0,0,0,0,1,0,1,0,0,0,0,0,0,2,1,0,0,0,0,0,0,1,2,0,0,2,15,3.0,1,0,2,2,0,15,3.0,19dbddedf07994e2, full,9448,5,1489964927.0, no, outer,3,8, 30s, 4, yes, 4, 4, 4, 5, 3, 3, yes
gamed0df6f60b6418c15.log,16,0,0,1,1,0,0,0,1,0,0,0,0,0,0,0,0,1,0,0,0,0,0,1,0,0,2,0,0,0,0,0,1,0,0,0,0,0,0,0,0,1,0,0,0,0,0,0,1,0,0,0,1,3,1,0,15,3.0,3,1,1,0,0,8,1.6,ecf029ec946c0efa, intentional,1,14,1490651301.0, yes, intentional,1,14, 20s, 4, yes, 2, 2, 2, 2, 2, 2, yes
gamed0e6eb9d7a79cff4.log,20,0,0,1,0,0,0,0,0,1,0,0,0,0,0,0,0,1,0,0,0,0,0,1,1,0,0,0,0,0,0,1,0,0,1,0,0,0,0,1,0,0,0,0,0,0,1,0,0,1,0,0,1,2,2,0,16,3.2,2,0,0,3,0,14,2.8,5f60b9ee05cf73cc, full,4914,20,1490314375.0, no, full,2,18, 20s, 4, yes, 3, 3, 1, 4, 4, 4, yes
gamed0ed0ee8050ee244.log,15,0,1,0,0,0,0,0,0,0,0,2,0,0,0,0,0,1,1,0,0,0,0,0,0,0,0,0,0,1,0,1,0,0,0,1,0,1,0,0,0,1,0,0,0,0,0,0,0,0,0,2,2,1,0,0,9,1.8,2,1,0,1,1,13,2.6,1b17ab93ed1184b4, outer,2952,5,1491689461.0, no, full,3,8, 40s, 4, yes, 2, 2, 1, 4, 4, 3, yes
gamed0f1ee33d400700b.log,9,0,0,0,0,0,1,0,0,1,0,1,0,1,0,0,0,0,0,0,0,0,0,1,0,0,1,0,1,1,0,0,0,0,0,0,0,1,0,0,0,0,1,0,0,0,0,0,0,0,0,2,0,2,1,0,12,2.4,1,2,1,1,0,12,2.4,80b582ddeb40b2ce, outer,5357,7,1490322627.0, no, intentional,1,18, 20s, 4, yes, 3, 4, 3, 2, 1, 1, yes
gamed0f46122da5c8f77.log,3,0,1,0,0,0,1,0,0,0,0,0,0,0,0,0,0,1,0,0,0,0,2,0,0,0,1,0,0,0,0,0,0,1,1,0,0,0,0,0,0,0,0,0,1,0,1,0,0,0,0,1,4,0,0,0,9,1.8,2,0,1,2,0,13,2.6,ca0922b34e670338, outer,5020,12,1491936040.0, no, outer,1,13, 40s, 4, yes, 3, 4, 2, 3, 3, 3, yes
gamed0f6cc327d7fd4bf.log,18,1,0,0,0,0,0,0,1,0,0,0,1,1,1,0,0,0,0,0,0,0,0,0,0,0,0,1,0,0,0,1,0,0,0,0,0,0,1,0,0,0,0,1,0,0,0,0,0,1,0,1,1,2,1,0,13,2.6,1,1,2,1,0,13,2.6,225448dc520d9fde, full,8369,20,1490140444.0, no, outer,5,13, 30s, 4, yes, 4, 4, 3, 2, 2, 2, yes
gamed16fd04c7117adcc.log,18,0,1,0,0,0,0,0,0,0,0,1,0,0,0,0,1,0,0,0,0,0,1,0,1,0,0,0,0,0,0,1,1,0,0,0,0,0,0,0,0,0,0,0,1,0,0,0,1,0,1,2,2,0,1,0,10,2.0,1,1,1,1,1,15,3.0,ca0922b34e670338, intentional,9290,13,1491905717.0, no, outer,1,13, 40s, 4, yes, 3, 4, 2, 3, 3, 3, yes
gamed197cca0f60bc86c.log,9,1,0,0,0,0,1,0,0,1,0,1,0,0,0,0,1,0,0,0,0,0,0,0,0,0,0,0,0,1,0,0,0,0,0,0,0,2,0,1,1,0,0,0,0,0,0,0,0,0,0,4,0,0,1,0,8,1.6,0,2,0,2,1,17,3.4,80b582ddeb40b2ce, full,6062,16,1490318250.0, no, intentional,1,18, 20s, 4, yes, 3, 4, 3, 2, 1, 1, yes
gamed226332022892c6a.log,19,1,0,0,0,0,0,0,0,0,0,1,0,1,0,0,0,0,0,0,0,0,1,1,0,0,0,0,0,0,0,0,0,2,1,0,0,0,0,1,0,0,0,1,0,0,0,0,0,0,0,2,1,2,0,0,10,2.0,0,0,3,2,0,17,3.4,fbadf6e2726d706f, outer,3295,18,1490309035.0, no, outer,2,16, 30s, 4, yes, 3, 4, 3, 3, 3, 2, yes
gamed23008ed9fef3ec2.log,5,0,1,0,1,0,0,0,0,0,0,0,1,0,0,0,0,0,0,0,0,1,0,0,0,1,0,1,0,0,0,0,1,0,0,0,1,0,0,0,0,1,0,0,0,0,0,1,0,0,0,1,2,0,1,1,14,2.8,2,3,0,0,0,8,1.6,ca0922b34e670338, intentional,9624,17,1492726997.0, no, outer,1,13, 40s, 4, yes, 3, 4, 2, 3, 3, 3, yes
gamed237599d96643c7c.log,21,0,0,0,0,0,0,0,0,0,1,1,0,0,0,0,1,1,0,0,0,0,0,0,1,0,0,0,0,0,0,1,0,0,0,0,0,2,0,0,0,0,0,0,1,0,0,1,0,0,0,2,1,0,1,1,13,2.6,1,3,0,1,0,11,2.2,2119fe68a204e42a, full,9841,17,1490322203.0, no, outer,2,4, 20s, 4, yes, 4, 4, 4, 3, 2, 4, yes
gamed260fc3e75a907c2.log,14,0,0,1,0,0,1,0,0,0,0,1,0,0,0,0,0,1,0,0,0,0,1,0,0,0,1,0,0,0,0,0,0,0,0,0,1,0,0,0,0,0,0,0,0,0,0,0,2,1,0,2,2,1,0,0,9,1.8,2,0,2,1,0,12,2.4,f87d30729e499d72, full,72,20,1491409875.0, no, full,2,9, 30s, 3, yes, 1, 1, 1, 4, 3, 4, yes
gamed2cf5b218f57615e.log,18,0,0,1,0,0,0,0,0,0,0,0,1,0,1,0,0,0,0,0,0,1,0,0,0,1,1,1,0,0,0,0,1,0,0,0,0,0,0,0,0,0,0,0,1,0,0,0,0,1,0,1,1,1,1,1,15,3.0,1,2,0,2,0,13,2.6,95d41a301cf5e2b3, outer,7710,3,1490314094.0, no, intentional,1,17, 30s, 4, yes, 3, 4, 1, 3, 2, 2, yes
gamed2d78b82d084bfd4.log,13,0,0,0,0,0,0,1,0,0,0,0,0,0,0,0,0,0,1,0,0,1,0,1,1,0,0,0,0,1,0,1,0,0,0,0,1,1,0,0,0,0,0,1,0,0,0,0,0,0,0,1,1,2,1,0,13,2.6,2,1,1,1,0,11,2.2,ca0922b34e670338, intentional,8264,18,1491877053.0, no, outer,1,13, 40s, 4, yes, 3, 4, 2, 3, 3, 3, yes
gamed2fab622034c95df.log,14,1,0,0,0,0,0,0,0,1,0,0,0,0,1,0,0,1,0,0,0,1,0,0,0,0,0,0,0,0,0,1,1,1,0,0,0,0,0,0,0,0,0,0,1,0,0,1,0,0,0,2,1,0,2,0,12,2.4,1,2,1,1,0,12,2.4,ca0922b34e670338, outer,6983,14,1492593793.0, no, outer,1,13, 40s, 4, yes, 3, 4, 2, 3, 3, 3, yes
gamed2fef7bd9014005e.log,5,0,1,0,0,0,1,0,1,0,0,0,0,0,1,0,0,0,1,0,0,0,0,0,0,0,1,0,0,1,0,0,0,0,0,0,0,0,0,0,1,0,0,0,0,0,1,0,1,0,0,1,1,2,1,0,13,2.6,2,0,1,1,1,14,2.8,ca0922b34e670338, outer,1978,9,1491770688.0, no, outer,1,13, 40s, 4, yes, 3, 4, 2, 3, 3, 3, yes
gamed36864ab6b7f13c6.log,17,0,0,0,0,0,0,1,0,0,0,1,0,1,1,0,1,0,0,0,0,0,0,0,0,0,0,0,1,0,1,0,0,0,0,0,0,1,0,0,0,0,1,0,0,0,0,0,1,0,0,2,1,1,1,0,11,2.2,0,2,2,0,1,15,3.0,f6b5b2832db6574a, outer,4,20,1490303545.0, yes, outer,4,20, 20s, 4, yes, 4, 3, 4, 3, 2, 1, yes
gamed368bcc3aac6f4b2.log,19,0,0,0,0,0,0,1,0,0,0,0,0,0,0,0,1,0,0,0,0,1,1,0,0,1,0,0,2,0,1,0,0,0,0,0,0,0,0,1,0,0,0,1,0,0,0,0,0,0,0,2,2,0,0,1,11,2.2,0,0,3,1,1,18,3.6,e3f99bfa4535678e, outer,9349,7,1490343700.0, no, outer,5,4, 20s, 4, yes, 2, 4, 1, 2, 2, 3, yes
gamed377c5398815b78a.log,4,1,0,0,0,0,2,0,0,0,0,0,1,0,0,1,0,0,0,0,0,0,0,0,0,0,0,0,1,0,0,0,0,0,0,0,0,0,0,0,0,1,0,0,1,0,0,0,1,0,1,3,1,0,0,1,10,2.0,1,0,2,1,1,16,3.2,53d46d46c9ef0e14, intentional,4,13,1490324231.0, yes, intentional,4,13, 20s, 4, yes, 2, 1, 1, 3, 2, 1, yes
gamed396c34f3ae7ca71.log,18,0,0,0,0,0,1,1,0,1,0,0,1,0,0,0,0,0,1,0,0,0,0,0,0,0,1,0,0,0,0,0,0,0,0,0,1,0,0,0,0,0,0,1,1,1,0,0,0,0,0,1,2,1,1,0,12,2.4,2,0,1,1,1,14,2.8,e55525e0b2004294, outer,4949,17,1490338004.0, no, intentional,5,19, 20s, 4, yes, 4, 4, 4, 3, 3, 3, yes
gamed3aa57a3d8f5b66b.log,15,0,0,1,0,0,0,1,0,0,0,0,0,0,0,0,0,1,2,0,0,0,0,0,0,0,0,0,0,0,0,1,0,0,0,0,0,1,0,1,1,1,0,0,0,0,0,0,0,0,0,0,2,3,0,0,13,2.6,2,1,0,1,1,13,2.6,19dbddedf07994e2, full,3053,13,1490722468.0, no, outer,3,8, 30s, 4, yes, 4, 4, 4, 5, 3, 3, yes
gamed3c3a6096db8b347.log,17,0,0,0,0,0,0,0,1,0,0,0,0,0,1,0,0,0,0,1,0,0,1,0,1,0,1,0,1,0,0,0,0,0,1,0,0,0,0,0,0,1,0,0,0,0,1,0,0,0,0,0,1,1,3,0,17,3.4,3,0,1,1,0,10,2.0,19dbddedf07994e2, outer,5986,3,1490135158.0, no, outer,3,8, 30s, 4, yes, 4, 4, 4, 5, 3, 3, yes
gamed3d7d87d67b85c73.log,12,1,0,0,0,0,0,1,0,0,0,1,0,0,1,0,1,0,0,0,0,0,0,0,0,0,1,1,0,0,0,0,0,1,0,0,0,0,0,0,0,0,0,0,0,0,2,0,0,0,0,3,1,0,1,0,9,1.8,3,1,1,0,0,8,1.6,19dbddedf07994e2, intentional,1471,15,1490730171.0, no, outer,3,8, 30s, 4, yes, 4, 4, 4, 5, 3, 3, yes
gamed407cb1a957d5936.log,19,0,1,0,0,0,0,0,0,1,0,1,0,0,1,0,0,0,0,0,0,0,0,0,0,1,0,0,0,0,0,1,0,0,0,1,0,1,0,0,0,0,1,0,0,0,0,0,1,0,0,1,1,0,2,1,16,3.2,1,2,1,0,1,13,2.6,19dbddedf07994e2, full,2715,7,1490290915.0, no, outer,3,8, 30s, 4, yes, 4, 4, 4, 5, 3, 3, yes
gamed40d625c5288d582.log,17,1,1,0,0,0,0,0,0,0,0,0,0,0,0,0,1,0,0,0,0,0,0,0,1,1,0,0,0,0,0,0,1,0,1,0,0,0,1,0,0,1,0,0,1,0,0,0,0,0,0,2,1,0,1,1,13,2.6,1,1,1,2,0,14,2.8,befac2ddbf9df4dd, outer,5891,2,1490321057.0, no, full,1,19, 50s, 3, yes, 1, 1, 1, 4, 4, 5, yes
gamed41aaad10c948226.log,18,0,0,0,0,0,0,1,1,0,0,1,0,0,1,1,0,0,0,0,0,0,0,0,0,0,2,0,1,0,0,0,1,0,0,0,0,0,0,0,0,0,0,0,0,0,0,0,0,1,0,1,1,1,1,1,15,3.0,2,1,1,1,0,11,2.2,19dbddedf07994e2, full,9612,19,1489736180.0, no, outer,3,8, 30s, 4, yes, 4, 4, 4, 5, 3, 3, yes
gamed425f363668feb59.log,14,1,0,0,0,0,0,0,0,1,0,0,0,0,1,0,0,0,0,1,0,0,0,0,1,0,0,0,1,0,0,1,0,0,1,1,0,0,0,0,0,0,0,1,0,0,0,0,0,0,0,1,0,0,4,0,17,3.4,1,0,2,1,1,16,3.2,ca0922b34e670338, outer,5924,10,1492589217.0, no, outer,1,13, 40s, 4, yes, 3, 4, 2, 3, 3, 3, yes
gamed432cd2972325f7c.log,5,1,0,0,1,0,0,0,0,0,0,0,0,0,1,0,0,1,0,0,0,0,0,0,1,0,1,0,0,0,0,1,0,0,0,0,0,1,0,0,1,0,0,0,0,0,1,0,0,0,0,1,1,0,3,0,15,3.0,3,1,0,0,1,10,2.0,a9dac7f44bb4198f, outer,8713,13,1490322390.0, no, outer,4,8, , , , , , , , , , yes
gamed46212d8c0794236.log,15,0,0,0,0,0,0,0,0,0,0,1,1,1,1,0,1,0,0,0,0,0,0,0,0,0,0,0,0,1,0,0,1,1,0,0,0,0,0,0,1,0,0,0,0,0,1,0,0,0,0,2,1,1,1,0,11,2.2,1,1,1,1,1,15,3.0,19dbddedf07994e2, outer,6641,2,1490730241.0, no, outer,3,8, 30s, 4, yes, 4, 4, 4, 5, 3, 3, yes
gamed46a32e1fd870daf.log,20,0,0,0,0,0,0,0,1,1,0,0,0,1,0,0,0,1,1,0,0,0,0,0,0,0,1,0,0,1,0,1,0,0,0,0,1,0,0,0,0,0,0,0,1,0,0,0,0,0,0,0,1,3,1,0,15,3.0,3,0,0,2,0,11,2.2,ca0922b34e670338, outer,8021,4,1491796589.0, no, outer,1,13, 40s, 4, yes, 3, 4, 2, 3, 3, 3, yes
gamed49a879699977b6b.log,11,0,0,0,1,0,0,0,0,0,0,0,0,0,0,0,0,0,1,1,1,1,0,0,0,0,0,0,0,0,1,1,1,0,0,0,0,0,0,0,0,0,1,0,1,0,0,0,0,0,0,1,0,1,2,1,17,3.4,1,2,0,1,1,14,2.8,19dbddedf07994e2, full,348,20,1489828733.0, no, outer,3,8, 30s, 4, yes, 4, 4, 4, 5, 3, 3, yes
gamed4a1a5232c0f3979.log,8,0,0,0,0,0,0,0,1,0,0,0,1,0,0,1,0,0,1,0,1,0,0,0,0,0,0,0,1,0,0,0,0,0,0,0,1,0,0,1,0,1,0,0,0,0,1,0,0,0,0,0,1,2,0,2,18,3.6,3,0,1,1,0,10,2.0,82dbaca2150b72ac, outer,3,5,1490133229.0, yes, outer,3,5, 20s, 4, yes, 4, 4, 4, 3, 2, 4, yes
gamed4fed2adba815d1d.log,12,0,0,0,0,1,0,1,0,1,0,0,0,0,0,0,0,1,0,0,0,0,1,0,0,0,0,1,0,1,0,0,0,0,0,0,1,0,0,0,1,0,0,0,0,0,1,0,0,0,0,0,3,0,1,1,15,3.0,2,1,0,1,1,13,2.6,ca0922b34e670338, outer,1822,7,1492595845.0, no, outer,1,13, 40s, 4, yes, 3, 4, 2, 3, 3, 3, yes
gamed51b76d5b3d6a3fa.log,6,0,0,0,0,0,0,0,1,0,0,1,1,0,0,0,0,0,0,1,0,0,1,0,0,0,1,0,1,0,1,0,0,0,0,0,0,0,0,0,0,0,0,1,0,1,0,0,0,0,0,1,2,1,1,0,12,2.4,1,0,2,0,2,17,3.4,2d784fe60bc13843, full,169,7,1490327338.0, no, intentional,4,12, 30s, 4, yes, 1, 1, 1, 3, 2, 4, yes
gamed53a278f9d480c6e.log,18,1,0,0,0,0,0,0,0,0,1,0,0,1,0,0,0,0,0,0,1,0,0,1,0,0,1,1,0,0,0,0,0,0,1,0,1,0,0,0,0,0,0,0,0,0,0,1,0,0,0,1,0,2,0,2,17,3.4,2,2,0,1,0,10,2.0,9b19bf2e8fb8e2f1, outer,719,18,1490319367.0, no, outer,2,12, 30s, 4, yes, 3, 3, 2, 4, 4, 4, yes
gamed55139c574ec2bff.log,11,0,0,0,1,0,0,0,1,0,0,0,1,1,0,0,0,0,0,0,0,0,0,0,1,0,1,0,0,0,1,0,1,0,0,0,1,0,0,0,1,0,0,0,0,0,0,0,0,0,0,0,1,2,2,0,16,3.2,2,1,0,0,2,14,2.8,e3f99bfa4535678e, full,7236,4,1490343238.0, no, outer,5,4, 20s, 4, yes, 2, 4, 1, 2, 2, 3, yes
gamed569aa9d4c6d945b.log,13,0,0,0,0,0,0,0,1,0,0,1,0,0,0,0,0,1,1,0,0,0,1,0,0,0,0,1,0,1,0,1,0,0,0,0,0,0,0,0,0,0,0,0,0,0,1,0,1,0,0,1,2,2,0,0,11,2.2,2,1,1,1,0,11,2.2,33ba844cbb15fecd, full,4419,6,1493051845.0, no, full,3,5, 20s, 3, no, 1, 1, 1, 4, 3, 4, yes
gamed592db75127e8bd9.log,18,1,0,0,1,0,0,0,0,0,0,0,1,0,0,0,1,0,0,0,0,1,0,0,0,0,0,0,0,0,0,1,0,0,0,0,2,0,0,0,0,1,1,0,0,0,0,0,0,0,0,3,1,0,1,0,9,1.8,4,1,0,0,0,6,1.2,2af874d749a75ec8, full,1701,10,1490309332.0, no, outer,3,5, 20s, 4, yes, 1, 1, 1, 3, 2, 2, yes
gamed6624ee0087cdcca.log,9,1,0,0,0,0,0,1,0,0,0,1,0,0,0,0,0,1,1,0,0,0,0,0,0,0,0,0,0,1,0,1,1,1,1,0,0,0,0,0,0,0,0,0,0,0,0,0,0,0,0,2,2,1,0,0,9,1.8,1,1,1,2,0,14,2.8,19dbddedf07994e2, intentional,1334,7,1490733741.0, no, outer,3,8, 30s, 4, yes, 4, 4, 4, 5, 3, 3, yes
gamed6638d205cc50519.log,17,0,0,0,0,0,0,0,0,0,0,2,0,0,1,0,1,0,0,1,0,0,0,0,0,0,0,0,0,0,0,0,0,0,0,0,0,0,1,0,0,0,1,1,0,0,0,1,0,1,0,3,0,0,2,0,11,2.2,0,2,2,1,0,14,2.8,19dbddedf07994e2, full,9442,18,1489921495.0, no, outer,3,8, 30s, 4, yes, 4, 4, 4, 5, 3, 3, yes
gamed6b6033d1f2d79c2.log,13,1,0,0,0,0,0,0,0,1,0,0,0,1,0,0,2,0,0,0,0,0,0,0,0,0,0,0,0,0,0,0,1,1,0,0,0,1,0,1,0,0,0,0,0,0,1,0,0,0,0,3,0,1,1,0,10,2.0,1,2,1,1,0,12,2.4,0313454f0e513527, full,8090,21,1490325728.0, no, outer,2,7, , , , , , , 3, 2, 4, yes
gamed6be5213bd65298e.log,22,1,0,0,0,0,0,1,0,0,0,0,0,0,0,0,0,0,0,0,0,1,1,1,0,0,0,0,1,0,0,0,0,0,0,0,0,1,1,1,0,0,1,0,0,0,0,0,0,0,0,2,2,1,0,0,9,1.8,0,2,2,1,0,14,2.8,19dbddedf07994e2, full,4850,6,1489830345.0, no, outer,3,8, 30s, 4, yes, 4, 4, 4, 5, 3, 3, yes
gamed6eb9fdde9212111.log,9,0,0,0,0,0,0,0,0,0,0,1,0,0,0,0,0,1,0,1,0,1,0,1,0,0,0,1,0,0,0,1,0,0,0,0,0,0,0,0,0,0,0,0,1,0,0,0,0,2,0,2,1,1,1,0,11,2.2,1,1,0,3,0,15,3.0,ca0922b34e670338, full,3719,6,1492709566.0, no, outer,1,13, 40s, 4, yes, 3, 4, 2, 3, 3, 3, yes
gamed7306b4f17baf3fe.log,11,0,0,1,1,0,0,0,0,0,0,0,0,0,0,0,0,0,0,0,0,0,1,0,1,1,0,1,0,0,1,0,0,0,0,0,1,0,0,0,0,0,1,1,0,0,0,0,0,0,0,0,1,1,2,1,18,3.6,1,2,1,0,1,13,2.6,19dbddedf07994e2, full,9630,18,1489704717.0, no, outer,3,8, 30s, 4, yes, 4, 4, 4, 5, 3, 3, yes
gamed7a4df345c695944.log,10,0,1,0,0,0,1,0,1,0,0,1,0,0,0,0,1,0,0,0,0,0,0,0,0,0,1,0,0,0,0,0,0,0,2,0,0,0,0,0,0,0,0,1,0,0,0,0,0,1,0,3,1,1,0,0,8,1.6,1,0,1,3,0,16,3.2,19dbddedf07994e2, outer,9816,4,1489917799.0, no, outer,3,8, 30s, 4, yes, 4, 4, 4, 5, 3, 3, yes
gamed7f1e8c085e395e0.log,3,0,0,0,0,0,0,0,2,1,0,0,0,0,0,0,1,0,0,0,0,1,0,0,0,0,0,0,0,0,0,0,1,0,0,0,1,0,0,0,0,0,0,1,1,1,0,0,0,0,0,2,0,2,1,0,12,2.4,1,1,1,1,1,15,3.0,19dbddedf07994e2, outer,7618,6,1489964373.0, no, outer,3,8, 30s, 4, yes, 4, 4, 4, 5, 3, 3, yes
gamed81aa016bf077ec6.log,20,0,0,0,0,0,1,0,0,0,0,0,0,0,1,0,0,0,0,0,0,1,0,1,1,0,0,0,0,0,0,0,0,0,1,0,1,0,1,0,0,1,0,0,1,0,0,0,0,0,0,2,0,1,2,0,13,2.6,2,0,1,2,0,13,2.6,ca0922b34e670338, full,821,14,1491944755.0, no, outer,1,13, 40s, 4, yes, 3, 4, 2, 3, 3, 3, yes
gamed820857bf77274c2.log,20,0,0,0,0,1,0,0,1,0,1,0,0,0,0,0,0,0,1,0,0,0,0,0,1,0,0,0,0,0,0,0,0,0,0,0,1,1,1,0,0,0,1,0,0,0,0,1,0,0,0,0,0,2,1,2,20,4.0,1,3,1,0,0,10,2.0,4dacd064a3248f0e, outer,7572,11,1490324241.0, no, full,5,18, , , , , , , , , , yes
gamed896d5885ccb6a8c.log,12,0,0,0,0,0,0,0,0,0,0,0,1,0,1,0,1,0,0,1,0,0,0,1,0,0,0,0,1,0,0,0,1,0,0,0,0,1,0,0,1,0,0,1,0,0,0,0,0,0,0,1,1,1,2,0,14,2.8,0,2,2,0,1,15,3.0,4e23b5c2b01c6e8c, full,2489,7,1490789492.0, no, intentional,4,18, 50s, 3, yes, 3, 4, 1, 4, 4, 4, yes
gamed8ed4199dcf68742.log,14,0,0,0,0,0,0,0,0,0,0,1,0,1,1,0,1,0,0,0,0,1,0,0,0,0,0,1,1,0,0,0,0,0,0,0,0,0,0,0,0,0,0,0,1,0,0,1,0,1,0,3,0,1,1,0,10,2.0,0,2,1,2,0,15,3.0,ca0922b34e670338, intentional,5696,17,1492591324.0, no, outer,1,13, 40s, 4, yes, 3, 4, 2, 3, 3, 3, yes
gamed8f3abd2ec925893.log,4,0,0,0,0,0,0,0,0,0,0,2,1,0,0,0,0,0,0,1,1,0,0,0,0,0,1,0,0,0,0,0,0,0,0,1,0,0,0,0,0,0,1,0,0,0,1,0,0,1,0,2,1,0,1,1,13,2.6,2,1,0,1,1,13,2.6,ca0922b34e670338, intentional,9439,14,1491942500.0, no, outer,1,13, 40s, 4, yes, 3, 4, 2, 3, 3, 3, yes
gamed90d73cc25bb9c7e.log,17,0,0,0,1,0,0,0,2,0,0,1,0,0,0,0,0,0,0,0,0,0,1,0,0,0,0,0,1,0,0,0,0,0,0,0,0,0,0,0,0,0,0,1,1,0,2,0,0,0,0,1,1,2,1,0,13,2.6,2,0,2,1,0,12,2.4,2af874d749a75ec8, intentional,1952,19,1490308653.0, no, outer,3,5, 20s, 4, yes, 1, 1, 1, 3, 2, 2, yes
gamed922219b9adf8154.log,15,1,1,0,0,0,1,0,0,0,0,1,0,0,0,0,0,0,1,0,0,0,0,0,0,0,0,0,0,0,0,1,1,1,0,0,0,0,0,0,0,0,0,0,0,0,1,0,0,1,0,3,1,1,0,0,8,1.6,2,1,1,1,0,11,2.2,2119fe68a204e42a, intentional,8651,14,1490321981.0, no, outer,2,4, 20s, 4, yes, 4, 4, 4, 3, 2, 4, yes
gamed951dfa071cdbf8c.log,16,1,0,1,1,0,0,0,0,0,0,1,0,0,0,0,0,0,0,0,0,1,0,0,0,0,0,0,0,0,0,0,1,0,0,0,1,1,0,0,0,0,0,0,0,0,0,0,1,1,0,3,0,1,1,0,10,2.0,1,2,1,1,0,12,2.4,ab363adc4024ff3c, outer,8920,17,1490349598.0, no, full,1,8, , , , , , , , , , yes
gamed98ed62792c536f9.log,13,0,0,0,0,0,0,0,0,2,0,0,0,0,0,1,0,1,0,0,0,0,1,0,0,0,1,0,0,0,0,0,0,1,0,0,1,0,0,0,0,0,0,0,1,0,1,0,0,0,0,0,2,0,2,1,17,3.4,3,0,1,1,0,10,2.0,92859eb517ad4608, outer,4581,11,1489882471.0, no, outer,3,8, 20s, 4, yes, 3, 4, 2, 4, 2, 2, yes
gamed9efd426e4291012.log,10,0,0,0,0,0,0,0,0,0,0,1,0,0,0,1,0,1,1,0,0,0,0,0,1,0,0,0,1,0,0,0,1,0,0,0,1,0,0,1,0,0,0,1,0,0,0,0,0,0,0,1,1,1,1,1,15,3.0,1,1,2,1,0,13,2.6,19dbddedf07994e2, full,1711,7,1489793677.0, no, outer,3,8, 30s, 4, yes, 4, 4, 4, 5, 3, 3, yes
gamed9f176124dee2926.log,16,1,0,0,0,0,0,1,0,0,0,0,0,0,0,1,0,0,0,1,0,0,1,0,0,0,0,0,0,0,0,1,0,1,0,0,0,0,0,0,0,1,0,1,0,0,0,0,1,0,0,1,2,0,1,1,14,2.8,2,0,3,0,0,11,2.2,19dbddedf07994e2, intentional,9216,6,1490726410.0, no, outer,3,8, 30s, 4, yes, 4, 4, 4, 5, 3, 3, yes
gameda116cc9b419872f.log,5,0,0,0,0,0,1,0,0,0,0,0,0,0,1,0,0,1,0,0,0,1,0,0,1,0,0,0,1,0,1,0,1,0,0,0,1,0,0,0,0,0,0,0,1,0,0,0,0,0,0,2,1,0,2,0,12,2.4,1,1,1,1,1,15,3.0,c03bd0cac4c60891, outer,4799,15,1492710446.0, no, intentional,3,16, , 3, no, 1, 1, 2, 5, 3, 4, yes
gameda59ee5c450019ce.log,5,0,0,0,1,0,1,0,1,1,0,1,0,0,0,0,0,0,0,0,0,0,0,0,0,0,1,2,0,0,0,0,0,0,0,0,0,0,0,0,0,0,0,0,0,0,1,0,0,1,0,2,0,1,2,0,13,2.6,2,2,0,1,0,10,2.0,614a406f6ac4d07d, outer,7649,7,1490300316.0, no, outer,4,10, 20s, 4, yes, 4, 4, 4, 2, 1, 1, yes
gameda6ee7d1960cf9b6.log,20,0,1,0,0,1,1,0,0,0,0,0,0,0,1,0,0,0,0,0,0,0,0,1,0,0,0,1,1,1,0,0,0,0,0,1,0,0,0,0,0,0,0,0,0,0,0,1,0,0,0,1,1,1,1,1,15,3.0,0,2,1,1,1,16,3.2,ca0922b34e670338, outer,1950,20,1492561632.0, no, outer,1,13, 40s, 4, yes, 3, 4, 2, 3, 3, 3, yes
gameda9af2606a6edd04.log,14,0,0,1,0,0,0,0,0,0,0,0,1,0,0,0,1,1,0,0,0,0,0,0,1,0,1,0,0,1,0,0,0,0,1,0,1,0,0,0,0,0,0,0,0,0,0,0,0,1,0,1,2,1,1,0,12,2.4,2,0,0,3,0,14,2.8,ca0922b34e670338, intentional,7945,4,1492558928.0, no, outer,1,13, 40s, 4, yes, 3, 4, 2, 3, 3, 3, yes
gamedaa84a29184ad897.log,20,0,0,0,0,0,1,0,0,1,0,0,0,0,0,0,0,1,1,0,0,1,0,0,0,0,0,0,0,0,1,0,1,0,0,0,1,1,0,0,0,1,0,0,0,0,0,0,0,0,0,2,1,1,1,0,11,2.2,2,2,0,0,1,11,2.2,ca0922b34e670338, intentional,4600,15,1491926903.0, no, outer,1,13, 40s, 4, yes, 3, 4, 2, 3, 3, 3, yes
gamedab810c61d27704c.log,16,1,0,0,1,0,0,1,0,0,0,0,0,0,0,0,0,0,0,0,1,0,0,0,1,0,0,1,0,0,0,0,0,0,0,0,0,0,0,1,0,1,0,1,0,0,0,0,1,0,0,1,1,0,2,1,16,3.2,1,1,2,1,0,13,2.6,19dbddedf07994e2, outer,5582,4,1490730508.0, no, outer,3,8, 30s, 4, yes, 4, 4, 4, 5, 3, 3, yes
gamedaf529449137692f.log,8,0,0,0,0,0,0,1,0,0,0,0,0,0,1,0,0,0,0,2,0,0,0,1,0,0,0,1,0,0,0,0,0,0,1,0,1,0,0,0,0,0,0,1,0,0,0,0,1,0,0,0,1,1,3,0,17,3.4,1,1,2,1,0,13,2.6,7007a1f9c84cefe6, full,5395,5,1490312203.0, no, outer,3,11, 40s, 4, yes, 3, 4, 1, 3, 2, 2, yes
gamedb16ef8140c3c4f2.log,14,0,1,0,1,0,0,0,0,0,0,0,0,0,0,0,0,0,0,0,0,1,2,0,0,0,0,0,1,1,1,0,0,0,0,1,0,0,0,0,0,0,0,0,0,0,0,0,1,0,0,1,3,0,1,0,11,2.2,0,0,2,1,2,20,4.0,d4510538caae1b43, intentional,2,21,1490816977.0, yes, intentional,2,21, 30s, 4, yes, 4, 4, 3, 4, 2, 2, yes
gamedb2925c73d3e0611.log,6,1,0,0,1,0,0,0,0,0,0,0,0,0,0,0,0,0,0,1,0,1,0,0,1,0,0,1,1,0,1,0,0,0,0,0,0,0,1,1,0,0,0,0,0,0,0,0,0,0,0,2,0,0,3,0,14,2.8,0,1,2,1,1,17,3.4,19dbddedf07994e2, full,8052,5,1490311357.0, no, outer,3,8, 30s, 4, yes, 4, 4, 4, 5, 3, 3, yes
gamedb299d8e560efdb9.log,21,1,0,0,0,0,0,0,1,0,0,1,0,1,0,0,0,0,0,0,0,0,0,0,0,1,0,1,0,0,1,0,0,0,0,0,0,0,0,0,0,1,0,1,0,0,0,0,0,1,0,2,0,2,0,1,13,2.6,1,1,1,1,1,15,3.0,d2f1c88c0be4a19b, intentional,6506,13,1490126345.0, no, intentional,4,13, 30s, 4, yes, 3, 4, 1, 2, 2, 2, yes
gamedb97ba72c77b9f62.log,12,0,1,0,0,0,0,0,0,0,0,0,0,2,0,0,1,0,0,1,0,0,0,0,0,0,1,0,0,0,0,1,0,0,1,0,0,1,0,0,1,0,0,0,0,0,0,0,0,0,0,1,1,2,1,0,13,2.6,2,1,0,1,1,13,2.6,ca0922b34e670338, outer,6892,5,1491940067.0, no, outer,1,13, 40s, 4, yes, 3, 4, 2, 3, 3, 3, yes
gamedbadf8f736012117.log,10,0,0,1,1,0,0,0,0,0,0,0,0,0,0,0,0,2,0,0,0,1,0,0,0,0,1,0,0,0,0,0,1,1,0,0,0,0,0,0,0,1,0,0,0,0,0,0,0,1,0,1,2,1,1,0,12,2.4,2,1,1,1,0,11,2.2,da1b2cc86155f95b, full,1029,10,1490177297.0, no, intentional,4,16, 30s, 4, yes, 4, 3, 1, 4, 3, 2, yes
gamedbf35def06d497c2.log,6,1,0,0,0,0,0,0,0,0,0,0,0,0,0,0,1,0,0,0,0,0,2,0,1,0,0,0,0,0,0,0,0,1,1,0,0,0,0,0,0,1,0,0,0,0,1,0,0,0,1,2,2,0,1,0,10,2.0,2,0,1,1,1,14,2.8,ca0922b34e670338, intentional,7269,16,1491847309.0, no, outer,1,13, 40s, 4, yes, 3, 4, 2, 3, 3, 3, yes
gamedc86c5a64df084c3.log,11,0,1,0,1,0,1,1,0,0,0,0,0,1,0,0,0,0,0,0,0,0,0,0,0,0,0,0,1,0,0,0,0,0,0,0,0,0,0,1,0,0,0,0,1,0,0,0,2,0,0,1,2,1,1,0,12,2.4,0,0,3,2,0,17,3.4,ca0922b34e670338, full,1128,2,1491933245.0, no, outer,1,13, 40s, 4, yes, 3, 4, 2, 3, 3, 3, yes
gamedc998f3976374b04.log,16,0,1,0,0,0,0,0,0,1,1,0,0,0,0,0,0,1,0,0,0,0,0,0,0,1,1,0,1,0,0,0,0,0,0,0,0,1,0,0,0,0,0,1,0,0,0,1,0,0,0,0,2,0,1,2,18,3.6,1,2,2,0,0,11,2.2,ca0922b34e670338, outer,6021,17,1492715861.0, no, outer,1,13, 40s, 4, yes, 3, 4, 2, 3, 3, 3, yes
gamedce2e6ccb45a6df4.log,16,1,0,1,1,0,1,0,0,0,0,0,0,1,0,0,0,0,0,0,0,0,0,0,0,0,0,0,0,0,0,1,0,0,0,0,2,0,0,0,0,1,0,0,1,0,0,0,0,0,0,2,0,2,1,0,12,2.4,4,0,0,1,0,8,1.6,19dbddedf07994e2, outer,6830,0,1489963025.0, no, outer,3,8, 30s, 4, yes, 4, 4, 4, 5, 3, 3, yes
gamedd0fcffd13d718ea.log,18,0,0,0,0,0,0,0,0,0,0,1,0,1,0,0,1,0,0,0,0,1,1,0,0,0,1,0,0,0,0,1,0,0,0,0,1,0,0,0,1,0,1,0,0,0,0,0,0,0,0,3,1,1,0,0,8,1.6,3,1,0,0,1,10,2.0,1b17ab93ed1184b4, full,6398,7,1491678877.0, no, full,3,8, 40s, 4, yes, 2, 2, 1, 4, 4, 3, yes
gamedd4f908a5d9d2115.log,23,1,0,0,0,0,0,0,0,0,0,1,0,0,1,0,0,0,0,1,0,0,0,1,0,0,1,0,0,0,0,0,0,0,0,1,0,1,1,0,0,0,0,0,1,0,0,0,0,0,0,2,0,1,2,0,13,2.6,1,1,1,1,1,15,3.0,e55525e0b2004294, full,2265,21,1490341465.0, no, intentional,5,19, 20s, 4, yes, 4, 4, 4, 3, 3, 3, yes
gamedd5bec5d3641e4cf.log,16,0,0,1,0,1,1,0,1,0,0,0,1,0,0,0,0,0,0,0,0,0,0,0,0,0,0,0,0,0,0,1,1,0,0,0,1,0,1,0,0,0,0,0,0,0,0,0,0,1,0,1,1,2,0,1,14,2.8,2,1,1,1,0,11,2.2,ca0922b34e670338, outer,4941,9,1491763685.0, no, outer,1,13, 40s, 4, yes, 3, 4, 2, 3, 3, 3, yes
gamedd6ec3854e1aab87.log,14,1,0,0,0,0,0,0,1,0,0,1,0,0,0,0,1,0,0,1,0,0,0,0,0,0,1,0,0,1,0,0,1,1,0,0,1,0,0,0,0,0,0,0,0,0,0,0,0,0,0,3,0,1,1,0,10,2.0,2,1,1,1,0,11,2.2,19dbddedf07994e2, outer,8341,2,1489965545.0, no, outer,3,8, 30s, 4, yes, 4, 4, 4, 5, 3, 3, yes
gamedd7ea4bee00f933f.log,10,0,0,0,0,0,0,0,1,1,0,0,0,1,1,0,0,0,1,0,0,0,0,0,0,0,0,0,2,1,0,0,0,0,0,0,0,0,0,0,0,0,0,0,0,0,0,1,0,0,1,0,0,3,2,0,17,3.4,0,1,2,1,1,17,3.4,ca0922b34e670338, full,5772,18,1491766116.0, no, outer,1,13, 40s, 4, yes, 3, 4, 2, 3, 3, 3, yes
gameddb2e31e6216f71c.log,8,1,0,0,1,0,1,0,0,0,0,0,0,0,0,0,0,0,0,1,1,0,0,0,0,0,1,1,1,0,0,0,0,0,0,0,0,0,0,0,0,1,1,0,0,0,0,0,0,0,0,2,0,0,2,1,15,3.0,2,2,1,0,0,9,1.8,ca0922b34e670338, outer,100,3,1491796541.0, no, outer,1,13, 40s, 4, yes, 3, 4, 2, 3, 3, 3, yes
gameddfe2a707c703ab0.log,17,0,1,0,0,0,1,0,0,0,0,1,0,0,1,0,0,0,0,0,0,0,0,0,1,0,0,0,0,0,0,0,0,0,0,0,0,1,0,1,0,0,0,0,0,1,1,0,0,1,0,2,1,0,2,0,12,2.4,1,1,0,2,1,16,3.2,3e8f905982a0ce47, outer,7047,9,1490142410.0, no, full,2,11, 40s, 4, yes, 4, 4, 4, 3, 1, 1, yes
gamede69bfcd53759a99.log,19,0,0,0,0,0,1,1,0,0,0,1,0,0,0,0,0,1,0,0,0,0,0,0,0,1,0,1,0,0,0,0,0,0,0,0,0,1,0,1,0,1,0,1,0,0,0,0,0,0,0,2,2,0,0,1,11,2.2,1,2,1,1,0,12,2.4,d4e24792d4c6f7e2, intentional,1,14,1490830610.0, yes, intentional,1,14, 20s, 4, yes, 4, 4, 4, 1, 2, 1, yes
gamede70a2210d893f3c.log,8,1,0,0,0,0,0,0,0,0,1,0,0,0,0,0,1,0,0,0,0,1,0,1,0,0,1,0,0,0,0,1,0,0,0,0,1,0,0,0,0,0,0,0,2,0,0,0,0,0,0,3,0,1,0,1,11,2.2,3,0,0,2,0,11,2.2,19dbddedf07994e2, intentional,3726,15,1489829763.0, no, outer,3,8, 30s, 4, yes, 4, 4, 4, 5, 3, 3, yes
gamede776b423d2bc8bb.log,7,0,0,1,0,1,0,0,0,0,0,0,0,1,0,0,0,1,0,1,0,0,0,0,0,0,0,1,0,1,0,0,0,0,0,0,0,1,0,0,1,0,0,0,0,0,0,0,0,0,1,0,1,2,1,1,17,3.4,0,2,0,1,2,18,3.6,80b582ddeb40b2ce, intentional,4285,17,1490324485.0, no, intentional,1,18, 20s, 4, yes, 3, 4, 3, 2, 1, 1, yes
gamede847b3ed2f462ca.log,18,0,0,1,0,0,0,0,0,0,0,0,1,0,1,0,0,0,0,0,0,1,0,1,0,0,0,1,0,0,1,0,1,1,0,1,0,0,0,0,0,0,0,0,0,0,0,0,0,0,0,1,1,2,1,0,13,2.6,0,2,1,0,2,17,3.4,da1b2cc86155f95b, intentional,4,16,1490176698.0, yes, intentional,4,16, 30s, 4, yes, 4, 3, 1, 4, 3, 2, yes
gamedebc47da86732bbc.log,15,0,1,1,0,0,0,0,0,0,1,0,0,0,0,0,0,0,1,0,0,0,1,0,0,0,0,0,0,0,0,0,1,0,0,0,1,0,0,0,0,0,0,0,0,0,2,0,0,1,0,0,2,2,0,1,15,3.0,3,1,0,1,0,9,1.8,ca0922b34e670338, outer,2509,10,1491931382.0, no, outer,1,13, 40s, 4, yes, 3, 4, 2, 3, 3, 3, yes
gamedec329b617b7dd62.log,6,1,0,0,0,1,1,0,1,1,0,0,0,0,0,0,0,0,0,0,0,0,0,0,0,0,0,0,0,0,0,0,0,0,0,0,0,1,0,0,0,1,0,1,1,0,1,0,0,0,0,2,0,1,1,1,14,2.8,2,1,1,1,0,11,2.2,768862e11a280fd0, outer,1277,8,1490370574.0, no, outer,5,6, , , , , , , , , , yes
gamedeeb8d5be786700a.log,5,0,0,1,0,0,1,0,0,0,0,0,0,0,0,0,0,1,0,0,0,0,0,0,1,1,1,0,0,0,0,0,0,0,0,0,0,0,0,1,0,1,0,0,0,0,1,0,0,1,0,1,1,1,1,1,15,3.0,3,0,0,2,0,11,2.2,ca0922b34e670338, full,4570,17,1491758926.0, no, outer,1,13, 40s, 4, yes, 3, 4, 2, 3, 3, 3, yes
gamedf0124c1539b3905.log,20,0,0,0,0,0,0,0,0,0,0,1,0,1,1,0,0,0,0,0,1,1,0,0,0,0,0,0,0,0,0,0,0,1,0,0,0,1,0,0,0,0,0,1,0,0,0,1,0,0,1,2,0,1,1,1,14,2.8,0,2,2,0,1,15,3.0,ca0922b34e670338, full,7977,22,1491940881.0, no, outer,1,13, 40s, 4, yes, 3, 4, 2, 3, 3, 3, yes
gamedf314dbec430a524.log,22,0,0,0,0,0,0,0,0,0,0,0,0,1,0,0,1,0,1,0,0,0,1,1,0,0,0,1,0,0,1,1,0,0,0,0,1,0,0,0,0,0,1,0,0,0,0,0,0,0,0,1,1,3,0,0,12,2.4,2,2,0,0,1,11,2.2,225448dc520d9fde, outer,1914,2,1490140247.0, no, outer,5,13, 30s, 4, yes, 4, 4, 3, 2, 2, 2, yes
gamedf37731fb7baadd5.log,18,1,0,1,0,0,1,0,0,0,0,0,0,0,0,0,1,0,0,0,0,1,0,0,0,0,0,0,0,0,0,0,0,1,0,0,1,0,0,0,1,0,0,0,2,0,0,0,0,0,0,4,0,1,0,0,7,1.4,1,0,1,2,1,17,3.4,7007a1f9c84cefe6, outer,3372,12,1490310946.0, no, outer,3,11, 40s, 4, yes, 3, 4, 1, 3, 2, 2, yes
gamedf78dc4e98362f50.log,12,0,0,0,0,0,1,1,0,0,0,0,0,0,1,0,0,0,0,0,0,1,1,0,0,0,0,0,1,0,0,0,1,0,0,0,0,0,0,0,0,1,1,0,0,0,0,0,0,1,0,2,2,0,1,0,10,2.0,1,2,1,1,0,12,2.4,ca0922b34e670338, intentional,5155,16,1492558543.0, no, outer,1,13, 40s, 4, yes, 3, 4, 2, 3, 3, 3, yes
gamedfc65e1a86587050.log,17,0,1,0,0,1,0,0,0,0,0,0,0,0,0,0,0,0,0,0,0,0,1,1,1,0,0,0,0,0,0,0,0,0,0,0,0,1,0,1,0,1,0,0,1,0,1,0,0,0,0,0,2,1,1,1,16,3.2,2,1,0,2,0,12,2.4,80b582ddeb40b2ce, outer,7313,8,1490322721.0, no, intentional,1,18, 20s, 4, yes, 3, 4, 3, 2, 1, 1, yes
gamee0346bfd258bfd1d.log,8,0,1,0,1,0,2,0,0,0,0,0,0,0,0,0,0,0,0,0,0,0,1,0,0,0,1,1,1,0,0,0,0,0,1,0,0,0,0,0,0,0,0,0,0,0,0,0,1,0,0,2,2,0,1,0,10,2.0,1,1,2,1,0,13,2.6,1b17ab93ed1184b4, full,9814,18,1491681353.0, no, full,3,8, 40s, 4, yes, 2, 2, 1, 4, 4, 3, yes
gamee0650ac693b79b62.log,19,0,0,0,0,1,0,0,0,0,0,1,0,0,0,0,0,0,0,0,0,2,0,0,1,0,1,0,0,1,0,0,0,0,0,0,0,0,0,2,0,1,0,0,0,0,0,0,0,0,0,3,0,0,1,1,12,2.4,2,0,0,3,0,14,2.8,92859eb517ad4608, full,9851,19,1489877462.0, no, outer,3,8, 20s, 4, yes, 3, 4, 2, 4, 2, 2, yes
gamee0987688c63b7f3f.log,13,0,0,0,0,0,0,0,0,0,0,0,0,1,0,0,0,0,1,0,0,1,1,0,1,0,0,0,0,0,0,0,0,0,0,0,1,0,0,0,0,1,0,1,1,0,0,0,1,0,0,1,1,2,1,0,13,2.6,2,0,2,1,0,12,2.4,86f17ac44dc7e324, outer,6727,14,1490413198.0, no, full,3,9, 20s, 4, yes, 2, 4, 3, 3, 2, 3, yes
gamee0c5b62ac03c2ba9.log,14,2,0,0,0,0,0,0,1,0,0,0,0,0,0,0,0,0,0,0,0,0,0,0,1,1,1,0,0,0,0,0,0,0,1,0,0,0,0,1,0,0,0,1,0,0,0,1,0,0,0,2,0,1,1,1,14,2.8,1,1,1,2,0,14,2.8,ca0922b34e670338, full,415,19,1491786915.0, no, outer,1,13, 40s, 4, yes, 3, 4, 2, 3, 3, 3, yes
gamee1456ed4ab00ec02.log,19,0,0,0,1,0,0,0,0,0,0,0,0,1,0,0,0,1,0,0,0,2,0,0,0,0,0,0,0,0,0,1,1,0,0,1,1,0,0,0,0,0,0,1,0,0,0,0,0,0,0,2,1,1,1,0,11,2.2,2,1,1,0,1,12,2.4,1b17ab93ed1184b4, outer,4892,13,1491705849.0, no, full,3,8, 40s, 4, yes, 2, 2, 1, 4, 4, 3, yes
gamee18d59224165954c.log,14,0,0,1,0,0,0,0,0,0,0,0,0,0,0,0,1,0,1,0,0,0,1,1,0,0,0,2,0,0,0,0,0,1,0,0,1,1,0,0,0,0,0,0,0,0,0,0,0,0,0,1,1,3,0,0,12,2.4,1,3,1,0,0,10,2.0,92859eb517ad4608, full,1049,8,1489881471.0, no, outer,3,8, 20s, 4, yes, 3, 4, 2, 4, 2, 2, yes
gamee1a4d580f9894ee8.log,19,0,0,0,0,0,0,0,0,0,1,0,0,0,0,0,0,1,0,2,0,0,0,0,1,0,0,0,0,1,0,1,1,0,0,0,1,0,0,0,0,0,0,0,0,0,0,0,1,0,0,0,1,0,3,1,19,3.8,2,1,1,1,0,11,2.2,19dbddedf07994e2, outer,5539,6,1489921755.0, no, outer,3,8, 30s, 4, yes, 4, 4, 4, 5, 3, 3, yes
gamee1ac6f88e8105ada.log,3,0,0,0,0,0,1,0,0,0,0,0,0,0,0,0,0,0,2,1,1,0,0,0,0,0,0,0,0,0,0,0,0,1,1,0,0,1,1,0,0,0,0,0,0,0,1,0,0,0,0,1,0,2,1,1,16,3.2,1,1,2,1,0,13,2.6,6ccededecee01838, full,126,18,1490075319.0, no, intentional,2,18, , , , , , , , , , yes
gamee1b4ae2c12965960.log,13,0,1,0,0,0,0,0,0,1,0,0,1,0,1,0,0,0,0,0,1,0,0,0,0,0,0,0,1,0,1,0,0,0,0,0,1,0,0,0,1,0,0,0,0,0,0,0,0,0,1,0,2,0,2,1,17,3.4,1,0,1,0,3,19,3.8,ca0922b34e670338, intentional,1979,4,1491846359.0, no, outer,1,13, 40s, 4, yes, 3, 4, 2, 3, 3, 3, yes
gamee1e3530c5dc3c6b2.log,4,1,0,0,1,0,1,0,0,0,0,1,0,0,0,0,0,0,1,0,0,0,0,0,0,0,0,0,0,0,0,1,0,0,0,1,0,0,0,0,0,0,0,0,0,0,0,1,1,1,0,3,0,1,1,0,10,2.0,1,1,1,1,1,15,3.0,a97d787230c8bf9f, outer,3,16,1491162835.0, yes, outer,3,16, 30s, 4, yes, 4, 4, 3, 3, 2, 3, yes
gamee1ecda27d9864fca.log,19,1,0,1,0,1,0,0,1,0,0,1,0,0,0,0,0,0,0,0,0,0,0,0,0,0,0,1,0,0,0,0,0,0,0,0,0,0,1,0,1,1,0,0,0,0,1,0,0,0,0,2,0,2,0,1,13,2.6,2,1,1,0,1,12,2.4,8a6febcf85c544d4, full,5881,21,1489998599.0, no, intentional,5,20, , , , , , , , , , yes
gamee1f55c1530623afb.log,2,1,0,0,0,0,0,0,1,0,0,1,0,0,0,0,0,0,0,1,0,0,0,0,1,0,0,1,0,0,0,1,1,0,0,1,0,0,0,0,0,0,0,1,0,0,0,0,0,0,0,2,0,1,2,0,13,2.6,1,2,1,0,1,13,2.6,19dbddedf07994e2, outer,2105,7,1490733523.0, no, outer,3,8, 30s, 4, yes, 4, 4, 4, 5, 3, 3, yes
gamee20ea45c1b74ce12.log,20,0,0,0,0,0,0,0,0,0,0,0,0,1,0,1,1,0,0,0,0,2,0,0,0,0,0,0,1,0,0,0,0,0,0,0,0,0,0,1,0,0,0,0,1,1,0,1,0,0,0,3,0,1,0,1,11,2.2,0,1,1,2,1,18,3.6,19dbddedf07994e2, outer,7325,8,1489827484.0, no, outer,3,8, 30s, 4, yes, 4, 4, 4, 5, 3, 3, yes
gamee215966bba4dab5a.log,20,1,0,1,0,0,0,1,0,0,0,0,0,1,1,0,0,0,0,0,0,0,0,0,0,0,1,0,0,0,0,1,0,0,1,0,0,1,0,0,0,0,0,0,0,0,1,0,0,0,0,1,1,2,1,0,13,2.6,3,1,0,1,0,9,1.8,206a8222428d1fc7, outer,6492,4,1489997561.0, no, full,1,13, 20s, 4, yes, 4, 4, 3, 2, 1, 2, yes
gamee247cf274f83e58f.log,13,0,0,0,1,0,1,1,0,0,0,0,0,0,0,0,1,0,1,0,0,0,0,0,0,0,0,0,1,0,0,0,0,0,1,1,0,0,0,0,0,1,1,0,0,0,0,0,0,0,0,2,1,1,1,0,11,2.2,1,1,1,1,1,15,3.0,ca0922b34e670338, intentional,9269,16,1491782784.0, no, outer,1,13, 40s, 4, yes, 3, 4, 2, 3, 3, 3, yes
gamee25140c554565c6e.log,12,2,0,0,0,0,1,0,0,0,0,0,0,0,0,0,0,1,1,0,0,0,0,0,0,0,0,1,0,0,0,0,1,0,0,1,0,0,1,0,0,0,0,0,1,0,0,0,0,0,0,3,1,1,0,0,8,1.6,0,2,1,1,1,16,3.2,19dbddedf07994e2, outer,6701,7,1489966600.0, no, outer,3,8, 30s, 4, yes, 4, 4, 4, 5, 3, 3, yes
gamee270ced51de289a3.log,18,0,0,0,1,0,0,1,0,0,0,0,0,0,0,1,1,0,0,0,0,0,1,0,0,0,0,1,0,0,0,1,0,0,0,0,0,0,0,0,0,0,0,1,0,1,1,0,0,0,0,1,2,0,1,1,14,2.8,2,1,1,0,1,12,2.4,19dbddedf07994e2, outer,2701,10,1489962650.0, no, outer,3,8, 30s, 4, yes, 4, 4, 4, 5, 3, 3, yes
gamee285c5a4b7f3c070.log,6,0,0,1,0,0,0,0,1,0,0,1,0,0,0,0,0,0,0,0,0,0,0,2,0,0,0,0,0,0,1,0,0,0,0,0,0,0,1,0,0,2,0,0,1,0,0,0,0,0,0,1,0,4,0,0,13,2.6,2,0,1,1,1,14,2.8,e94bf9e6daf555e4, outer,520,15,1490310028.0, no, intentional,1,14, , , , , , , , , , yes
gamee29a69a7497f30ac.log,22,0,0,0,0,0,1,1,0,0,0,0,0,1,0,0,1,0,0,0,0,0,0,0,0,1,0,0,0,0,0,1,1,1,0,0,0,0,0,0,0,0,0,1,1,0,0,0,0,0,0,2,1,1,0,1,12,2.4,1,1,2,1,0,13,2.6,9b19bf2e8fb8e2f1, outer,4702,13,1490319104.0, no, outer,2,12, 30s, 4, yes, 3, 3, 2, 4, 4, 4, yes
gamee2bcd487954e14cc.log,17,0,0,0,0,0,1,0,0,0,0,1,1,0,0,0,1,0,0,0,0,0,0,1,0,0,0,0,0,0,0,0,0,0,1,0,0,0,1,1,1,0,0,0,1,0,0,0,0,0,0,3,1,1,0,0,8,1.6,0,0,1,3,1,20,4.0,19dbddedf07994e2, intentional,3802,7,1489922881.0, no, outer,3,8, 30s, 4, yes, 4, 4, 4, 5, 3, 3, yes
gamee2c5f0cd5c483f6d.log,17,1,0,0,0,0,0,0,0,0,0,0,0,0,0,0,0,1,0,0,0,0,1,0,1,1,0,0,0,0,0,0,0,1,0,0,0,1,0,0,0,1,0,2,0,0,0,0,0,0,0,1,2,0,1,1,14,2.8,1,1,3,0,0,12,2.4,19dbddedf07994e2, full,233,10,1489918765.0, no, outer,3,8, 30s, 4, yes, 4, 4, 4, 5, 3, 3, yes
gamee2d3808140b416bd.log,13,0,0,1,0,0,1,1,0,0,0,0,0,0,1,0,0,0,0,0,0,0,0,0,1,0,0,1,0,0,0,1,0,0,0,0,0,1,0,0,0,0,0,0,0,0,0,0,1,1,0,1,1,1,2,0,14,2.8,1,2,1,1,0,12,2.4,393febb284db5d16, intentional,5,15,1490316445.0, yes, intentional,5,15, 40s, 4, yes, 4, 4, 4, 2, 2, 2, yes
gamee30e18e606e3d65e.log,17,0,0,0,0,0,0,1,0,0,0,0,0,1,0,0,0,1,0,0,0,1,0,0,0,1,0,0,0,0,0,0,0,0,0,0,0,1,1,0,0,0,0,0,0,1,2,0,0,0,0,1,2,1,0,1,13,2.6,2,1,1,0,1,12,2.4,e5bf83d96f9751cf, full,5,16,1490372756.0, yes, full,5,16, , , , , , , 2, 2, 2, yes
gamee31e8ca9f849561a.log,18,0,1,0,0,0,0,0,0,0,1,0,1,1,0,0,0,0,0,0,0,0,0,0,1,0,0,0,0,1,0,2,0,1,0,0,0,0,0,0,0,0,0,0,1,0,0,0,0,0,0,0,2,1,1,1,16,3.2,2,0,1,2,0,13,2.6,19a0a2235b345add, intentional,1,19,1490346876.0, yes, intentional,1,19, 40s, 4, yes, 2, 3, 2, 4, 3, 4, yes
gamee3343c7416f9e32c.log,15,1,0,0,0,0,0,0,0,1,0,0,0,0,2,0,0,0,0,0,0,0,0,0,0,1,1,0,0,0,0,0,0,1,0,0,0,0,0,0,0,0,0,0,0,1,1,0,1,0,0,1,0,0,3,1,18,3.6,2,0,2,0,1,13,2.6,ca0922b34e670338, intentional,4938,18,1491936457.0, no, outer,1,13, 40s, 4, yes, 3, 4, 2, 3, 3, 3, yes
gamee36f7f53a1ffc3bf.log,18,0,1,0,1,0,0,1,0,0,0,0,0,0,0,1,0,0,1,0,0,0,0,0,0,0,1,1,0,0,0,0,0,0,0,0,0,0,0,0,0,1,0,0,0,0,1,1,0,0,0,0,2,1,1,1,16,3.2,3,2,0,0,0,7,1.4,19dbddedf07994e2, intentional,9891,19,1489922262.0, no, outer,3,8, 30s, 4, yes, 4, 4, 4, 5, 3, 3, yes
gamee3752c88db0904a2.log,14,0,0,0,0,0,1,0,0,0,0,0,1,0,0,0,0,0,0,1,0,0,2,0,0,0,0,0,0,1,0,0,1,0,0,1,0,0,0,0,0,1,0,0,0,0,1,0,0,0,0,1,3,0,1,0,11,2.2,2,1,0,1,1,13,2.6,ca0922b34e670338, outer,1284,10,1491935526.0, no, outer,1,13, 40s, 4, yes, 3, 4, 2, 3, 3, 3, yes
gamee3ce79425c67d7ca.log,13,1,0,1,0,0,0,0,0,1,0,1,0,0,0,0,0,0,0,0,0,0,0,1,0,0,0,0,1,0,0,0,0,0,0,0,0,1,0,1,0,0,1,0,0,0,0,1,0,0,0,2,0,2,1,0,12,2.4,0,3,1,1,0,13,2.6,19dbddedf07994e2, full,5271,8,1489964045.0, no, outer,3,8, 30s, 4, yes, 4, 4, 4, 5, 3, 3, yes
gamee4396fbb89444bcf.log,10,0,0,0,0,0,0,1,0,0,0,2,0,0,0,0,0,0,0,0,0,0,0,1,1,0,0,1,0,0,0,0,0,1,0,0,0,0,0,0,0,0,2,0,0,0,0,0,0,1,0,2,1,1,1,0,11,2.2,0,3,1,1,0,13,2.6,da1b2cc86155f95b, full,4431,6,1490177420.0, no, intentional,4,16, 30s, 4, yes, 4, 3, 1, 4, 3, 2, yes
gamee439cc5ccc973ce3.log,12,0,0,0,0,0,0,0,0,0,0,1,1,0,0,0,0,1,0,1,0,0,0,1,0,0,0,0,0,0,0,1,0,1,0,0,0,1,0,0,0,0,0,0,1,0,0,1,0,0,0,1,2,1,1,0,12,2.4,1,2,1,1,0,12,2.4,ca0922b34e670338, intentional,3959,16,1492581364.0, no, outer,1,13, 40s, 4, yes, 3, 4, 2, 3, 3, 3, yes
gamee460144d40e0997e.log,14,0,0,1,0,0,0,0,1,0,0,0,0,1,0,0,0,0,0,1,0,0,0,1,0,0,1,0,0,1,0,0,0,1,0,0,1,0,0,0,0,0,0,0,0,0,0,0,0,1,0,0,0,4,1,0,16,3.2,2,0,1,2,0,13,2.6,ca0922b34e670338, outer,3002,3,1491752912.0, no, outer,1,13, 40s, 4, yes, 3, 4, 2, 3, 3, 3, yes
gamee467658d83395693.log,4,0,0,0,0,0,0,0,0,0,0,0,1,1,0,0,2,0,1,0,0,0,0,0,0,0,0,0,0,0,0,0,0,1,1,1,0,0,0,0,0,0,0,0,0,0,0,0,0,1,1,2,1,2,0,0,10,2.0,0,0,1,2,2,21,4.2,ca0922b34e670338, outer,1782,11,1492559320.0, no, outer,1,13, 40s, 4, yes, 3, 4, 2, 3, 3, 3, yes
gamee46ceb054dff2afd.log,15,0,1,1,0,0,0,0,0,0,0,0,0,0,0,0,1,0,0,1,0,0,0,0,1,0,1,0,1,0,0,0,0,0,0,0,2,0,0,1,0,0,0,0,0,0,0,0,0,0,0,1,1,1,2,0,14,2.8,3,0,1,1,0,10,2.0,92859eb517ad4608, full,8750,17,1489876425.0, no, outer,3,8, 20s, 4, yes, 3, 4, 2, 4, 2, 2, yes
gamee4ab2c3c3f2fcf92.log,9,0,1,2,0,0,0,1,1,0,0,0,0,0,0,0,0,0,0,0,0,0,0,0,0,0,0,0,0,0,0,1,0,0,1,0,2,0,0,0,0,0,0,0,0,0,0,0,1,0,0,0,2,3,0,0,13,2.6,3,0,1,1,0,10,2.0,4129b562fe425a0b, full,4,2,1490277271.0, yes, full,4,2, 20s, 4, yes, 4, 4, 4, 4, 1, 4, yes
gamee4aeed845f4d8275.log,5,1,0,0,1,0,1,0,0,0,0,0,0,0,0,0,0,1,0,0,0,0,0,1,0,0,0,0,0,0,0,0,1,1,0,0,1,1,0,0,0,0,0,0,0,0,0,1,0,0,0,2,1,1,1,0,11,2.2,1,3,1,0,0,10,2.0,c4e042d561d76013, intentional,7896,20,1491176313.0, no, full,4,2, na, 3, yes, 3, 4, 1, 2, 1, 3, yes
gamee4ecb7e2d46478cd.log,9,0,1,1,1,0,0,0,0,0,0,0,0,0,0,0,1,0,1,0,0,0,0,0,0,0,0,0,0,0,0,0,0,1,1,0,1,0,0,0,0,0,0,0,1,1,0,0,0,0,0,1,1,2,1,0,13,2.6,1,0,1,2,1,17,3.4,5d82cb8a155dbd34, outer,8063,7,1490303709.0, no, full,5,21, 20s, 4, yes, 3, 4, 3, 4, 5, 5, yes
gamee4f35ef77b6c9eb2.log,13,1,0,0,0,0,0,0,0,0,0,0,0,1,0,1,1,0,1,0,0,0,0,0,0,0,0,0,0,1,0,0,0,0,1,0,1,0,0,0,0,0,0,0,0,0,0,1,1,0,0,2,0,2,0,1,13,2.6,1,1,1,2,0,14,2.8,4884f857be239a22, intentional,9212,16,1489702076.0, no, full,1,18, 20s, 1, no, 1, , 1, 3, 4, 5, yes
gamee53482387cf9cc39.log,4,1,0,0,0,0,0,0,0,0,0,0,0,0,0,1,0,0,0,1,0,1,0,1,0,0,0,0,0,0,0,0,0,0,0,0,0,0,1,0,0,1,0,1,1,0,1,0,0,0,0,2,0,1,1,1,14,2.8,2,0,2,1,0,12,2.4,19dbddedf07994e2, intentional,5497,10,1489964708.0, no, outer,3,8, 30s, 4, yes, 4, 4, 4, 5, 3, 3, yes
gamee55018ea31a577d3.log,15,0,0,0,1,0,1,0,0,1,0,0,0,0,0,0,1,1,0,0,0,0,0,0,0,0,0,0,0,0,1,0,0,1,1,0,0,0,0,0,0,0,0,0,1,0,1,0,0,0,0,2,1,0,2,0,12,2.4,1,0,1,2,1,17,3.4,ca0922b34e670338, full,7736,18,1491876559.0, no, outer,1,13, 40s, 4, yes, 3, 4, 2, 3, 3, 3, yes
gamee560419c82f810a9.log,19,1,1,0,0,0,0,0,0,0,0,0,1,0,0,0,0,0,0,0,1,0,0,1,0,0,0,0,0,0,0,1,0,0,0,0,1,0,1,0,0,0,0,0,0,0,0,2,0,0,0,1,2,1,0,1,13,2.6,2,2,1,0,0,9,1.8,ca0922b34e670338, outer,13,8,1492711315.0, no, outer,1,13, 40s, 4, yes, 3, 4, 2, 3, 3, 3, yes
gamee57d4ee1480efd39.log,7,0,0,1,0,0,1,0,0,0,1,0,1,0,0,0,1,0,0,0,0,0,0,0,0,0,0,0,0,0,0,1,0,0,0,0,0,0,0,0,0,1,0,0,0,0,3,0,0,0,0,2,1,1,0,1,12,2.4,5,0,0,0,0,5,1.0,92859eb517ad4608, outer,9744,6,1489878029.0, no, outer,3,8, 20s, 4, yes, 3, 4, 2, 4, 2, 2, yes
gamee58991ac803f06b1.log,12,0,0,0,0,0,0,0,0,0,0,1,0,1,0,0,0,0,1,0,1,1,0,0,0,0,0,1,0,0,1,0,0,0,1,0,0,0,0,0,0,1,0,0,0,0,0,0,1,0,0,2,0,2,0,1,13,2.6,1,1,1,1,1,15,3.0,344c73764f8f87f2, full,5,12,1490416308.0, yes, full,5,12, 30s, 4, yes, 2, 3, 2, 4, 2, 2, yes
gamee5a5b98d65419f18.log,9,0,0,0,0,0,0,0,0,1,0,1,0,0,0,1,0,1,0,0,0,1,0,0,0,0,0,0,1,1,0,0,0,0,0,0,0,0,0,0,0,0,1,0,0,1,0,1,0,0,0,2,1,0,1,1,13,2.6,0,2,1,1,1,16,3.2,e7eea88677174a0b, intentional,5,18,1490026906.0, yes, intentional,5,18, , , , , , , , , , yes
gamee5b23bd634084ebc.log,18,1,0,0,0,0,0,0,0,0,0,0,1,1,0,0,0,0,0,0,0,1,0,0,0,1,0,0,1,0,0,0,0,0,0,0,0,0,0,0,0,2,0,0,0,0,0,0,1,1,0,2,1,1,0,1,12,2.4,2,0,2,1,0,12,2.4,19dbddedf07994e2, full,4661,16,1489736803.0, no, outer,3,8, 30s, 4, yes, 4, 4, 4, 5, 3, 3, yes
gamee5b32d586f9485a9.log,12,0,0,0,0,0,0,0,1,0,0,0,1,0,0,0,0,0,0,0,1,1,0,0,1,0,0,0,1,0,0,0,0,0,0,0,0,1,0,0,0,1,0,0,2,0,0,0,0,0,0,1,1,1,1,1,15,3.0,1,1,1,2,0,14,2.8,19dbddedf07994e2, outer,6032,3,1490135891.0, no, outer,3,8, 30s, 4, yes, 4, 4, 4, 5, 3, 3, yes
gamee5d4dae6ac4a8a30.log,8,0,0,0,0,0,0,0,0,1,1,0,0,0,0,0,1,0,0,1,0,0,1,0,0,0,0,0,1,1,0,0,0,0,0,0,0,0,0,1,0,0,0,0,0,0,1,0,1,0,0,1,1,0,2,1,16,3.2,1,0,2,2,0,15,3.0,2d784fe60bc13843, intentional,9006,21,1490327521.0, no, intentional,4,12, 30s, 4, yes, 1, 1, 1, 3, 2, 4, yes
gamee5fcc2668ff78a94.log,6,1,0,0,1,0,0,0,0,1,0,1,1,0,0,0,0,0,0,0,0,0,0,0,0,0,1,1,0,0,0,0,0,0,0,0,0,0,0,1,0,0,0,0,0,0,0,1,1,0,0,2,1,0,2,0,12,2.4,1,2,1,1,0,12,2.4,19dbddedf07994e2, intentional,6305,5,1490136253.0, no, outer,3,8, 30s, 4, yes, 4, 4, 4, 5, 3, 3, yes
gamee633308d8a2353ef.log,4,1,0,0,0,0,0,0,0,0,0,1,0,1,0,0,0,0,0,0,1,0,0,1,0,0,0,0,0,0,1,0,1,0,0,0,0,0,0,0,0,0,0,0,0,0,2,1,0,0,0,2,0,2,0,1,13,2.6,2,2,0,0,1,11,2.2,7d6a88e8113679a3, intentional,2773,17,1490059821.0, no, outer,3,13, , , , , , , , , , yes
gamee634885b8fbe29ef.log,18,1,0,0,0,0,0,1,0,0,0,0,1,0,0,0,0,1,0,1,0,0,0,0,0,0,0,1,1,0,0,0,0,0,0,0,1,0,0,0,0,0,1,0,1,0,0,0,0,0,0,1,3,0,1,0,11,2.2,1,2,1,1,0,12,2.4,83f14b7437375831, intentional,2,18,1490041387.0, yes, intentional,2,18, 20s, 4, yes, 3, 3, 1, 3, 3, 2, yes
gamee64c26460f3ca327.log,12,1,0,0,0,0,0,1,0,0,1,1,0,0,0,0,1,0,0,0,0,0,0,0,0,0,0,0,0,0,0,0,0,0,1,0,1,0,1,1,0,0,0,0,0,0,0,0,0,1,0,3,1,0,0,1,10,2.0,1,0,1,3,0,16,3.2,c44580091c0ad5ad, full,1,18,1490070238.0, yes, full,1,18, 50s, 4, yes, 3, 4, 1, 4, 3, 4, yes
gamee655731600262739.log,16,1,0,0,0,0,0,0,0,0,0,1,0,0,0,0,0,0,0,0,0,0,1,0,1,1,1,0,0,0,0,0,0,0,0,0,0,1,1,0,0,0,0,0,0,1,1,0,0,0,0,2,1,0,1,1,13,2.6,2,1,1,0,1,12,2.4,82dbaca2150b72ac, intentional,3670,19,1490133775.0, no, outer,3,5, 20s, 4, yes, 4, 4, 4, 3, 2, 4, yes
gamee65bcb2b9c399378.log,7,0,0,0,1,0,1,0,0,0,0,0,0,0,0,0,0,1,1,0,0,0,0,0,0,1,0,0,0,1,0,1,1,0,0,0,1,0,0,0,0,1,0,0,0,0,0,0,0,0,0,1,1,1,1,1,15,3.0,3,1,0,1,0,9,1.8,ca0922b34e670338, outer,3166,9,1491938269.0, no, outer,1,13, 40s, 4, yes, 3, 4, 2, 3, 3, 3, yes
gamee6916ce386fb92af.log,13,1,0,0,0,0,1,0,0,0,0,0,0,0,0,0,1,0,0,0,0,0,0,0,2,0,1,0,0,0,0,0,0,0,1,0,0,2,0,0,0,0,0,0,1,0,0,0,0,0,0,3,0,0,2,0,11,2.2,1,2,0,2,0,13,2.6,206a8222428d1fc7, full,1,13,1489997441.0, yes, full,1,13, 20s, 4, yes, 4, 4, 3, 2, 1, 2, yes
gamee69360d8febd63eb.log,8,0,1,0,0,0,0,0,0,0,0,0,0,1,0,0,0,0,0,0,1,1,1,0,0,0,0,0,0,0,0,1,1,0,0,0,0,0,0,1,0,1,1,0,0,0,0,0,0,0,0,1,2,1,0,1,13,2.6,2,2,0,1,0,10,2.0,11b4d243a5de3777, outer,3871,0,1490334271.0, no, outer,3,3, 20s, 4, yes, 3, 4, 3, 5, 1, 1, yes
gamee69f7ce199f87275.log,6,0,0,0,0,0,0,0,1,0,1,2,0,0,0,0,0,0,1,0,0,0,0,0,0,0,0,0,0,0,0,0,0,0,0,0,1,0,0,2,1,1,0,0,0,0,0,0,0,0,0,2,0,2,0,1,13,2.6,2,0,0,2,1,15,3.0,0f5160401ea3925f, full,5988,18,1490057253.0, no, outer,1,9, 20s, 3, yes, 3, 3, 2, 3, 2, 2, yes
gamee6a7f02725a8112f.log,16,0,0,0,0,0,0,1,1,0,0,0,0,0,1,0,0,0,0,1,1,0,0,0,0,0,0,1,0,0,0,1,0,0,0,0,1,0,0,0,1,1,0,0,0,0,0,0,0,0,0,0,1,1,2,1,18,3.6,3,1,0,0,1,10,2.0,ca0922b34e670338, full,8429,12,1491925975.0, no, outer,1,13, 40s, 4, yes, 3, 4, 2, 3, 3, 3, yes
gamee6ac3b490925a0c9.log,4,0,0,1,0,0,0,1,0,1,0,0,0,0,0,0,1,0,0,0,0,0,0,0,0,1,0,0,0,1,0,0,1,0,0,0,1,1,0,0,0,0,0,0,0,1,0,0,0,0,0,1,1,1,1,1,15,3.0,1,2,0,1,1,14,2.8,ca0922b34e670338, intentional,3218,20,1492591528.0, no, outer,1,13, 40s, 4, yes, 3, 4, 2, 3, 3, 3, yes
gamee6d32db08daee0ba.log,3,0,0,0,1,0,0,0,0,1,0,0,1,0,0,0,1,0,0,0,1,0,0,0,0,0,0,0,1,0,1,0,0,0,0,0,0,0,1,0,0,0,1,1,0,0,0,0,0,0,0,1,1,0,2,1,16,3.2,0,1,3,0,1,16,3.2,19dbddedf07994e2, full,5267,14,1490311462.0, no, outer,3,8, 30s, 4, yes, 4, 4, 4, 5, 3, 3, yes
gamee6d913cb60793003.log,2,1,0,1,0,0,0,0,0,0,0,1,0,1,0,0,0,1,0,0,0,0,0,0,0,0,0,0,1,0,0,1,0,0,0,0,0,0,1,1,0,0,0,0,0,0,0,1,0,0,0,2,1,2,0,0,10,2.0,1,1,2,1,0,13,2.6,19dbddedf07994e2, outer,9785,4,1490732908.0, no, outer,3,8, 30s, 4, yes, 4, 4, 4, 5, 3, 3, yes
gamee6e617b84b332458.log,22,1,0,0,0,1,0,0,0,0,1,0,1,0,0,0,0,0,1,0,0,0,0,0,0,0,0,0,1,0,0,0,0,0,0,0,0,0,0,1,0,0,1,0,0,0,1,0,0,0,1,1,1,1,0,2,16,3.2,1,1,1,1,1,15,3.0,4dacd064a3248f0e, full,6286,14,1490324696.0, no, full,5,18, , , , , , , , , , yes
gamee6ea757f0ce66fd3.log,9,0,0,1,0,0,1,0,0,0,0,0,0,0,0,0,0,1,1,0,0,0,0,0,0,1,1,0,0,0,0,0,1,0,1,0,0,0,0,1,0,0,0,0,0,0,0,0,1,0,0,1,1,2,0,1,14,2.8,1,1,1,2,0,14,2.8,e5bf83d96f9751cf, outer,4488,14,1490443509.0, no, full,5,16, , , , , , , 2, 2, 2, yes
gamee6ebdc5967ce551d.log,18,0,0,0,1,0,1,0,0,0,0,0,0,0,1,0,1,0,0,0,0,0,0,0,0,1,0,0,0,0,1,0,0,0,1,0,2,0,0,0,0,0,1,0,0,0,0,0,0,0,0,2,0,0,2,1,15,3.0,2,1,0,1,1,13,2.6,2af874d749a75ec8, outer,9816,11,1490309841.0, no, outer,3,5, 20s, 4, yes, 1, 1, 1, 3, 2, 2, yes
gamee6f885b3727915d4.log,9,1,2,0,0,0,0,0,0,1,0,0,0,0,0,0,0,0,0,0,0,0,0,0,0,1,0,0,1,0,1,0,0,0,0,1,0,0,0,0,0,0,0,0,0,0,0,1,1,0,0,1,2,0,1,1,14,2.8,0,1,2,0,2,18,3.6,ca0922b34e670338, outer,1067,7,1491941377.0, no, outer,1,13, 40s, 4, yes, 3, 4, 2, 3, 3, 3, yes
gamee70b0d6a0713a67b.log,20,0,0,0,1,0,0,0,0,0,0,1,0,1,0,1,0,0,0,0,0,1,0,0,0,0,0,0,0,0,0,1,0,1,0,0,0,0,1,0,0,1,0,0,0,0,0,1,0,0,0,2,0,1,1,1,14,2.8,2,1,2,0,0,10,2.0,b42f6b3c826e14ff, outer,4087,7,1490305042.0, no, outer,3,5, 30s, 4, yes, 3, 3, 3, 3, 2, 2, yes
gamee722786504d846b8.log,10,0,0,0,0,0,1,0,0,1,0,0,0,0,0,0,0,0,0,0,0,1,1,0,1,0,1,1,1,0,0,1,0,0,0,0,0,0,0,1,0,0,0,0,0,0,0,0,0,0,0,2,1,0,2,0,12,2.4,2,1,1,1,0,11,2.2,ca0922b34e670338, intentional,8287,19,1491910165.0, no, outer,1,13, 40s, 4, yes, 3, 4, 2, 3, 3, 3, yes
gamee72e2311813583e6.log,4,0,1,1,0,0,0,0,0,0,0,0,0,0,0,0,1,0,0,1,0,0,0,0,1,0,1,0,1,0,0,0,0,0,0,0,2,0,0,1,0,0,0,0,0,0,0,0,0,0,0,1,1,1,2,0,14,2.8,3,0,1,1,0,10,2.0,2119fe68a204e42a, full,3865,21,1490317030.0, no, outer,2,4, 20s, 4, yes, 4, 4, 4, 3, 2, 4, yes
gamee754ce116045f91a.log,18,0,0,0,0,0,1,1,0,0,0,0,0,0,0,1,0,0,0,0,0,0,0,0,2,0,0,0,0,0,0,1,0,1,1,0,1,0,0,0,0,0,0,0,1,0,0,0,0,0,0,1,1,0,2,1,16,3.2,2,0,1,2,0,13,2.6,8f48cd1f7a4fa984, outer,5,7,1490299595.0, yes, outer,5,7, 20s, 4, yes, 4, 4, 2, 4, 4, 3, yes
gamee7715d4c71fcb219.log,17,0,0,0,0,0,1,0,0,0,0,1,0,0,1,0,0,0,0,1,0,0,0,1,0,0,1,0,0,0,0,0,1,0,0,0,0,0,0,0,0,0,1,0,0,0,1,0,0,0,1,2,0,1,2,0,13,2.6,2,2,0,0,1,11,2.2,19dbddedf07994e2, full,80,14,1489703504.0, no, outer,3,8, 30s, 4, yes, 4, 4, 4, 5, 3, 3, yes
gamee78abd094f6f5d73.log,14,0,0,0,0,0,0,0,0,0,0,0,0,0,0,0,0,2,0,1,0,0,1,0,1,0,0,0,0,0,1,0,0,0,1,0,2,0,0,0,0,0,0,0,0,0,1,0,0,0,0,0,3,0,2,0,14,2.8,3,0,0,1,1,12,2.4,0313454f0e513527, outer,6047,6,1490326325.0, no, outer,2,7, , , , , , , 3, 2, 4, yes
gamee7de0ac94df516dd.log,19,1,1,1,0,0,1,0,0,0,0,0,0,0,0,0,0,0,0,0,0,0,0,0,0,1,1,1,0,0,0,0,0,0,1,0,0,0,0,1,0,1,0,0,0,0,0,0,0,0,0,2,1,1,0,1,12,2.4,2,1,0,2,0,12,2.4,19dbddedf07994e2, intentional,4617,14,1490533727.0, no, outer,3,8, 30s, 4, yes, 4, 4, 4, 5, 3, 3, yes
gamee82850154e1c00ce.log,12,0,1,0,0,0,1,0,0,0,0,0,0,0,1,0,0,0,0,0,0,1,0,0,1,0,1,0,1,0,0,1,0,0,0,0,0,0,0,0,0,1,1,0,0,0,0,0,0,0,0,2,1,0,2,0,12,2.4,3,1,1,0,0,8,1.6,e55525e0b2004294, outer,3692,5,1490342218.0, no, intentional,5,19, 20s, 4, yes, 4, 4, 4, 3, 3, 3, yes
gamee840999b9804a61f.log,2,0,0,1,0,0,0,0,0,1,0,0,0,0,0,0,0,0,1,0,0,1,0,1,0,0,0,0,0,0,0,0,1,1,0,0,0,0,1,0,0,1,0,0,0,0,0,1,0,0,0,1,0,3,1,0,14,2.8,1,2,2,0,0,11,2.2,19dbddedf07994e2, outer,9949,6,1489794999.0, no, outer,3,8, 30s, 4, yes, 4, 4, 4, 5, 3, 3, yes
gamee8752c093b43899e.log,18,0,0,0,1,1,0,0,1,0,0,0,1,0,1,0,0,0,0,0,0,0,0,0,0,0,0,1,0,0,0,0,0,0,0,0,1,0,0,0,0,0,0,0,1,1,0,0,0,1,0,0,1,1,2,1,18,3.6,1,1,0,2,1,16,3.2,19dbddedf07994e2, intentional,9027,5,1490533066.0, no, outer,3,8, 30s, 4, yes, 4, 4, 4, 5, 3, 3, yes
gamee8a67bdeff7f0ff1.log,13,2,0,0,0,0,1,0,0,0,1,0,0,0,0,0,0,1,0,0,0,0,0,0,0,0,0,0,1,0,0,1,0,0,0,0,0,0,1,0,0,0,0,0,1,0,0,1,0,0,0,3,1,0,0,1,10,2.0,1,1,2,1,0,13,2.6,f58284d424b04728, outer,6085,7,1491257742.0, no, full,2,4, 20s, 4, yes, 3, 4, 1, 2, 1, 1, yes
gamee8b2214fae3d8c14.log,20,0,1,0,0,0,0,0,0,0,0,0,2,0,0,0,0,1,0,0,0,1,0,0,0,0,0,0,0,1,0,0,0,0,0,0,1,0,0,0,1,0,0,0,1,0,1,0,0,0,0,1,4,0,0,0,9,1.8,2,0,0,2,1,15,3.0,1b17ab93ed1184b4, full,7748,11,1491678709.0, no, full,3,8, 40s, 4, yes, 2, 2, 1, 4, 4, 3, yes
gamee8bd37193ca193aa.log,17,0,1,0,0,0,0,0,0,0,0,0,1,0,0,0,0,1,1,1,0,0,0,0,0,0,1,0,1,0,0,0,0,1,0,0,0,1,0,1,0,0,0,0,0,0,0,0,0,0,0,0,3,1,1,0,13,2.6,1,1,2,1,0,13,2.6,19dbddedf07994e2, intentional,3844,19,1490133883.0, no, outer,3,8, 30s, 4, yes, 4, 4, 4, 5, 3, 3, yes
gamee8e6e2e26f651039.log,16,0,0,0,0,1,0,0,0,0,0,2,0,1,0,0,1,0,0,0,0,0,0,0,0,0,1,0,0,1,0,0,1,0,0,0,0,0,0,0,0,0,0,0,0,0,0,1,0,1,0,3,0,1,0,1,11,2.2,1,2,0,2,0,13,2.6,ca0922b34e670338, intentional,3026,8,1492706144.0, no, outer,1,13, 40s, 4, yes, 3, 4, 2, 3, 3, 3, yes
gamee9402a9ba7d42b70.log,17,0,1,0,0,0,1,0,0,0,0,1,0,0,0,0,0,0,0,0,0,0,1,0,1,0,0,0,0,1,0,0,0,0,0,1,1,0,0,1,0,1,0,0,0,0,0,0,0,0,0,2,2,0,1,0,10,2.0,2,0,0,2,1,15,3.0,19dbddedf07994e2, outer,6678,1,1489703736.0, no, outer,3,8, 30s, 4, yes, 4, 4, 4, 5, 3, 3, yes
gamee94238104dd66d18.log,17,0,0,0,0,0,2,0,0,0,1,0,1,0,1,0,0,0,0,0,0,0,0,0,0,0,2,0,1,0,0,0,1,0,0,0,0,0,0,0,0,0,1,0,0,0,0,0,0,0,0,2,1,0,1,1,13,2.6,2,2,1,0,0,9,1.8,23062825a1bc28fc, outer,7370,6,1490114617.0, no, intentional,2,17, 40s, 4, yes, 4, 4, 4, 3, 1, 1, yes
gamee97663446ae99fe0.log,12,0,0,1,0,0,1,0,0,0,0,1,0,0,0,0,0,0,0,0,0,0,0,1,1,0,0,0,0,0,0,0,0,1,0,0,0,0,1,0,1,0,0,0,1,0,0,0,0,1,0,2,0,2,1,0,12,2.4,0,0,2,2,1,19,3.8,1b17ab93ed1184b4, full,3032,17,1491749959.0, no, full,3,8, 40s, 4, yes, 2, 2, 1, 4, 4, 3, yes
gamee9c7e94f702c8955.log,3,1,0,0,0,0,0,0,1,0,0,1,0,0,0,0,1,0,0,0,0,0,0,1,0,0,0,0,0,0,0,0,0,0,0,0,1,0,0,0,0,0,1,0,0,0,2,0,1,0,0,3,0,2,0,0,9,1.8,3,1,1,0,0,8,1.6,19dbddedf07994e2, intentional,2172,15,1489921714.0, no, outer,3,8, 30s, 4, yes, 4, 4, 4, 5, 3, 3, yes
gamee9cd81dbdc0f320b.log,14,0,0,1,0,1,0,0,0,0,0,0,0,0,1,0,1,0,0,0,0,0,1,0,0,0,0,1,0,0,0,0,1,0,0,0,0,0,1,0,0,1,0,0,1,0,0,0,0,0,0,1,1,1,1,1,15,3.0,1,2,1,1,0,12,2.4,19dbddedf07994e2, outer,1683,0,1490729275.0, no, outer,3,8, 30s, 4, yes, 4, 4, 4, 5, 3, 3, yes
gamee9d5a5a0f722d2a1.log,7,0,0,0,1,0,1,0,0,1,1,0,0,0,0,0,0,0,0,0,0,1,0,0,0,0,2,0,0,0,0,0,0,0,0,0,0,1,0,0,1,1,0,0,0,0,0,0,0,0,0,2,0,0,2,1,15,3.0,3,1,0,0,1,10,2.0,92859eb517ad4608, outer,1190,9,1489877244.0, no, outer,3,8, 20s, 4, yes, 3, 4, 2, 4, 2, 2, yes
gamee9f5fda46340e8c8.log,17,0,0,1,0,0,0,1,0,0,0,0,0,0,0,0,0,0,1,0,1,0,0,1,0,0,0,0,0,1,0,0,0,0,0,0,1,0,0,0,0,0,0,0,1,0,0,1,0,0,1,0,1,3,0,1,16,3.2,1,1,0,2,1,16,3.2,ca0922b34e670338, outer,6303,9,1491787891.0, no, outer,1,13, 40s, 4, yes, 3, 4, 2, 3, 3, 3, yes
gameea259c34f6940844.log,2,0,0,0,0,0,1,0,0,0,0,0,0,0,0,1,1,0,1,0,0,1,0,0,0,0,2,0,0,1,0,0,0,0,0,1,0,0,0,0,0,0,0,0,1,0,0,0,0,0,0,3,0,1,0,1,11,2.2,2,0,0,2,1,15,3.0,90c7b3288d046c3a, full,2531,10,1492732450.0, no, outer,1,5, 20s, 3, no, 1, 1, 1, 3, 3, 4, yes
gameea291613bc94014a.log,3,0,0,0,0,0,0,0,0,0,1,0,0,1,0,0,0,0,1,1,0,0,0,0,1,0,0,1,0,0,0,1,0,0,0,0,0,0,0,1,0,0,0,0,0,0,1,0,0,1,0,0,0,2,2,1,19,3.8,2,1,0,2,0,12,2.4,19dbddedf07994e2, full,4968,12,1490732450.0, no, outer,3,8, 30s, 4, yes, 4, 4, 4, 5, 3, 3, yes
gameea2aeed6696231b6.log,19,0,0,0,0,1,0,0,0,0,0,0,0,0,0,1,0,1,1,1,0,0,0,0,0,0,1,0,0,0,0,2,0,0,0,0,0,0,0,0,0,1,0,0,0,0,0,0,1,0,0,0,1,1,1,2,19,3.8,4,0,1,0,0,7,1.4,ca0922b34e670338, full,9983,20,1492706791.0, no, outer,1,13, 40s, 4, yes, 3, 4, 2, 3, 3, 3, yes
gameea31d3dfe650517d.log,10,0,0,0,0,0,0,1,0,0,0,0,1,0,0,0,0,1,0,1,1,0,0,0,0,0,1,0,0,0,0,0,0,0,1,0,0,0,0,1,0,2,0,0,0,0,0,0,0,0,0,0,3,0,1,1,15,3.0,3,0,0,2,0,11,2.2,614a406f6ac4d07d, outer,4,10,1490299291.0, yes, outer,4,10, 20s, 4, yes, 4, 4, 4, 2, 1, 1, yes
gameea31d884585c53e5.log,20,0,0,0,0,0,0,0,0,0,1,0,0,0,1,1,0,0,0,1,0,0,0,0,1,0,1,0,1,0,0,0,0,0,0,0,0,0,0,0,0,1,0,0,0,1,0,0,0,0,1,0,0,0,3,2,22,4.4,2,0,1,0,2,15,3.0,19dbddedf07994e2, outer,8101,3,1489966577.0, no, outer,3,8, 30s, 4, yes, 4, 4, 4, 5, 3, 3, yes
gameea5841c668008c98.log,15,0,0,0,0,0,0,0,0,1,0,0,0,0,1,0,0,0,0,0,1,0,2,0,0,0,0,0,0,0,1,1,0,0,0,0,1,0,0,1,1,0,0,0,0,0,0,0,0,0,0,0,2,0,2,1,17,3.4,2,0,0,1,2,16,3.2,ca0922b34e670338, outer,3198,14,1491783872.0, no, outer,1,13, 40s, 4, yes, 3, 4, 2, 3, 3, 3, yes
gameea59b793b6696e05.log,17,0,1,0,0,0,0,0,0,0,0,0,1,0,0,0,0,0,0,0,0,2,1,0,0,0,1,0,0,1,0,0,0,0,0,0,0,0,0,0,0,1,1,0,0,0,0,0,1,0,0,2,3,0,0,0,8,1.6,2,1,1,1,0,11,2.2,2119fe68a204e42a, outer,5876,4,1490323309.0, no, outer,2,4, 20s, 4, yes, 4, 4, 4, 3, 2, 4, yes
gameea66adfca7854720.log,10,0,0,1,0,0,0,2,0,1,0,0,0,0,0,0,0,0,0,1,0,0,0,0,0,0,1,0,1,1,0,0,0,1,0,0,0,1,0,0,0,0,0,0,0,0,0,0,0,0,0,0,2,1,2,0,15,3.0,1,1,2,1,0,13,2.6,1b17ab93ed1184b4, outer,6836,10,1491680389.0, no, full,3,8, 40s, 4, yes, 2, 2, 1, 4, 4, 3, yes
gameea7c83f7884a7c8b.log,14,0,0,0,0,0,1,0,0,0,0,0,1,0,0,0,0,0,1,1,0,0,1,0,0,0,1,1,1,0,0,0,0,0,0,0,0,0,0,0,1,0,0,0,1,0,0,0,0,0,0,1,2,1,1,0,12,2.4,1,1,1,1,1,15,3.0,19dbddedf07994e2, full,7654,15,1489919709.0, no, outer,3,8, 30s, 4, yes, 4, 4, 4, 5, 3, 3, yes
gameeaee69c7957c66ab.log,12,0,0,1,0,0,0,1,0,1,0,0,0,0,1,0,0,0,0,0,0,0,0,0,1,0,0,0,0,0,0,1,0,0,0,0,0,1,0,0,0,0,1,0,0,0,0,1,0,1,0,0,1,1,3,0,17,3.4,1,3,0,1,0,11,2.2,ca0922b34e670338, full,3577,20,1492709762.0, no, outer,1,13, 40s, 4, yes, 3, 4, 2, 3, 3, 3, yes
gameeb1becf62f0b5fe9.log,8,0,0,0,0,0,1,0,0,0,0,0,0,0,0,0,0,1,1,0,0,1,1,0,0,0,0,0,1,0,0,0,0,1,0,0,0,2,0,0,0,0,1,0,0,0,0,0,0,0,0,2,2,1,0,0,9,1.8,0,3,2,0,0,12,2.4,19dbddedf07994e2, intentional,7401,8,1490290602.0, no, outer,3,8, 30s, 4, yes, 4, 4, 4, 5, 3, 3, yes
gameeb22ae8dd9edc63c.log,18,0,1,1,0,0,0,0,0,0,0,0,0,1,0,0,0,0,1,0,0,0,0,0,0,1,1,1,0,0,0,0,0,0,0,0,0,0,0,0,0,0,0,0,1,0,1,1,0,0,0,0,1,3,0,1,16,3.2,2,2,0,1,0,10,2.0,ca0922b34e670338, full,9658,18,1492581169.0, no, outer,1,13, 40s, 4, yes, 3, 4, 2, 3, 3, 3, yes
gameeb30c33326e8bbfd.log,3,0,1,1,0,0,0,0,0,0,0,0,0,1,1,0,1,0,0,0,0,0,0,0,0,0,0,0,0,0,0,1,0,0,0,0,0,1,0,0,0,0,0,1,0,0,0,1,0,1,0,1,1,2,1,0,13,2.6,1,2,1,1,0,12,2.4,19dbddedf07994e2, outer,1822,9,1490133357.0, no, outer,3,8, 30s, 4, yes, 4, 4, 4, 5, 3, 3, yes
gameeb343fa957993017.log,6,0,0,0,0,0,0,1,1,0,0,1,0,1,0,0,0,1,0,0,0,0,0,0,0,0,1,1,1,0,0,0,0,0,0,1,0,0,0,0,0,0,0,0,0,0,1,0,0,0,0,1,2,2,0,0,11,2.2,2,1,1,0,1,12,2.4,768862e11a280fd0, outer,5,6,1490370002.0, yes, outer,5,6, , , , , , , , , , yes
gameeba09c1107f80ee4.log,10,1,0,0,0,0,0,0,0,0,1,1,0,0,0,0,0,0,0,1,0,0,0,0,1,0,1,0,0,0,1,1,0,0,0,0,0,0,0,0,0,1,0,1,0,0,0,0,0,0,0,2,0,0,2,1,15,3.0,3,0,1,0,1,11,2.2,cfae3ca2f65f0b94, intentional,4648,14,1490366766.0, no, intentional,1,15, , , , , , , , , , yes
gameeba3693202ef1ce4.log,14,0,1,0,0,0,1,0,0,0,0,0,0,0,0,0,0,0,0,1,0,0,0,1,1,0,0,0,0,0,1,1,0,0,0,0,1,0,0,1,0,0,0,0,0,0,1,0,0,0,0,1,1,1,2,0,14,2.8,3,0,0,1,1,12,2.4,6bbfe8d97840dd13, intentional,3,15,1492526117.0, yes, intentional,3,15, 20s, 3, no, 1, 1, 1, 3, 3, 4, yes
gameebd0a9f7e3f07206.log,4,0,0,1,0,0,0,0,1,0,0,2,0,0,0,0,0,0,0,0,0,0,0,0,1,0,0,0,0,0,0,0,0,1,0,0,1,0,0,2,0,1,0,0,0,0,0,0,0,0,0,2,0,2,1,0,12,2.4,2,0,1,2,0,13,2.6,7d6a88e8113679a3, full,1058,16,1490059362.0, no, outer,3,13, , , , , , , , , , yes
gameec16b4a555f8dbe3.log,1,0,0,0,0,0,1,0,0,0,0,0,0,1,0,1,0,1,1,0,0,0,0,0,0,0,0,1,0,0,0,0,0,0,0,0,0,0,0,0,0,0,0,1,1,0,0,1,0,0,1,1,1,2,0,1,14,2.8,0,2,1,1,1,16,3.2,768862e11a280fd0, outer,1786,5,1490370632.0, no, outer,5,6, , , , , , , , , , yes
gameec21e718237b92de.log,17,0,1,0,0,0,0,0,1,0,0,0,0,0,0,0,1,1,0,0,1,0,0,0,0,0,1,0,1,0,0,0,0,0,0,0,1,1,0,1,0,0,0,0,0,0,0,0,0,0,0,1,2,1,0,1,13,2.6,2,1,1,1,0,11,2.2,19dbddedf07994e2, outer,1927,8,1489964863.0, no, outer,3,8, 30s, 4, yes, 4, 4, 4, 5, 3, 3, yes
gameec220c81050daf5c.log,7,0,0,0,0,0,0,0,0,1,0,1,0,1,0,0,0,0,0,0,1,0,0,0,0,1,0,0,1,0,0,2,0,0,0,0,0,0,0,0,0,0,0,0,1,0,1,0,0,0,0,1,0,1,1,2,18,3.6,3,0,1,1,0,10,2.0,19dbddedf07994e2, outer,5112,1,1489739249.0, no, outer,3,8, 30s, 4, yes, 4, 4, 4, 5, 3, 3, yes
gameec4c286a12878cd0.log,21,0,0,1,0,0,0,0,0,0,1,1,1,1,0,0,0,0,0,0,0,0,0,0,0,0,0,1,1,0,1,0,0,0,0,0,0,1,0,0,0,0,0,0,0,0,1,0,0,0,0,1,1,2,0,1,14,2.8,1,2,1,0,1,13,2.6,e55525e0b2004294, outer,3974,3,1490340500.0, no, intentional,5,19, 20s, 4, yes, 4, 4, 4, 3, 3, 3, yes
gameec762a4765191ebe.log,5,0,0,0,1,0,1,0,1,0,0,0,1,0,0,0,0,0,0,0,0,0,0,0,0,1,0,0,0,1,0,0,0,0,0,0,1,0,1,0,0,0,0,0,1,0,0,0,0,1,0,1,1,1,1,1,15,3.0,1,0,1,3,0,16,3.2,d757cef7238ebbec, intentional,3,15,1490313203.0, yes, intentional,3,15, 30s, 4, yes, 4, 3, 2, 2, 2, 2, yes
gameec7984ef41617682.log,20,0,0,0,0,0,1,0,1,1,0,0,0,0,0,0,1,1,0,0,0,0,0,0,0,0,0,1,0,0,0,0,2,0,0,0,0,1,1,0,0,0,0,0,0,0,0,0,0,0,0,2,1,1,1,0,11,2.2,0,4,1,0,0,11,2.2,19dbddedf07994e2, intentional,6507,17,1489829095.0, no, outer,3,8, 30s, 4, yes, 4, 4, 4, 5, 3, 3, yes
gameec9a068712e7d79b.log,7,0,1,0,0,0,0,1,0,0,0,0,0,1,0,0,1,0,0,0,0,0,0,0,1,0,0,0,0,1,0,1,0,0,0,0,1,0,0,1,0,0,0,0,0,0,1,0,0,0,0,1,2,1,1,0,12,2.4,3,0,0,2,0,11,2.2,90c7b3288d046c3a, outer,8222,7,1492732115.0, no, outer,1,5, 20s, 3, no, 1, 1, 1, 3, 3, 4, yes
gameeca6b48aa2946893.log,13,0,0,0,0,0,0,0,0,0,1,0,0,1,0,0,0,0,0,1,1,0,1,0,0,0,1,0,0,0,0,0,0,1,0,0,0,0,0,0,0,0,0,0,0,0,1,1,0,1,0,0,1,1,1,2,19,3.8,2,1,1,1,0,11,2.2,e3f99bfa4535678e, outer,4551,13,1490338472.0, no, outer,5,4, 20s, 4, yes, 2, 4, 1, 2, 2, 3, yes
gameecad8769fa66a658.log,21,0,0,0,0,0,1,0,0,0,0,0,0,1,0,0,0,0,1,0,0,1,0,0,1,0,1,1,0,0,0,0,0,1,1,0,0,0,0,0,0,1,0,0,0,0,0,0,0,0,0,2,0,2,1,0,12,2.4,2,1,1,1,0,11,2.2,19dbddedf07994e2, outer,5770,8,1490134671.0, no, outer,3,8, 30s, 4, yes, 4, 4, 4, 5, 3, 3, yes
gameecdfa9b81968de09.log,15,0,1,1,0,0,0,0,0,0,0,0,0,0,1,0,0,0,0,0,0,1,0,1,0,0,0,0,1,1,0,0,0,0,0,0,0,0,0,0,1,0,1,0,0,0,1,0,0,0,0,1,1,2,1,0,13,2.6,1,1,1,1,1,15,3.0,1b17ab93ed1184b4, outer,1690,14,1491702898.0, no, full,3,8, 40s, 4, yes, 2, 2, 1, 4, 4, 3, yes
gameed28a13e10888df7.log,3,0,0,0,0,0,1,0,0,0,0,0,0,1,0,0,1,0,0,1,0,0,1,0,0,0,2,0,0,0,0,1,0,0,0,0,0,1,1,0,0,0,0,0,0,0,0,0,0,0,0,2,1,1,1,0,11,2.2,3,1,1,0,0,8,1.6,ca0922b34e670338, intentional,4854,18,1492723403.0, no, outer,1,13, 40s, 4, yes, 3, 4, 2, 3, 3, 3, yes
gameed7810235919c95b.log,18,0,0,0,1,0,0,0,0,1,0,0,0,0,0,0,2,1,0,0,0,0,0,0,0,0,0,0,0,0,0,2,0,0,1,0,1,0,0,0,0,0,0,0,0,0,1,0,0,0,0,2,1,0,2,0,12,2.4,4,0,0,1,0,8,1.6,19dbddedf07994e2, outer,3106,11,1490730733.0, no, outer,3,8, 30s, 4, yes, 4, 4, 4, 5, 3, 3, yes
gameedd7a31c5982b7a4.log,2,0,0,0,1,0,0,0,0,0,0,0,0,0,0,0,2,0,0,0,0,0,1,0,1,0,0,1,0,0,0,1,0,0,0,0,0,0,0,1,0,0,0,0,0,0,1,0,0,1,0,2,1,0,2,0,12,2.4,2,1,0,2,0,12,2.4,ca0922b34e670338, intentional,6092,19,1492724867.0, no, outer,1,13, 40s, 4, yes, 3, 4, 2, 3, 3, 3, yes
gameedd9e35a6fdad9aa.log,16,1,0,0,0,0,0,0,0,0,0,1,0,0,0,0,0,0,0,2,0,0,0,0,0,1,0,0,0,0,0,1,0,0,0,1,0,0,0,0,0,0,0,0,0,0,0,1,1,1,0,2,0,0,2,1,15,3.0,1,1,1,1,1,15,3.0,225448dc520d9fde, outer,5,13,1490140058.0, yes, outer,5,13, 30s, 4, yes, 4, 4, 3, 2, 2, 2, yes
gameee3f05c1def37076.log,13,0,1,0,0,0,1,1,0,0,0,0,0,0,0,0,0,1,0,1,0,0,0,0,0,0,0,1,1,0,0,0,0,0,0,0,0,0,0,0,0,0,1,2,0,0,0,0,0,0,0,1,3,0,1,0,11,2.2,0,2,3,0,0,13,2.6,19dbddedf07994e2, full,9614,19,1490723426.0, no, outer,3,8, 30s, 4, yes, 4, 4, 4, 5, 3, 3, yes
gameee90bb681d3a4e19.log,10,0,0,0,0,0,0,0,0,0,0,1,0,0,0,0,0,0,0,1,1,0,0,0,1,1,0,1,0,0,0,0,0,0,0,0,1,0,2,1,0,0,0,0,0,0,0,0,0,0,0,1,0,0,2,2,19,3.8,1,1,2,1,0,13,2.6,19dbddedf07994e2, outer,21,7,1489701617.0, no, outer,3,8, 30s, 4, yes, 4, 4, 4, 5, 3, 3, yes
gameeebd59d309b409f1.log,16,0,0,1,0,0,0,0,0,0,0,0,1,0,1,0,1,0,0,1,0,0,0,0,0,0,0,0,0,0,0,1,1,0,0,0,0,1,0,0,0,0,0,0,0,0,0,1,1,0,0,1,1,1,2,0,14,2.8,1,3,1,0,0,10,2.0,80b582ddeb40b2ce, full,5096,14,1490318109.0, no, intentional,1,18, 20s, 4, yes, 3, 4, 3, 2, 1, 1, yes
gameeee49eca7382d310.log,5,1,1,0,0,0,0,0,0,0,0,0,0,0,0,0,0,0,1,0,0,0,0,0,1,1,0,0,0,1,0,0,0,1,0,0,0,0,0,0,0,2,0,0,1,0,0,0,0,0,0,1,1,1,1,1,15,3.0,2,0,1,2,0,13,2.6,2119fe68a204e42a, full,9889,16,1490323848.0, no, outer,2,4, 20s, 4, yes, 4, 4, 4, 3, 2, 4, yes
gameeeedb355dcced39c.log,19,1,0,0,0,0,2,0,0,0,0,0,0,1,0,0,0,1,0,0,0,0,0,0,0,0,0,0,0,0,0,0,0,0,0,0,0,0,1,0,0,0,0,1,0,0,2,0,1,0,0,3,1,1,0,0,8,1.6,2,0,3,0,0,11,2.2,e55525e0b2004294, full,504,17,1490341657.0, no, intentional,5,19, 20s, 4, yes, 4, 4, 4, 3, 3, 3, yes
gameef247456dcb981d9.log,9,0,0,0,0,0,0,0,0,0,0,0,0,1,0,0,0,0,0,1,0,1,0,0,2,0,0,0,0,1,1,1,0,0,0,0,1,0,0,0,0,0,0,1,0,0,0,0,0,0,0,1,0,1,3,0,16,3.2,2,0,1,1,1,14,2.8,250d650b8522d958, full,4,8,1490364483.0, yes, full,4,8, 20s, 4, yes, 2, 4, 2, 3, 2, 2, yes
gameef3ebe680b8e4881.log,2,0,1,0,1,0,0,0,1,1,0,0,1,0,0,0,0,0,0,0,0,0,0,0,0,0,0,0,0,0,0,1,0,0,1,0,0,0,0,1,0,0,0,0,1,0,1,0,0,0,0,0,2,1,2,0,15,3.0,2,0,0,3,0,14,2.8,5cf5c2ba02ee6bb5, full,5,11,1489691640.0, yes, full,5,11, 20s, 3, no, 1, 1, 1, 4, 4, 4, yes
gameef5e82fff0ebd3a0.log,16,0,0,0,1,0,1,1,0,0,0,0,0,0,0,0,0,1,0,0,0,1,0,0,0,0,1,1,0,0,1,0,0,0,0,0,0,1,0,0,0,1,0,0,0,0,0,0,0,0,0,2,2,0,1,0,10,2.0,2,2,0,0,1,11,2.2,d32d69e3457e91ea, intentional,6548,19,1490378552.0, no, intentional,2,14, 40s, 4, yes, 2, 4, 1, 2, 2, 2, yes
gameef6cd841d23d328b.log,19,0,0,0,0,1,0,0,0,0,0,1,0,0,1,0,1,0,0,1,0,0,0,0,0,0,1,0,0,0,0,0,1,0,1,0,0,0,0,0,0,0,1,0,0,0,0,0,0,1,0,2,0,0,2,1,15,3.0,1,2,0,2,0,13,2.6,19dbddedf07994e2, full,5981,8,1490136482.0, no, outer,3,8, 30s, 4, yes, 4, 4, 4, 5, 3, 3, yes
gameef91f8b65ae007a9.log,18,0,1,1,0,0,1,0,0,0,1,0,0,0,0,0,0,0,0,0,1,0,0,0,0,0,0,0,1,0,0,0,1,0,0,0,1,0,0,0,0,0,0,0,1,0,0,0,1,0,0,1,1,1,0,2,16,3.2,1,1,2,1,0,13,2.6,da31e902dead47e8, intentional,5,15,1490308338.0, yes, intentional,5,15, 20s, 4, yes, 3, 4, 2, 3, 2, 1, yes
gameef92bb1bce0928d9.log,8,1,2,0,0,0,1,0,0,0,0,0,0,1,0,0,0,0,0,0,0,0,0,0,0,0,1,0,0,0,0,0,0,0,1,0,0,0,0,0,0,0,0,0,0,1,0,1,0,1,0,2,2,1,0,0,9,1.8,1,1,0,2,1,16,3.2,19dbddedf07994e2, outer,6835,4,1489704055.0, no, outer,3,8, 30s, 4, yes, 4, 4, 4, 5, 3, 3, yes
gameefb1ab452db90975.log,5,0,1,0,0,0,1,0,0,1,0,0,0,0,0,0,0,0,0,0,0,0,1,0,1,0,0,1,1,0,0,1,0,0,0,0,0,0,0,0,0,1,0,0,0,0,0,0,1,0,0,1,2,0,2,0,13,2.6,2,1,2,0,0,10,2.0,ca0922b34e670338, intentional,8380,10,1491876812.0, no, outer,1,13, 40s, 4, yes, 3, 4, 2, 3, 3, 3, yes
gameefc87d75a8799135.log,18,0,1,1,0,0,0,2,0,0,0,0,0,0,0,0,0,1,0,0,0,0,0,0,0,0,1,0,0,0,0,1,0,0,1,0,1,0,0,0,0,0,0,0,1,0,0,0,0,0,0,0,4,1,0,0,11,2.2,3,0,0,2,0,11,2.2,4dacd064a3248f0e, full,6482,8,1490325636.0, no, full,5,18, , , , , , , , , , yes
gameefd330277739487a.log,13,0,0,0,1,0,0,0,0,0,0,0,0,1,0,1,0,0,0,1,0,1,0,0,0,0,0,0,0,1,0,0,1,0,0,0,1,0,0,0,0,0,0,1,0,0,1,0,0,0,0,1,0,1,2,1,17,3.4,2,1,1,1,0,11,2.2,1b17ab93ed1184b4, full,519,3,1491678970.0, no, full,3,8, 40s, 4, yes, 2, 2, 1, 4, 4, 3, yes
gameefda2105fce657a8.log,18,0,0,0,1,0,0,0,0,1,0,0,0,0,0,0,0,0,0,0,0,1,0,1,0,1,0,0,0,0,0,0,2,0,0,0,1,0,0,0,0,1,0,0,0,0,0,1,0,0,0,1,0,1,2,1,17,3.4,2,3,0,0,0,8,1.6,19dbddedf07994e2, intentional,3698,5,1489827697.0, no, outer,3,8, 30s, 4, yes, 4, 4, 4, 5, 3, 3, yes
gameeffadd32881f71aa.log,5,0,0,0,0,0,1,0,1,0,0,0,0,0,1,0,0,0,0,0,0,1,0,1,0,0,1,0,1,0,0,0,0,0,0,0,0,0,1,0,1,0,0,0,0,0,0,1,0,0,0,2,0,2,1,0,12,2.4,1,1,2,0,1,14,2.8,19dbddedf07994e2, full,3012,12,1490729785.0, no, outer,3,8, 30s, 4, yes, 4, 4, 4, 5, 3, 3, yes
gamef00e3c3e97ca183f.log,18,0,0,0,0,0,0,0,1,1,0,0,0,0,0,0,0,0,1,0,0,0,2,0,0,0,0,0,0,0,0,0,1,1,0,0,0,0,0,1,0,1,1,0,0,0,0,0,0,0,0,0,2,2,1,0,14,2.8,1,2,1,1,0,12,2.4,ca0922b34e670338, intentional,4395,8,1491935751.0, no, outer,1,13, 40s, 4, yes, 3, 4, 2, 3, 3, 3, yes
gamef016554507e56a49.log,16,0,0,0,1,0,1,0,0,0,0,1,0,0,0,0,0,0,0,0,0,1,0,0,1,0,1,0,0,0,0,0,0,1,0,0,1,0,0,0,0,0,0,1,0,0,0,0,1,0,0,3,0,0,2,0,11,2.2,2,0,3,0,0,11,2.2,768862e11a280fd0, outer,814,14,1490371396.0, no, outer,5,6, , , , , , , , , , yes
gamef01bb1c75483adb5.log,3,0,0,0,2,0,0,0,0,0,0,0,0,0,1,0,0,0,0,0,0,1,0,1,0,0,1,1,0,0,0,0,1,0,0,1,0,0,0,0,0,0,1,0,0,0,0,0,0,0,0,1,0,1,3,0,16,3.2,1,3,0,0,1,12,2.4,b0241aa48c88bd1b, intentional,650,18,1490431209.0, no, full,3,11, 20s, 4, yes, 3, 3, 3, 3, 1, 1, yes
gamef04780c317480b0f.log,13,1,0,0,0,0,0,1,0,0,0,0,1,0,0,1,0,0,0,0,0,0,0,0,0,1,1,0,1,0,0,0,0,0,0,0,0,0,1,0,0,0,0,0,1,0,0,0,1,0,0,1,2,0,0,2,15,3.0,1,0,3,1,0,14,2.8,2af874d749a75ec8, full,3792,3,1490309609.0, no, outer,3,5, 20s, 4, yes, 1, 1, 1, 3, 2, 2, yes
gamef07c817216245e6e.log,8,0,0,0,0,0,0,0,0,0,0,0,0,1,1,0,0,0,1,0,1,1,0,0,0,0,0,0,0,1,0,0,1,0,0,0,0,1,0,1,0,0,1,0,0,0,0,0,0,0,0,1,0,2,1,1,16,3.2,0,3,0,2,0,14,2.8,80b582ddeb40b2ce, outer,69,12,1490320779.0, no, intentional,1,18, 20s, 4, yes, 3, 4, 3, 2, 1, 1, yes
gamef0848a2a789804a0.log,12,0,0,0,1,0,1,0,0,0,0,0,0,0,1,0,0,0,0,0,0,0,1,0,0,1,0,0,0,0,0,0,0,0,0,0,0,0,1,0,0,1,0,0,1,0,2,0,0,0,0,1,1,0,2,1,16,3.2,3,0,1,1,0,10,2.0,6ccededecee01838, outer,8578,6,1490075097.0, no, intentional,2,18, , , , , , , , , , yes
gamef08e8498b6045191.log,14,0,0,0,0,0,0,0,0,0,0,0,1,0,0,1,1,1,0,0,1,0,0,0,0,0,2,0,0,1,0,0,0,0,0,0,1,0,0,0,0,0,0,0,0,0,0,0,0,0,1,1,2,0,0,2,15,3.0,3,0,0,1,1,12,2.4,911b50e2486c6186, intentional,1216,19,1490398620.0, no, intentional,2,19, 20s, 4, yes, 2, 4, 2, 3, 2, 2, yes
gamef0bf9afd1ffd4780.log,1,0,1,0,0,0,0,1,0,0,0,0,0,0,0,1,1,0,0,0,0,1,0,0,0,0,0,0,0,0,1,0,1,1,0,0,0,0,1,0,0,0,0,1,0,0,0,0,0,0,0,2,2,0,0,1,11,2.2,0,1,3,0,1,16,3.2,ca0922b34e670338, outer,8323,6,1492715474.0, no, outer,1,13, 40s, 4, yes, 3, 4, 2, 3, 3, 3, yes
gamef0f7d922699848de.log,11,0,0,0,0,0,1,0,0,0,0,0,0,0,0,0,1,1,0,0,1,0,0,0,0,1,0,1,0,0,0,0,0,0,0,0,2,0,0,0,0,1,0,1,0,0,0,0,0,0,0,2,1,0,0,2,14,2.8,3,1,1,0,0,8,1.6,19dbddedf07994e2, outer,6351,8,1489963155.0, no, outer,3,8, 30s, 4, yes, 4, 4, 4, 5, 3, 3, yes
gamef1384b4838989002.log,12,0,1,1,0,0,0,0,0,0,0,0,0,0,0,0,1,1,0,1,0,0,0,0,0,0,0,0,0,0,0,1,1,0,0,0,0,0,0,1,0,0,0,1,1,0,0,0,0,0,0,1,2,1,1,0,12,2.4,1,1,1,2,0,14,2.8,19dbddedf07994e2, full,3644,3,1490290355.0, no, outer,3,8, 30s, 4, yes, 4, 4, 4, 5, 3, 3, yes
gamef14cb2eba95b0778.log,6,0,1,0,0,0,1,0,0,0,0,0,0,0,1,0,0,0,0,0,0,1,1,0,0,0,0,0,0,0,0,0,0,0,1,0,0,0,0,0,0,1,0,0,0,1,0,0,1,1,0,2,2,0,1,0,10,2.0,1,0,1,2,1,17,3.4,a992a1fd533fcd43, full,4,9,1490801130.0, yes, full,4,9, 30s, 4, yes, 4, 4, 3, 5, 1, 2, yes
gamef174975da2dd344e.log,20,0,0,1,0,0,0,1,0,0,1,1,0,0,0,0,0,0,1,0,0,0,0,0,0,0,1,1,0,0,0,0,0,0,0,0,0,1,0,0,0,0,1,0,1,0,0,0,0,0,0,1,1,2,0,1,14,2.8,1,3,0,1,0,11,2.2,90c7b3288d046c3a, full,1438,15,1492729724.0, no, outer,1,5, 20s, 3, no, 1, 1, 1, 3, 3, 4, yes
gamef17bb715e517872d.log,5,0,1,0,1,0,0,0,0,0,0,1,2,0,0,0,0,0,0,0,0,0,0,0,0,0,0,1,0,1,0,0,0,0,1,0,0,0,1,0,0,0,0,0,0,0,0,0,1,0,0,1,3,0,1,0,11,2.2,0,1,2,2,0,16,3.2,5d82cb8a155dbd34, intentional,5673,15,1490305655.0, no, full,5,21, 20s, 4, yes, 3, 4, 3, 4, 5, 5, yes
gamef18753f39552685e.log,5,1,0,0,0,0,0,0,0,0,0,0,1,1,0,0,0,1,0,1,0,0,0,0,0,0,1,0,1,1,1,0,0,0,0,0,0,0,0,0,0,1,0,0,0,0,0,0,0,0,0,1,2,1,1,0,12,2.4,2,0,1,1,1,14,2.8,1b17ab93ed1184b4, full,4629,15,1491726613.0, no, full,3,8, 40s, 4, yes, 2, 2, 1, 4, 4, 3, yes
gamef1ab2b082c969d5c.log,6,0,1,0,0,1,0,0,0,1,0,0,0,0,0,0,0,1,0,0,0,0,0,0,1,0,0,0,1,0,0,1,1,1,0,0,0,0,0,0,0,0,0,0,1,0,0,0,0,0,0,0,2,0,2,1,17,3.4,1,1,2,1,0,13,2.6,ca0922b34e670338, full,9887,18,1491768944.0, no, outer,1,13, 40s, 4, yes, 3, 4, 2, 3, 3, 3, yes
gamef2067c160c8dccf2.log,17,0,0,0,0,0,1,0,0,0,1,0,1,1,0,0,0,0,0,0,0,0,0,1,0,0,0,0,1,0,0,0,0,0,0,0,1,0,0,0,0,1,0,0,0,0,1,0,0,1,0,1,1,2,0,1,14,2.8,3,0,1,1,0,10,2.0,ca0922b34e670338, intentional,9963,15,1491854708.0, no, outer,1,13, 40s, 4, yes, 3, 4, 2, 3, 3, 3, yes
gamef216b2edaf17d613.log,17,0,0,0,1,0,0,0,0,1,0,0,0,0,0,0,0,0,1,0,0,0,0,0,1,1,0,0,0,0,0,0,2,0,0,0,1,0,0,0,0,0,0,0,0,0,0,1,1,0,0,0,0,1,3,1,20,4.0,1,3,1,0,0,10,2.0,ca0922b34e670338, full,2853,21,1492591688.0, no, outer,1,13, 40s, 4, yes, 3, 4, 2, 3, 3, 3, yes
gamef22f84a9e5ab3e14.log,15,0,0,0,0,0,1,0,1,1,0,0,0,1,0,0,0,0,0,0,0,1,0,0,0,0,0,0,0,0,0,0,1,0,0,1,1,0,0,0,0,0,1,0,1,0,0,0,0,0,0,2,0,2,1,0,12,2.4,1,2,0,1,1,14,2.8,ca0922b34e670338, outer,6881,6,1491843301.0, no, outer,1,13, 40s, 4, yes, 3, 4, 2, 3, 3, 3, yes
gamef23d8db7bca12f9d.log,11,0,1,0,1,1,0,0,0,1,0,0,0,0,0,0,0,0,0,0,0,0,1,0,0,0,0,0,0,0,0,0,1,0,0,1,1,0,0,0,0,0,0,0,0,0,1,0,1,0,0,0,2,0,2,1,17,3.4,2,1,1,0,1,12,2.4,19dbddedf07994e2, outer,2770,3,1489735556.0, no, outer,3,8, 30s, 4, yes, 4, 4, 4, 5, 3, 3, yes
gamef2b0608b41e08293.log,20,1,1,0,0,0,0,0,0,0,0,0,0,1,0,0,0,1,0,0,0,1,0,0,0,0,0,0,0,0,0,1,0,1,1,0,0,0,0,0,0,0,0,0,0,0,0,1,0,1,0,2,2,1,0,0,9,1.8,1,1,1,2,0,14,2.8,7c410fab0792a1a6, outer,2866,3,1490319925.0, no, full,5,4, 20s, 4, yes, 3, 3, 3, 3, 1, 1, yes
gamef2dd1fccca8abfc2.log,3,0,0,1,0,0,1,0,0,0,0,0,0,0,0,0,1,1,1,0,0,0,0,0,0,0,0,0,0,1,0,0,0,0,1,0,1,0,0,0,1,0,0,0,0,0,0,0,1,0,0,2,1,2,0,0,10,2.0,1,0,1,2,1,17,3.4,ca0922b34e670338, intentional,2553,19,1491765841.0, no, outer,1,13, 40s, 4, yes, 3, 4, 2, 3, 3, 3, yes
gamef30182c11107a274.log,12,0,0,0,0,0,0,1,0,0,0,1,0,0,0,0,0,0,1,0,0,1,0,1,0,0,0,0,1,1,0,0,1,0,0,0,0,0,0,0,0,0,0,0,1,0,0,0,0,0,1,2,1,2,0,0,10,2.0,0,1,1,2,1,18,3.6,19dbddedf07994e2, outer,820,1,1489919145.0, no, outer,3,8, 30s, 4, yes, 4, 4, 4, 5, 3, 3, yes
gamef32b6a41102d4764.log,4,0,0,0,0,1,1,0,0,0,0,1,0,0,1,0,0,0,0,1,0,0,0,0,0,0,0,0,0,0,0,1,0,1,0,0,0,0,1,0,0,2,0,0,0,0,0,0,0,0,0,2,0,0,2,1,15,3.0,3,0,2,0,0,9,1.8,19dbddedf07994e2, full,5995,21,1489796323.0, no, outer,3,8, 30s, 4, yes, 4, 4, 4, 5, 3, 3, yes
gamef33aaf2a5aff44d6.log,10,0,0,0,0,0,0,0,1,1,1,1,0,1,0,0,0,0,0,0,0,0,0,0,0,0,1,0,0,0,0,0,0,0,0,0,0,1,0,0,1,0,1,0,0,0,1,0,0,0,0,1,0,2,1,1,16,3.2,2,2,0,0,1,11,2.2,1b17ab93ed1184b4, full,8824,9,1491687354.0, no, full,3,8, 40s, 4, yes, 2, 2, 1, 4, 4, 3, yes
gamef3986be348159817.log,16,1,0,1,0,0,2,0,0,0,0,0,0,0,0,0,0,0,0,0,0,0,0,0,1,0,1,0,0,1,0,0,0,0,0,0,0,0,0,1,0,0,1,0,0,0,0,0,0,0,1,3,0,1,1,0,10,2.0,1,1,0,2,1,16,3.2,fcb0678812970909, outer,1,16,1490307384.0, yes, outer,1,16, 30s, 4, yes, 1, 1, 1, 4, 4, 4, yes
gamef3b33c7360fd1fbb.log,19,0,0,0,0,0,0,0,0,1,0,0,0,1,1,0,0,0,1,0,1,0,0,0,0,0,0,0,0,1,0,2,0,0,0,0,0,1,0,0,0,0,0,0,0,0,0,1,0,0,0,0,0,2,2,1,19,3.8,2,2,0,1,0,10,2.0,ca0922b34e670338, full,1728,16,1492723886.0, no, outer,1,13, 40s, 4, yes, 3, 4, 2, 3, 3, 3, yes
gamef3c885dc670fced5.log,11,1,0,1,0,0,0,1,0,0,0,0,0,0,0,0,0,0,0,0,0,1,0,1,0,0,2,0,0,0,0,0,0,0,0,0,0,0,0,0,0,1,1,0,0,0,0,0,0,1,0,2,1,2,0,0,10,2.0,3,1,0,1,0,9,1.8,19dbddedf07994e2, outer,3,8,1489691483.0, yes, outer,3,8, 30s, 4, yes, 4, 4, 4, 5, 3, 3, yes
gamef3ca8e3aedb48ba5.log,17,0,0,0,0,0,0,0,0,0,1,0,0,1,0,0,1,0,0,0,0,1,0,0,1,0,1,0,0,0,0,0,0,1,1,0,0,1,0,0,1,0,0,0,0,0,0,0,0,0,0,2,0,1,1,1,14,2.8,1,1,1,1,1,15,3.0,b61b6ba65fc547f3, full,5,14,1490378447.0, yes, full,5,14, 30s, 4, yes, 2, 4, 1, 3, 3, 4, yes
gamef3e4fe55cc35fcc5.log,14,0,0,0,0,0,0,0,0,0,0,0,0,1,0,0,0,1,0,0,0,1,1,1,0,0,0,0,1,0,0,0,0,2,0,0,1,0,0,0,0,0,1,0,0,0,0,0,0,0,0,1,2,2,0,0,11,2.2,1,1,3,0,0,12,2.4,ca0922b34e670338, outer,815,6,1491756116.0, no, outer,1,13, 40s, 4, yes, 3, 4, 2, 3, 3, 3, yes
gamef4047a91d7b94b21.log,8,0,0,0,0,0,0,0,0,0,1,0,1,0,1,1,0,0,0,0,0,0,0,0,1,0,0,1,0,0,0,1,0,0,0,0,1,0,0,0,0,0,1,0,0,0,0,0,0,1,0,0,1,0,2,2,20,4.0,2,2,0,1,0,10,2.0,e3f99bfa4535678e, outer,2068,9,1490343320.0, no, outer,5,4, 20s, 4, yes, 2, 4, 1, 2, 2, 3, yes
gamef46edddff9cb516b.log,16,1,0,0,0,0,0,0,0,0,0,0,1,0,0,0,0,0,0,2,0,0,1,0,0,0,0,0,0,0,0,0,0,0,1,1,0,0,0,0,0,0,0,1,0,0,0,0,1,1,0,1,2,0,2,0,13,2.6,0,0,2,2,1,19,3.8,ca0922b34e670338, outer,4792,13,1491793492.0, no, outer,1,13, 40s, 4, yes, 3, 4, 2, 3, 3, 3, yes
gamef470723ec8c60a9d.log,14,0,0,0,0,0,0,1,0,0,0,0,0,1,0,0,0,0,1,0,0,1,1,0,0,0,0,0,1,0,0,0,0,0,0,0,0,2,0,0,0,0,1,0,1,0,0,0,0,0,0,1,2,2,0,0,11,2.2,0,3,1,1,0,13,2.6,19dbddedf07994e2, full,235,1,1490730189.0, no, outer,3,8, 30s, 4, yes, 4, 4, 4, 5, 3, 3, yes
gamef475c3241ceab666.log,17,0,0,0,0,1,1,0,0,0,1,0,0,0,1,0,0,0,0,0,0,0,1,0,0,0,1,0,0,0,0,0,0,0,0,0,1,1,0,0,0,0,1,0,0,0,0,0,0,1,0,1,1,0,1,2,17,3.4,2,2,0,1,0,10,2.0,f10ef47e05746467, outer,5,9,1490307792.0, yes, outer,5,9, 30s, 4, yes, 4, 4, 3, 4, 3, 4, yes
gamef4875e3961412003.log,19,0,0,0,1,0,1,0,0,1,0,0,0,0,0,0,0,0,1,0,0,0,0,0,0,1,0,0,0,0,0,0,1,1,0,0,0,0,1,1,0,0,0,0,0,0,1,0,0,0,0,1,0,1,2,1,17,3.4,1,1,2,1,0,13,2.6,7c8a754aef23a6e3, intentional,1,3,1490268411.0, yes, intentional,1,3, 20s, 3, no, 1, 1, 1, 4, 4, 3, yes
gamef498904679bf07a3.log,5,1,0,1,0,0,0,0,0,0,0,1,0,0,0,0,0,0,0,0,0,1,0,0,1,0,0,0,0,0,0,0,0,0,0,1,0,0,0,1,0,1,1,0,1,0,0,0,0,0,0,3,0,1,1,0,10,2.0,1,1,0,2,1,16,3.2,ca0922b34e670338, full,6475,13,1492557827.0, no, outer,1,13, 40s, 4, yes, 3, 4, 2, 3, 3, 3, yes
gamef4c7084c48457ec1.log,6,0,1,0,0,0,0,0,0,0,0,0,0,1,0,0,0,1,0,0,1,1,0,0,0,0,0,0,1,0,0,1,0,1,0,0,1,0,0,1,0,0,0,0,0,0,0,0,0,0,0,1,2,1,0,1,13,2.6,2,0,2,1,0,12,2.4,19dbddedf07994e2, intentional,7654,16,1489921983.0, no, outer,3,8, 30s, 4, yes, 4, 4, 4, 5, 3, 3, yes
gamef5545195e26a1ec9.log,5,0,0,0,1,0,0,0,1,1,0,1,0,0,0,0,0,0,1,0,0,0,0,0,0,0,0,0,0,0,0,0,0,0,0,0,0,1,0,0,0,0,0,0,1,0,2,1,0,0,0,1,0,2,2,0,15,3.0,2,2,0,1,0,10,2.0,e55525e0b2004294, outer,3053,10,1490335747.0, no, intentional,5,19, 20s, 4, yes, 4, 4, 4, 3, 3, 3, yes
gamef58f0c0914fffae7.log,20,0,1,0,0,0,0,0,0,0,0,0,0,0,0,0,0,1,0,0,0,1,1,0,1,0,0,0,1,1,1,1,0,0,0,0,0,0,0,0,0,0,1,0,0,0,0,0,0,0,0,1,3,0,1,0,11,2.2,1,1,1,1,1,15,3.0,19dbddedf07994e2, outer,3499,8,1490733833.0, no, outer,3,8, 30s, 4, yes, 4, 4, 4, 5, 3, 3, yes
gamef5ce8fff4f13cd81.log,7,0,0,0,0,0,0,0,0,1,0,0,1,1,0,1,0,0,0,0,0,0,0,0,0,1,0,1,0,1,0,1,0,0,0,0,1,0,0,0,0,0,0,0,0,0,1,0,0,0,0,0,1,1,1,2,19,3.8,3,1,0,1,0,9,1.8,19dbddedf07994e2, intentional,4182,20,1489794608.0, no, outer,3,8, 30s, 4, yes, 4, 4, 4, 5, 3, 3, yes
gamef5eb31cd23b32773.log,8,0,0,0,0,0,0,0,0,1,0,1,0,0,0,0,0,0,1,0,1,0,0,1,0,0,1,0,0,0,0,0,0,0,0,0,0,1,0,0,0,0,0,0,0,0,2,0,1,0,0,1,0,2,1,1,16,3.2,3,1,1,0,0,8,1.6,1b17ab93ed1184b4, full,6242,20,1491700972.0, no, full,3,8, 40s, 4, yes, 2, 2, 1, 4, 4, 3, yes
gamef69732a945e074ca.log,15,0,0,0,0,0,0,0,1,0,0,0,0,1,0,0,2,0,0,0,0,0,0,1,0,0,0,1,0,1,0,0,0,0,1,0,1,0,0,0,0,0,0,0,0,0,0,0,0,1,0,2,0,3,0,0,11,2.2,1,1,0,3,0,15,3.0,ca0922b34e670338, full,5742,19,1491908266.0, no, outer,1,13, 40s, 4, yes, 3, 4, 2, 3, 3, 3, yes
gamef6babf7faaea926b.log,20,1,0,0,1,0,1,0,1,0,0,0,0,0,0,0,0,0,1,0,0,0,0,0,0,0,0,0,0,0,0,0,0,0,0,0,0,0,0,0,0,1,0,0,1,0,2,1,0,0,0,2,0,2,1,0,12,2.4,3,1,0,1,0,9,1.8,e55525e0b2004294, full,6014,18,1490335364.0, no, intentional,5,19, 20s, 4, yes, 4, 4, 4, 3, 3, 3, yes
gamef70496073c176056.log,13,0,0,0,1,0,0,0,0,1,0,2,0,1,0,0,0,0,0,0,0,0,0,0,0,0,1,0,0,0,0,1,0,0,0,0,0,0,0,0,0,1,0,0,0,1,1,0,0,0,0,2,0,1,2,0,13,2.6,4,0,0,0,1,9,1.8,ca0922b34e670338, outer,3205,14,1491754367.0, no, outer,1,13, 40s, 4, yes, 3, 4, 2, 3, 3, 3, yes
gamef71c8191af873c23.log,5,0,0,0,0,0,0,0,0,0,0,0,0,1,0,0,1,0,1,0,0,1,0,1,0,0,2,0,0,0,0,1,0,0,0,0,0,1,0,0,0,0,0,0,1,0,0,0,0,0,0,2,0,3,0,0,11,2.2,3,1,0,1,0,9,1.8,ca0922b34e670338, full,1938,5,1491846960.0, no, outer,1,13, 40s, 4, yes, 3, 4, 2, 3, 3, 3, yes
gamef75fbd3cfc1ccb0f.log,2,0,0,0,0,0,0,1,0,0,0,1,0,1,0,0,1,0,0,0,0,0,0,1,0,0,1,0,0,2,0,0,0,0,0,1,1,0,0,0,0,0,0,0,0,0,0,0,0,0,0,2,1,2,0,0,10,2.0,2,0,0,2,1,15,3.0,80b582ddeb40b2ce, full,9877,22,1490324312.0, no, intentional,1,18, 20s, 4, yes, 3, 4, 3, 2, 1, 1, yes
gamef77fb92b86dd2ff0.log,19,1,0,0,0,0,1,0,0,0,1,0,0,0,0,0,0,0,0,0,1,0,1,0,0,0,0,0,1,0,0,0,0,0,0,0,2,0,0,0,0,1,0,0,0,0,1,0,0,0,0,2,1,0,0,2,14,2.8,4,0,1,0,0,7,1.4,19dbddedf07994e2, full,6576,22,1490730981.0, no, outer,3,8, 30s, 4, yes, 4, 4, 4, 5, 3, 3, yes
gamef7a288f7dcbb9838.log,19,1,0,0,0,0,1,0,0,0,0,0,0,1,0,0,0,1,0,0,0,0,1,0,0,0,0,1,0,1,0,0,0,0,0,0,1,0,0,0,0,0,0,0,0,0,1,0,1,0,0,2,2,1,0,0,9,1.8,2,1,1,1,0,11,2.2,ca0922b34e670338, intentional,8568,7,1491845775.0, no, outer,1,13, 40s, 4, yes, 3, 4, 2, 3, 3, 3, yes
gamef7acb32929b46459.log,17,0,0,0,0,0,0,1,0,0,0,1,0,0,0,1,0,0,0,0,0,0,2,0,0,0,0,0,0,0,0,0,0,1,0,0,0,0,0,1,0,1,0,0,0,0,1,0,1,0,0,1,3,0,0,1,12,2.4,2,0,2,1,0,12,2.4,c6bd40b0a7053499, full,799,7,1490216956.0, no, outer,5,13, 30s, 4, yes, 3, 4, 1, 2, 2, 2, yes
gamef7adfcb2fcba0dc1.log,6,0,0,0,0,0,0,0,0,0,0,1,1,1,0,0,1,0,0,1,0,0,0,0,0,0,0,1,0,0,0,0,0,0,1,0,0,0,0,0,1,0,0,0,0,0,1,0,1,0,0,2,1,1,1,0,11,2.2,1,1,1,1,1,15,3.0,ca0922b34e670338, full,6175,19,1491760485.0, no, outer,1,13, 40s, 4, yes, 3, 4, 2, 3, 3, 3, yes
gamef7c5cfc76a946f70.log,8,0,0,0,1,0,1,0,0,0,0,0,1,0,0,0,0,1,0,0,0,0,0,1,0,0,0,0,1,0,1,0,1,0,0,0,0,0,1,0,0,1,0,0,0,0,0,0,0,0,0,1,2,1,1,0,12,2.4,1,1,2,0,1,14,2.8,2e34817554833792, full,2,17,1491217018.0, yes, full,2,17, 30s, 4, yes, 3, 4, 3, 4, 4, 5, yes
gamef7e9d0ba68f57f5f.log,18,0,1,0,0,0,0,0,0,1,1,0,0,0,0,0,0,0,0,0,0,0,1,0,1,0,0,1,0,0,0,1,0,0,0,0,0,0,0,0,0,1,0,1,0,0,1,0,0,0,0,0,2,0,2,1,17,3.4,3,1,1,0,0,8,1.6,ca0922b34e670338, intentional,2079,14,1492590142.0, no, outer,1,13, 40s, 4, yes, 3, 4, 2, 3, 3, 3, yes
gamef7eaf2d8f1e4081b.log,17,0,0,0,1,0,0,0,0,0,0,0,0,0,1,0,0,0,0,0,0,1,0,1,1,0,1,0,0,0,0,0,1,1,0,0,0,1,1,0,0,0,0,0,0,0,0,0,0,0,0,1,0,1,3,0,16,3.2,1,2,2,0,0,11,2.2,ca0922b34e670338, intentional,765,16,1492562446.0, no, outer,1,13, 40s, 4, yes, 3, 4, 2, 3, 3, 3, yes
gamef80e00949590eb1c.log,16,0,1,1,0,0,0,0,0,0,0,0,0,0,0,0,0,0,0,0,1,0,1,0,0,1,0,0,1,1,0,0,0,0,0,1,1,0,0,0,0,0,0,0,1,0,0,0,0,0,0,0,2,1,0,2,17,3.4,1,0,1,2,1,17,3.4,42f8add1fc5ae125, full,5,0,1492953718.0, yes, full,5,0, 20s, 2, yes, 1, 3, 1, 5, 3, 3, yes
gamef80e50f730dc825f.log,9,0,0,1,0,0,1,1,0,0,0,0,0,0,0,0,0,1,0,0,0,1,0,0,0,0,0,0,0,0,0,1,0,0,0,0,1,0,1,0,0,1,0,0,0,0,0,0,0,1,0,2,2,1,0,0,9,1.8,3,0,1,1,0,10,2.0,90c7b3288d046c3a, outer,1389,3,1492733207.0, no, outer,1,5, 20s, 3, no, 1, 1, 1, 3, 3, 4, yes
gamef81b8fdd19d3806e.log,19,0,0,0,0,0,0,1,0,1,0,0,0,1,0,0,0,0,1,0,0,1,0,0,0,0,0,1,1,0,0,1,0,0,0,0,0,1,0,0,0,0,0,0,0,0,0,0,0,1,0,1,1,2,1,0,13,2.6,1,2,1,1,0,12,2.4,8fef31f6e130d228, intentional,557,17,1490092334.0, no, intentional,2,16, 30s, 4, yes, 4, 4, 3, 2, 2, 2, yes
gamef8734295370aed5d.log,18,1,0,0,1,0,1,0,0,0,0,0,1,0,0,1,0,0,0,0,0,0,0,0,0,0,1,1,0,0,0,1,0,0,1,0,1,0,0,0,0,0,0,0,0,0,0,0,0,0,0,2,1,0,1,1,13,2.6,3,1,0,1,0,9,1.8,5023a56c073ba150, full,5,13,1490517691.0, yes, full,5,13, 30s, 4, yes, 2, 4, 3, 4, 3, 4, yes
gamef87f677a6e1ba6ef.log,4,0,0,0,0,0,0,1,0,0,0,1,0,0,1,0,0,0,0,0,0,1,0,1,0,0,0,0,1,1,0,0,0,0,0,0,0,2,0,0,0,0,0,1,0,0,0,0,0,0,0,2,1,1,1,0,11,2.2,0,2,2,1,0,14,2.8,1b17ab93ed1184b4, intentional,9789,14,1491709315.0, no, full,3,8, 40s, 4, yes, 2, 2, 1, 4, 4, 3, yes
gamef8888212be0fa817.log,17,0,0,0,0,1,0,0,0,0,0,0,0,0,0,0,1,0,0,0,0,1,0,1,1,0,0,0,0,0,0,0,0,0,0,0,0,0,0,1,0,1,2,1,0,0,0,0,0,0,0,2,0,1,1,1,14,2.8,1,2,1,1,0,12,2.4,19dbddedf07994e2, full,3883,4,1489963979.0, no, outer,3,8, 30s, 4, yes, 4, 4, 4, 5, 3, 3, yes
gamef926a1aeb83c4c17.log,13,0,0,0,0,0,1,0,1,1,0,0,0,0,1,0,0,0,1,0,0,0,0,0,0,0,0,1,1,0,1,0,0,0,0,0,0,0,0,0,0,1,0,0,0,0,0,0,1,0,0,1,0,2,2,0,15,3.0,1,1,2,0,1,14,2.8,67a198d323d17d4b, outer,7186,15,1490754802.0, no, full,4,4, 50s, 3, yes, 3, 4, 1, 3, 2, 3, yes
gamef9482ba1c5dff908.log,12,0,1,0,0,0,0,1,0,0,0,1,0,0,0,0,0,0,0,0,1,0,0,1,0,0,0,0,1,0,0,1,0,0,0,0,0,0,0,0,1,0,1,0,0,0,1,0,0,0,0,1,2,1,0,1,13,2.6,2,1,1,0,1,12,2.4,19dbddedf07994e2, intentional,9886,3,1490289260.0, no, outer,3,8, 30s, 4, yes, 4, 4, 4, 5, 3, 3, yes
gamef950ab1f6dd8ef2a.log,20,0,1,0,0,1,0,0,1,0,0,0,0,0,1,0,0,0,0,0,0,1,0,0,0,0,1,0,0,0,0,0,0,0,0,0,1,0,0,0,1,0,0,0,0,0,1,0,1,0,0,1,1,1,1,1,15,3.0,3,0,1,0,1,11,2.2,ca0922b34e670338, outer,4897,16,1492586894.0, no, outer,1,13, 40s, 4, yes, 3, 4, 2, 3, 3, 3, yes
gamef9701de15e69e704.log,16,0,1,0,0,0,0,0,0,0,0,1,0,0,0,1,0,0,1,0,0,0,0,0,0,1,0,0,0,1,0,0,0,1,0,0,0,1,0,0,0,1,0,0,0,0,0,1,0,0,0,1,1,1,0,2,16,3.2,1,2,1,1,0,12,2.4,80b582ddeb40b2ce, full,3543,19,1490327636.0, no, intentional,1,18, 20s, 4, yes, 3, 4, 3, 2, 1, 1, yes
gamef979e89d680a5b78.log,17,0,0,1,0,0,0,0,0,0,0,1,0,0,0,1,0,0,0,0,0,0,1,1,0,0,1,0,0,0,0,1,0,0,1,0,0,0,0,0,0,1,0,0,0,0,1,0,0,0,0,1,1,2,0,1,14,2.8,4,0,0,1,0,8,1.6,19dbddedf07994e2, outer,3277,10,1490731535.0, no, outer,3,8, 30s, 4, yes, 4, 4, 4, 5, 3, 3, yes
gamef9a2464bd0d9aa1c.log,8,0,1,0,0,0,0,0,0,0,0,0,0,0,0,0,2,0,1,0,0,0,0,0,0,1,0,0,0,0,0,1,0,0,0,0,0,0,0,1,0,0,0,0,1,0,1,1,0,0,0,2,1,1,0,1,12,2.4,2,1,0,2,0,12,2.4,4dacd064a3248f0e, outer,8838,6,1490325425.0, no, full,5,18, , , , , , , , , , yes
gamef9ba5f8e6182fe5b.log,18,0,0,0,0,0,0,0,0,1,0,0,0,0,1,1,1,0,0,1,0,0,0,0,0,0,1,1,0,0,0,1,0,0,0,0,0,0,0,0,0,0,0,0,0,0,1,0,0,1,0,1,0,0,3,1,18,3.6,3,1,0,1,0,9,1.8,ca0922b34e670338, full,2088,18,1492596661.0, no, outer,1,13, 40s, 4, yes, 3, 4, 2, 3, 3, 3, yes
gamef9ceea4e6b9b0458.log,3,1,0,0,1,0,1,0,0,0,0,1,0,0,0,0,0,0,0,0,0,0,0,0,0,1,1,0,0,0,0,0,1,1,0,0,0,0,0,0,0,0,0,0,0,0,0,1,0,1,0,3,0,0,1,1,12,2.4,1,2,1,1,0,12,2.4,7a483b4fbdf50717, outer,4622,15,1490315304.0, no, outer,4,16, 30s, 4, yes, 2, 2, 1, 4, 3, 2, yes
gamef9d50ccffaec11e8.log,17,0,0,0,0,0,0,0,0,0,0,0,0,1,1,0,0,1,0,0,0,1,0,0,1,0,2,0,0,0,0,0,1,0,0,0,1,0,0,0,1,0,0,0,0,0,0,0,0,0,0,1,1,1,2,0,14,2.8,3,1,0,0,1,10,2.0,19dbddedf07994e2, outer,3092,3,1490732600.0, no, outer,3,8, 30s, 4, yes, 4, 4, 4, 5, 3, 3, yes
gamef9d9290552811988.log,3,1,0,0,0,0,0,0,0,1,0,0,0,0,0,0,0,0,0,1,0,2,0,0,0,0,0,0,1,0,0,1,0,0,0,1,0,0,0,0,0,0,0,0,0,0,1,0,1,0,0,3,0,0,2,0,11,2.2,2,0,2,0,1,13,2.6,d2f1c88c0be4a19b, intentional,4002,18,1490126808.0, no, intentional,4,13, 30s, 4, yes, 3, 4, 1, 2, 2, 2, yes
gamef9fd786c263aecd8.log,16,0,0,0,0,0,0,0,2,0,0,1,0,0,0,0,1,1,0,0,0,0,0,0,0,0,1,0,1,0,0,1,1,0,0,0,0,0,0,0,0,0,0,0,0,1,0,0,0,0,0,2,1,2,0,0,10,2.0,2,1,1,0,1,12,2.4,19dbddedf07994e2, intentional,1610,3,1490134800.0, no, outer,3,8, 30s, 4, yes, 4, 4, 4, 5, 3, 3, yes
gamefa1ca731fe5edf88.log,17,1,0,0,0,0,1,0,0,0,0,1,0,0,0,0,0,0,1,1,0,0,0,0,0,0,0,0,0,0,1,0,0,0,0,0,0,0,0,0,0,0,0,0,0,1,1,0,0,1,1,3,0,1,1,0,10,2.0,1,0,0,1,3,20,4.0,1b17ab93ed1184b4, outer,5819,5,1491681573.0, no, full,3,8, 40s, 4, yes, 2, 2, 1, 4, 4, 3, yes
gamefa43ac17f8882f22.log,2,0,0,0,0,0,0,0,0,1,1,0,0,1,0,0,0,0,0,0,1,0,0,0,0,1,0,0,0,0,0,1,0,0,1,0,0,1,0,0,0,0,0,0,0,0,0,1,1,0,0,0,0,1,1,3,22,4.4,1,2,1,1,0,12,2.4,ca0922b34e670338, intentional,2630,16,1492595355.0, no, outer,1,13, 40s, 4, yes, 3, 4, 2, 3, 3, 3, yes
gamefa9b1962f298bf3a.log,18,1,0,1,2,0,1,0,0,0,0,0,0,0,0,0,0,0,0,0,0,0,0,0,0,0,0,0,0,0,0,0,1,0,1,0,0,0,0,0,0,0,1,0,1,0,0,0,0,0,1,2,0,1,2,0,13,2.6,0,2,0,2,1,17,3.4,19dbddedf07994e2, full,5116,8,1489691803.0, no, outer,3,8, 30s, 4, yes, 4, 4, 4, 5, 3, 3, yes
gamefaafc6b0ac194e6a.log,11,0,1,0,0,1,0,0,1,0,0,0,1,0,0,0,0,0,0,1,0,0,0,0,0,0,0,0,0,0,0,1,0,0,0,0,0,0,1,0,1,0,0,0,0,0,1,0,0,1,0,0,2,1,1,1,16,3.2,2,0,1,1,1,14,2.8,19dbddedf07994e2, outer,8289,8,1490731102.0, no, outer,3,8, 30s, 4, yes, 4, 4, 4, 5, 3, 3, yes
gamefab8facd49b47149.log,7,1,1,0,0,0,0,0,1,1,0,1,0,0,0,0,0,0,0,0,0,0,0,0,0,0,0,0,0,0,0,0,0,0,0,0,1,0,1,1,0,0,0,0,0,1,0,0,0,1,0,2,1,1,1,0,11,2.2,1,0,1,2,1,17,3.4,ca0922b34e670338, outer,3873,11,1491931700.0, no, outer,1,13, 40s, 4, yes, 3, 4, 2, 3, 3, 3, yes
gamefac3c3b7b96e6caa.log,18,1,0,0,0,0,0,0,0,0,0,0,0,0,1,1,0,0,0,0,0,1,0,1,0,0,0,1,1,0,0,1,0,0,0,0,0,1,0,0,0,0,0,0,0,0,0,0,1,0,0,2,0,1,1,1,14,2.8,1,2,2,0,0,11,2.2,ca0922b34e670338, full,5587,7,1492591375.0, no, outer,1,13, 40s, 4, yes, 3, 4, 2, 3, 3, 3, yes
gamefad6643863fc9b9e.log,13,0,0,0,1,0,0,0,0,0,0,0,1,0,0,1,0,0,2,0,0,0,0,0,0,0,1,0,2,0,0,0,0,0,0,0,0,0,0,0,0,0,0,0,2,0,0,0,0,0,0,0,1,2,1,1,17,3.4,1,0,2,2,0,15,3.0,ca0922b34e670338, outer,7325,21,1492721557.0, no, outer,1,13, 40s, 4, yes, 3, 4, 2, 3, 3, 3, yes
gamefae81d39ddebd5e8.log,14,1,0,0,1,0,0,0,0,0,0,0,1,0,0,0,1,0,0,1,0,0,0,0,0,0,0,0,1,0,0,0,0,1,0,0,0,0,0,0,0,2,1,0,0,0,0,0,0,0,0,2,1,0,2,0,12,2.4,2,1,2,0,0,10,2.0,2c99b217faca51f8, intentional,587,19,1490125883.0, no, outer,3,10, 20s, 4, yes, 4, 4, 4, 4, 2, 4, yes
gamefaedcb6666452c36.log,13,0,1,0,0,0,0,1,0,1,0,0,0,1,0,0,0,0,0,0,1,0,0,0,0,0,0,0,0,0,0,0,0,1,0,0,0,2,0,1,0,0,0,0,0,0,1,0,0,0,0,0,2,1,1,1,16,3.2,1,2,1,1,0,12,2.4,7007a1f9c84cefe6, outer,1071,7,1490311658.0, no, outer,3,11, 40s, 4, yes, 3, 4, 1, 3, 2, 2, yes
gamefaf409aa1262dffb.log,19,1,0,0,0,0,0,0,0,1,1,0,0,0,0,0,1,0,0,0,0,0,0,0,0,1,0,0,0,0,0,0,0,0,0,0,1,1,1,1,0,0,0,0,0,0,0,1,0,0,0,2,0,0,1,2,16,3.2,1,2,1,1,0,12,2.4,ca0922b34e670338, full,2939,21,1492708100.0, no, outer,1,13, 40s, 4, yes, 3, 4, 2, 3, 3, 3, yes
gamefb04a01b7a2cb799.log,7,0,0,0,0,1,0,0,0,0,0,1,0,1,0,0,0,0,0,1,0,0,0,1,0,0,1,0,0,1,0,0,0,0,1,0,1,0,0,0,0,0,0,1,0,0,0,0,0,0,0,1,0,2,1,1,16,3.2,2,0,1,2,0,13,2.6,d50a5784d54f4c76, outer,204,6,1490300475.0, no, outer,1,11, 20s, 4, yes, 3, 3, 2, 4, 2, 2, yes
gamefb2b9ce4713ad5f8.log,12,0,1,0,1,0,0,1,0,0,0,0,0,0,0,1,0,0,1,0,0,0,0,0,0,0,1,1,0,0,0,0,0,0,0,0,0,0,0,0,0,1,0,0,0,0,1,1,0,0,0,0,2,1,1,1,16,3.2,3,2,0,0,0,7,1.4,19dbddedf07994e2, outer,1546,9,1490290328.0, no, outer,3,8, 30s, 4, yes, 4, 4, 4, 5, 3, 3, yes
gamefb2e3965206c1623.log,16,0,0,0,1,0,1,0,0,0,0,1,0,0,1,0,0,0,0,0,0,0,0,1,0,0,0,0,0,0,0,0,0,1,1,0,0,0,0,0,0,1,0,0,1,0,1,0,0,0,0,2,0,1,2,0,13,2.6,2,0,1,2,0,13,2.6,19dbddedf07994e2, intentional,8047,10,1489919205.0, no, outer,3,8, 30s, 4, yes, 4, 4, 4, 5, 3, 3, yes
gamefb643c4538d8d05d.log,7,0,0,0,0,1,0,0,1,0,0,0,0,0,0,1,0,0,1,0,0,0,0,0,1,0,0,0,0,0,0,0,0,0,0,0,0,0,1,0,0,1,1,0,1,0,1,0,0,0,0,0,0,2,1,2,20,4.0,2,1,1,1,0,11,2.2,ca0922b34e670338, intentional,5237,16,1491907532.0, no, outer,1,13, 40s, 4, yes, 3, 4, 2, 3, 3, 3, yes
gamefb7863f0e0bf485f.log,1,0,0,1,0,0,0,1,0,0,0,0,1,0,0,0,0,0,2,0,0,0,0,0,0,0,0,0,0,0,0,0,0,0,0,0,0,0,1,0,0,0,0,0,1,1,0,0,1,1,0,0,2,3,0,0,13,2.6,0,0,2,2,1,19,3.8,ca0922b34e670338, outer,5031,16,1492562642.0, no, outer,1,13, 40s, 4, yes, 3, 4, 2, 3, 3, 3, yes
gamefb798a54954e23ae.log,11,1,0,0,1,0,0,0,0,0,0,0,0,0,0,0,1,1,1,0,0,0,0,0,0,0,0,0,0,0,0,0,1,0,0,0,0,0,0,0,0,0,1,0,1,1,0,1,0,0,0,2,1,1,1,0,11,2.2,0,3,0,1,1,15,3.0,19dbddedf07994e2, full,7948,20,1489706638.0, no, outer,3,8, 30s, 4, yes, 4, 4, 4, 5, 3, 3, yes
gamefbce396140d18963.log,4,0,1,0,1,0,2,0,0,0,0,0,0,0,0,0,0,0,1,0,0,0,0,0,0,0,0,0,1,0,1,0,0,0,1,0,0,1,0,0,0,0,0,0,0,1,0,0,0,0,0,2,1,1,1,0,11,2.2,0,1,1,1,2,19,3.8,ca0922b34e670338, full,2414,10,1491944909.0, no, outer,1,13, 40s, 4, yes, 3, 4, 2, 3, 3, 3, yes
gamefbd4ba0916b6901f.log,9,0,1,1,1,0,0,0,0,0,0,0,0,1,0,0,0,0,0,1,0,0,0,0,0,0,0,0,0,0,0,0,0,0,0,0,0,1,0,0,0,1,1,0,0,0,0,1,0,0,1,0,1,2,2,0,16,3.2,1,3,0,0,1,12,2.4,ca0922b34e670338, full,5697,19,1492716567.0, no, outer,1,13, 40s, 4, yes, 3, 4, 2, 3, 3, 3, yes
gamefbe1eb53d544bd19.log,17,0,0,2,0,0,0,0,0,0,0,1,0,0,0,0,0,1,0,0,0,0,0,0,1,0,0,0,0,0,0,1,0,0,0,0,0,1,0,0,1,1,0,0,0,0,1,0,0,0,0,1,1,2,1,0,13,2.6,3,1,0,0,1,10,2.0,ca0922b34e670338, full,9718,7,1491761335.0, no, outer,1,13, 40s, 4, yes, 3, 4, 2, 3, 3, 3, yes
gamefbf831ed89d2a9a8.log,20,0,1,0,0,0,1,0,0,0,0,0,0,0,2,0,0,0,0,0,0,0,0,0,1,0,1,0,0,0,0,0,0,0,1,0,0,0,0,0,0,1,0,0,0,1,0,0,0,1,0,1,1,0,3,0,15,3.0,2,0,0,2,1,15,3.0,7b2ffac3269afaa0, outer,5226,17,1490923175.0, no, outer,4,9, 50s, 3, yes, 3, 4, 1, 3, 2, 4, yes
gamefc215e281f711401.log,10,0,0,0,0,0,0,1,1,0,0,0,0,0,0,1,0,0,0,1,0,1,0,0,0,0,0,1,0,0,0,0,0,0,0,0,1,2,0,0,0,1,0,0,0,0,0,0,0,0,0,1,1,1,1,1,15,3.0,2,3,0,0,0,8,1.6,19dbddedf07994e2, full,526,1,1489921309.0, no, outer,3,8, 30s, 4, yes, 4, 4, 4, 5, 3, 3, yes
gamefc306f36d9e17b1c.log,19,1,0,0,1,0,1,0,0,0,0,0,0,0,0,0,1,0,0,0,0,1,0,0,0,0,0,1,1,0,1,0,1,0,0,0,0,0,0,0,0,0,0,0,0,0,0,0,0,1,0,4,0,0,1,0,8,1.6,0,2,1,1,1,16,3.2,3e8f905982a0ce47, outer,79,11,1490141724.0, no, full,2,11, 40s, 4, yes, 4, 4, 4, 3, 1, 1, yes
gamefc3346de547ac9d3.log,13,0,0,0,0,0,0,1,0,0,0,0,0,1,0,0,0,0,1,0,0,0,1,0,1,0,0,0,1,0,0,0,0,1,0,0,0,0,0,0,0,0,1,0,0,0,0,1,1,0,0,0,2,2,1,0,14,2.8,0,2,3,0,0,13,2.6,c4e042d561d76013, full,4,2,1491175974.0, yes, full,4,2, na, 3, yes, 3, 4, 1, 2, 1, 3, yes
gamefc517d54dc198669.log,21,0,0,0,0,0,1,0,0,0,0,0,0,0,1,0,2,0,0,0,0,0,0,0,1,0,1,0,0,0,0,0,0,1,0,0,0,0,0,0,0,1,0,0,0,0,1,0,0,0,1,3,0,0,2,0,11,2.2,3,0,1,0,1,11,2.2,19dbddedf07994e2, intentional,1595,13,1489700289.0, no, outer,3,8, 30s, 4, yes, 4, 4, 4, 5, 3, 3, yes
gamefc67d649c4c6af4d.log,17,2,0,0,0,0,0,0,1,0,0,0,0,1,0,0,0,0,0,0,1,0,0,0,0,0,0,0,1,0,0,1,0,0,0,0,0,1,0,0,0,0,1,0,0,0,0,1,0,0,0,2,0,2,0,1,13,2.6,1,3,1,0,0,10,2.0,ca0922b34e670338, outer,3991,12,1491781490.0, no, outer,1,13, 40s, 4, yes, 3, 4, 2, 3, 3, 3, yes
gamefc76d063fec0a7d6.log,15,1,0,0,0,0,1,0,0,0,0,0,0,1,0,0,0,0,0,0,1,1,0,0,0,0,0,0,0,0,0,0,1,0,0,0,0,0,0,2,0,0,0,0,0,0,0,0,1,1,0,3,0,1,0,1,11,2.2,0,1,1,3,0,17,3.4,90c7b3288d046c3a, intentional,5110,16,1492729110.0, no, outer,1,5, 20s, 3, no, 1, 1, 1, 3, 3, 4, yes
gamefc7da6703f19a13c.log,16,0,1,0,0,0,1,1,0,0,0,1,0,0,0,0,0,1,0,0,0,0,0,0,0,0,0,0,1,0,0,0,0,0,0,0,0,0,0,1,0,0,0,0,0,0,1,1,1,0,0,2,3,0,0,0,8,1.6,1,1,2,1,0,13,2.6,2119fe68a204e42a, full,7117,10,1490304817.0, no, outer,2,4, 20s, 4, yes, 4, 4, 4, 3, 2, 4, yes
gamefcbc22e3bb558de2.log,8,1,0,0,0,0,0,0,0,0,0,1,0,0,0,0,1,0,1,0,0,1,0,0,0,0,0,0,0,0,1,0,0,0,0,0,1,0,0,1,0,0,0,0,0,0,0,1,0,1,0,4,0,1,0,0,7,1.4,1,1,0,2,1,16,3.2,ca0922b34e670338, full,1347,9,1492714848.0, no, outer,1,13, 40s, 4, yes, 3, 4, 2, 3, 3, 3, yes
gamefcc9004073ab083c.log,8,0,0,0,1,0,1,0,0,0,0,0,0,0,1,0,1,0,0,0,0,1,0,0,0,0,0,0,0,0,0,0,1,0,0,0,0,0,0,0,0,0,2,0,0,0,0,1,0,1,0,3,0,0,2,0,11,2.2,0,4,0,1,0,12,2.4,e3f99bfa4535678e, intentional,7960,15,1490342533.0, no, outer,5,4, 20s, 4, yes, 2, 4, 1, 2, 2, 3, yes
gamefccf9ce58453f114.log,10,0,0,0,1,0,0,0,0,1,0,0,0,0,1,0,0,1,0,0,0,0,0,1,0,0,0,1,0,0,0,0,0,0,0,0,0,1,0,0,0,0,1,0,0,0,1,0,0,1,0,0,1,1,3,0,17,3.4,1,3,0,1,0,11,2.2,92859eb517ad4608, full,7169,17,1489877867.0, no, outer,3,8, 20s, 4, yes, 3, 4, 2, 4, 2, 2, yes
gamefcefb33adde485f3.log,13,1,0,1,0,0,0,0,1,0,0,0,1,0,0,0,1,0,0,0,0,0,0,0,0,0,1,0,0,1,0,1,0,0,0,0,0,0,0,1,0,0,0,1,0,0,0,0,0,0,0,2,1,2,0,0,10,2.0,2,0,1,2,0,13,2.6,5f60b9ee05cf73cc, intentional,8215,12,1490314841.0, no, full,2,18, 20s, 4, yes, 3, 3, 1, 4, 4, 4, yes
gamefcf33e6616dd8fc8.log,9,0,0,0,0,0,2,0,0,0,0,0,0,0,0,0,0,1,1,0,0,0,0,0,0,1,0,0,0,1,0,0,0,1,0,0,0,0,1,0,1,0,0,0,0,0,0,0,0,1,0,2,1,1,0,1,12,2.4,0,0,2,2,1,19,3.8,e55525e0b2004294, intentional,934,21,1490339410.0, no, intentional,5,19, 20s, 4, yes, 4, 4, 4, 3, 3, 3, yes
gamefd05b9c49e077286.log,8,0,1,0,1,0,0,0,0,0,0,0,0,0,0,0,0,0,0,0,1,0,1,1,0,0,1,0,0,0,0,0,1,0,0,0,0,0,1,0,0,0,0,0,1,0,1,0,0,0,0,0,2,1,1,1,16,3.2,2,1,1,1,0,11,2.2,ca0922b34e670338, full,2732,7,1492707671.0, no, outer,1,13, 40s, 4, yes, 3, 4, 2, 3, 3, 3, yes
gamefd2bb690c3411289.log,17,0,0,0,1,0,1,0,0,1,0,1,0,0,0,0,0,0,1,0,0,0,0,0,0,0,0,0,1,0,0,0,1,0,0,0,0,0,0,0,0,0,1,0,0,0,0,1,1,0,0,2,0,1,2,0,13,2.6,0,3,2,0,0,12,2.4,23062825a1bc28fc, intentional,2,17,1490112598.0, yes, intentional,2,17, 40s, 4, yes, 4, 4, 4, 3, 1, 1, yes
gamefd36ec373f63fddf.log,16,0,0,1,0,0,1,1,0,1,0,0,0,0,0,0,0,0,0,0,0,0,1,0,0,0,0,0,0,0,0,0,0,0,1,0,0,0,0,0,1,0,0,1,0,1,0,0,0,1,0,1,2,1,1,0,12,2.4,0,0,1,2,2,21,4.2,ca0922b34e670338, outer,1535,17,1491907882.0, no, outer,1,13, 40s, 4, yes, 3, 4, 2, 3, 3, 3, yes
gamefd4c5604f5cfe40a.log,20,1,0,0,0,0,1,0,1,0,0,0,0,1,0,0,1,0,0,0,0,0,0,0,0,0,0,1,0,0,0,0,0,1,0,0,0,0,0,0,1,0,0,1,0,0,1,0,0,0,0,3,0,2,0,0,9,1.8,1,1,2,0,1,14,2.8,19dbddedf07994e2, intentional,6446,17,1489737841.0, no, outer,3,8, 30s, 4, yes, 4, 4, 4, 5, 3, 3, yes
gamefd81b231dd390434.log,5,0,0,1,1,0,0,0,0,0,0,0,0,0,1,0,0,0,0,0,1,1,0,0,0,0,0,1,0,0,0,0,0,0,0,0,1,0,1,0,0,0,1,0,0,0,0,0,0,1,0,1,0,1,2,1,17,3.4,1,2,1,1,0,12,2.4,19dbddedf07994e2, full,6265,0,1490134735.0, no, outer,3,8, 30s, 4, yes, 4, 4, 4, 5, 3, 3, yes
gamefd9715a0c422a282.log,6,1,0,0,0,0,0,0,1,0,0,0,0,0,0,0,1,0,0,0,0,1,0,0,0,1,0,1,0,0,0,0,0,0,1,0,0,0,0,0,0,1,0,0,0,1,0,0,1,0,0,3,0,1,0,1,11,2.2,1,1,1,1,1,15,3.0,5f60b9ee05cf73cc, full,2009,7,1490315537.0, no, full,2,18, 20s, 4, yes, 3, 3, 1, 4, 4, 4, yes
gamefd9a57682fd9933f.log,7,1,0,0,1,0,0,0,0,0,0,0,0,1,0,0,0,0,0,1,0,1,0,0,0,0,0,1,0,0,0,1,0,2,1,0,0,0,0,0,0,0,0,0,0,0,0,0,0,0,0,2,0,1,2,0,13,2.6,1,1,2,1,0,13,2.6,ca0922b34e670338, full,7718,17,1492588577.0, no, outer,1,13, 40s, 4, yes, 3, 4, 2, 3, 3, 3, yes
gamefdfa70772cc340b2.log,17,0,0,0,0,0,0,1,1,0,0,0,1,0,0,0,0,0,0,0,0,1,0,1,0,0,0,0,0,0,0,0,0,0,1,0,1,0,1,0,0,0,0,1,0,0,0,0,1,0,0,1,2,2,0,0,11,2.2,1,0,3,1,0,14,2.8,ca0922b34e670338, outer,3606,19,1492580448.0, no, outer,1,13, 40s, 4, yes, 3, 4, 2, 3, 3, 3, yes
gamefe62628668f0bf8f.log,18,0,0,0,0,0,0,0,0,0,0,1,0,0,0,0,0,1,0,0,1,0,0,0,1,1,1,0,0,0,0,1,1,0,0,0,0,0,0,0,0,0,0,0,0,0,1,0,0,1,0,1,1,0,1,2,17,3.4,3,1,0,1,0,9,1.8,71596b62c08f2aef, intentional,1,16,1490487796.0, yes, intentional,1,16, 20s, 2, no, 3, 4, 1, 3, 1, 1, yes
gamefe627ca389fa3874.log,7,2,0,1,0,0,0,0,0,0,0,0,0,1,0,0,0,0,1,0,0,0,0,0,0,0,1,0,0,0,0,1,0,0,0,0,1,0,0,0,1,0,0,0,0,0,0,0,0,1,0,2,0,3,0,0,11,2.2,3,0,0,1,1,12,2.4,ca0922b34e670338, full,1614,14,1491782202.0, no, outer,1,13, 40s, 4, yes, 3, 4, 2, 3, 3, 3, yes
gamefe884bf6bdca2510.log,16,1,0,0,1,0,0,0,0,0,0,0,0,0,0,0,1,0,0,1,0,1,0,0,0,0,0,0,0,0,1,2,1,0,0,0,0,0,1,0,0,0,0,0,0,0,0,0,0,0,0,3,0,0,2,0,11,2.2,2,1,1,0,1,12,2.4,ca0922b34e670338, full,3907,19,1491943387.0, no, outer,1,13, 40s, 4, yes, 3, 4, 2, 3, 3, 3, yes
gamefe8f3c7951b49a40.log,14,0,0,0,0,1,0,0,1,0,0,1,0,1,0,0,0,0,0,0,0,0,0,0,1,0,1,0,0,0,0,1,0,0,0,0,0,0,0,0,0,1,0,1,0,0,0,0,1,0,0,1,0,2,1,1,16,3.2,3,0,2,0,0,9,1.8,5d3421e2ae1d7ba3, outer,1,16,1489689550.0, yes, outer,1,16, 20s, 4, no, 3, 3, 3, 3, 2, 2, yes
gamefe94fa4e7db33c13.log,2,0,0,0,1,0,0,0,0,1,0,0,0,1,0,0,0,0,0,0,0,0,1,0,1,0,0,0,0,0,0,0,0,0,0,0,1,0,0,1,0,0,1,0,0,0,0,0,1,1,0,0,1,1,3,0,17,3.4,1,1,1,2,0,14,2.8,19dbddedf07994e2, outer,3913,2,1490726087.0, no, outer,3,8, 30s, 4, yes, 4, 4, 4, 5, 3, 3, yes
gamefe996a4eea00b7d5.log,15,2,0,0,0,0,0,0,0,0,0,1,0,0,0,0,0,0,1,0,0,1,0,0,0,0,0,0,0,0,0,1,0,0,0,0,0,0,0,0,0,0,0,0,1,0,1,0,1,0,1,4,0,1,0,0,7,1.4,2,0,1,1,1,14,2.8,cac4664e95e21547, full,3855,17,1490057320.0, no, full,2,19, 20s, 3, yes, 2, 3, 2, 4, 4, 4, yes
gamefeaf367a00364516.log,7,0,0,0,0,0,0,0,0,2,0,1,0,1,0,0,1,0,0,0,0,0,0,0,0,0,0,0,0,1,1,0,0,0,0,0,0,0,0,0,0,1,0,0,0,0,1,0,1,0,0,2,0,1,2,0,13,2.6,2,0,1,1,1,14,2.8,ca0922b34e670338, outer,1,13,1491750849.0, yes, outer,1,13, 40s, 4, yes, 3, 4, 2, 3, 3, 3, yes
gamefeb851d6a3a14a79.log,9,0,0,0,1,0,0,0,0,0,0,0,1,0,0,0,1,0,0,0,1,0,0,0,0,1,0,0,0,1,0,0,0,1,0,0,0,0,0,0,0,0,0,1,1,0,0,0,0,1,0,1,1,0,1,2,17,3.4,0,0,2,3,0,18,3.6,92859eb517ad4608, full,5076,18,1489882287.0, no, outer,3,8, 20s, 4, yes, 3, 4, 2, 4, 2, 2, yes
gamefef829faad171d27.log,1,0,0,0,0,0,0,1,0,0,0,1,0,0,0,0,1,0,0,0,0,0,1,1,0,0,0,1,0,0,0,0,0,0,1,0,0,0,1,0,0,1,0,0,0,0,0,0,0,1,0,2,2,1,0,0,9,1.8,1,1,1,2,0,14,2.8,a992a1fd533fcd43, outer,7807,9,1490801747.0, no, full,4,9, 30s, 4, yes, 4, 4, 3, 5, 1, 2, yes
gameff1c6fcba2239bef.log,19,0,2,0,0,0,0,0,1,0,0,0,0,0,0,0,0,0,0,0,0,1,1,0,0,0,1,0,0,0,0,0,0,0,0,0,1,0,1,0,0,0,0,0,0,0,1,0,0,0,1,1,3,1,0,0,10,2.0,3,0,1,0,1,11,2.2,4dacd064a3248f0e, intentional,8135,17,1490325353.0, no, full,5,18, , , , , , , , , , yes
gameff495d18c05211df.log,14,0,0,1,0,0,0,1,0,0,0,1,0,0,0,0,0,0,0,0,1,1,0,0,0,0,0,1,0,0,0,0,0,0,0,0,0,0,0,0,0,0,1,1,0,0,0,0,2,0,0,2,1,1,0,1,12,2.4,0,2,3,0,0,13,2.6,9b19bf2e8fb8e2f1, intentional,9856,19,1490318693.0, no, outer,2,12, 30s, 4, yes, 3, 3, 2, 4, 4, 4, yes
gameff78a69a1a48bda2.log,6,0,0,0,0,1,0,0,0,0,0,0,0,0,0,0,1,0,0,1,0,1,0,0,0,1,0,0,0,0,0,0,0,0,0,0,2,0,0,1,0,0,1,0,0,0,0,0,0,1,0,2,0,0,1,2,16,3.2,2,1,0,2,0,12,2.4,19dbddedf07994e2, outer,8389,5,1489920115.0, no, outer,3,8, 30s, 4, yes, 4, 4, 4, 5, 3, 3, yes
gameff7f5397bd89a3d2.log,6,2,0,0,0,1,1,0,0,0,0,0,1,0,0,0,0,0,0,0,0,0,0,0,0,0,1,0,0,0,0,0,0,0,0,0,0,0,0,2,0,1,0,0,0,0,0,1,0,0,0,3,1,0,0,1,10,2.0,2,1,0,2,0,12,2.4,0313454f0e513527, full,1174,13,1490323507.0, no, outer,2,7, , , , , , , 3, 2, 4, yes
gameff7fdd9b2cd0e110.log,16,1,1,0,0,0,0,1,0,0,0,0,1,0,0,0,0,0,0,0,0,1,0,0,0,0,0,0,0,0,0,0,0,0,0,0,0,0,0,0,1,2,0,0,0,0,0,0,2,0,0,2,3,0,0,0,8,1.6,2,0,2,0,1,13,2.6,ca0922b34e670338, outer,186,5,1491853154.0, no, outer,1,13, 40s, 4, yes, 3, 4, 2, 3, 3, 3, yes
gameff840d8a63adea1d.log,17,0,0,0,0,0,2,1,0,0,0,1,0,0,0,0,1,0,0,0,0,0,0,0,0,0,0,0,0,0,0,1,1,0,0,0,0,0,0,0,0,0,1,0,0,0,0,1,0,0,1,4,1,0,0,0,6,1.2,1,3,0,0,1,12,2.4,19dbddedf07994e2, outer,6609,5,1489739293.0, no, outer,3,8, 30s, 4, yes, 4, 4, 4, 5, 3, 3, yes
gameffd76bbcfdea1d43.log,2,0,0,0,1,0,0,1,0,0,0,0,0,1,1,0,0,0,0,0,0,0,0,0,1,0,0,0,1,0,0,1,0,0,0,0,0,0,0,0,0,0,1,0,0,0,1,0,1,0,0,0,1,1,3,0,17,3.4,2,1,2,0,0,10,2.0,f87d30729e499d72, outer,8455,14,1491410327.0, no, full,2,9, 30s, 3, yes, 1, 1, 1, 4, 3, 4, yes
gameffd8a16ab95eee2f.log,6,1,0,0,0,1,1,0,0,0,0,0,0,0,0,0,1,0,0,1,0,0,0,0,0,0,0,1,0,0,0,0,0,0,0,0,0,1,0,0,0,0,1,0,0,1,0,0,1,0,0,3,0,0,1,1,12,2.4,0,3,1,0,1,14,2.8,19dbddedf07994e2, full,1777,13,1489828830.0, no, outer,3,8, 30s, 4, yes, 4, 4, 4, 5, 3, 3, yes
